split,condition,preprocessing,method,target,metric,value
train,positive_full_arc,train_fit,unrestricted,heldout_derivative,derivative_mse,1.6099097564830933
train,positive_full_arc,train_fit,unrestricted,heldout_derivative,derivative_r2,0.47351526076862893
train,positive_full_arc,train_fit,skew_constrained,heldout_derivative,derivative_mse,1.6183322391736066
train,positive_full_arc,train_fit,skew_constrained,heldout_derivative,derivative_r2,0.47076087743432171
train,positive_full_arc,train_fit,symmetric_constrained,heldout_derivative,derivative_mse,3.0064120108359385
train,positive_full_arc,train_fit,symmetric_constrained,heldout_derivative,derivative_r2,0.016820640304229695
validation,positive_full_arc,train_fit,unrestricted,heldout_derivative,derivative_mse,3.9776044563195456
validation,positive_full_arc,train_fit,unrestricted,heldout_derivative,derivative_r2,0.26881857477742588
validation,positive_full_arc,train_fit,skew_constrained,heldout_derivative,derivative_mse,3.9857863132607467
validation,positive_full_arc,train_fit,skew_constrained,heldout_derivative,derivative_r2,0.2673145484507935
validation,positive_full_arc,train_fit,symmetric_constrained,heldout_derivative,derivative_mse,5.3833920031743432
validation,positive_full_arc,train_fit,symmetric_constrained,heldout_derivative,derivative_r2,0.010400284734445098
test,positive_full_arc,train_fit,unrestricted,heldout_derivative,derivative_mse,2.8441829469266406
test,positive_full_arc,train_fit,unrestricted,heldout_derivative,derivative_r2,0.33808540128157394
test,positive_full_arc,train_fit,skew_constrained,heldout_derivative,derivative_mse,2.8516250621364105
test,positive_full_arc,train_fit,skew_constrained,heldout_derivative,derivative_r2,0.33635342946590219
test,positive_full_arc,train_fit,symmetric_constrained,heldout_derivative,derivative_mse,4.2425773351226459
test,positive_full_arc,train_fit,symmetric_constrained,heldout_derivative,derivative_r2,0.012643023774508433
test,positive_full_arc,train_fit,skew_plane_1,projected_trajectory,plane_occupancy,0.40005316569156663
test,positive_full_arc,train_fit,skew_plane_1,projected_trajectory,tangential_energy,10.416137109612039
test,positive_full_arc,train_fit,skew_plane_1,projected_trajectory,radial_energy,3.0243032662629772
test,positive_full_arc,train_fit,skew_plane_1,projected_trajectory,tangential_radial_energy_ratio,3.4441443838675894
test,positive_full_arc,train_fit,skew_plane_1,projected_trajectory,perpendicular_fraction_within_15deg,0.32291666666666669
test,positive_full_arc,train_fit,skew_plane_1,projected_trajectory,condition_span_mean_radians,4.7448795634072614
test,positive_full_arc,train_fit,skew_plane_1,projected_trajectory,condition_span_median_radians,4.7442635459867422
test,positive_full_arc,train_fit,skew_plane_1,projected_trajectory,condition_span_min_radians,4.6298124526437521
test,positive_full_arc,train_fit,skew_plane_1,projected_trajectory,condition_span_max_radians,4.8269661619447621
test,positive_full_arc,train_fit,skew_plane_1,projected_trajectory,signed_direction_consistency,1
test,positive_full_arc,train_fit,skew_plane_1,projected_trajectory,condition_signed_angular_rate_mean,2.0104869102416583
test,positive_full_arc,train_fit,skew_plane_1,projected_trajectory,condition_signed_angular_rate_sd,0.035084218209332739
test,positive_full_arc,train_fit,skew_plane_1,condition_0,condition_span_radians,4.7331114591578949
test,positive_full_arc,train_fit,skew_plane_1,condition_1,condition_span_radians,4.772096979750871
test,positive_full_arc,train_fit,skew_plane_1,condition_2,condition_span_radians,4.7966322229754947
test,positive_full_arc,train_fit,skew_plane_1,condition_3,condition_span_radians,4.7118901388118317
test,positive_full_arc,train_fit,skew_plane_1,condition_4,condition_span_radians,4.8269661619447621
test,positive_full_arc,train_fit,skew_plane_1,condition_5,condition_span_radians,4.6298124526437521
test,positive_full_arc,train_fit,skew_plane_1,condition_6,condition_span_radians,4.7523242470478415
test,positive_full_arc,train_fit,skew_plane_1,condition_7,condition_span_radians,4.7362028449256428
test,positive_full_arc,train_fit,skew_plane_1,skew_generator,signed_rate,1.9944260899656587
test,positive_full_arc,train_fit,skew_plane_1,skew_generator,absolute_rate,1.9944260899656587
test,positive_full_arc,train_fit,skew_plane_2,projected_trajectory,plane_occupancy,0.55164523886209194
test,positive_full_arc,train_fit,skew_plane_2,projected_trajectory,tangential_energy,4.2523002380256383
test,positive_full_arc,train_fit,skew_plane_2,projected_trajectory,radial_energy,2.5881591134260304
test,positive_full_arc,train_fit,skew_plane_2,projected_trajectory,tangential_radial_energy_ratio,1.642982541516441
test,positive_full_arc,train_fit,skew_plane_2,projected_trajectory,perpendicular_fraction_within_15deg,0.18333333333333332
test,positive_full_arc,train_fit,skew_plane_2,projected_trajectory,condition_span_mean_radians,1.6785400251990414
test,positive_full_arc,train_fit,skew_plane_2,projected_trajectory,condition_span_median_radians,1.6627334116719197
test,positive_full_arc,train_fit,skew_plane_2,projected_trajectory,condition_span_min_radians,1.6226175057630547
test,positive_full_arc,train_fit,skew_plane_2,projected_trajectory,condition_span_max_radians,1.8104520165821503
test,positive_full_arc,train_fit,skew_plane_2,projected_trajectory,signed_direction_consistency,1
test,positive_full_arc,train_fit,skew_plane_2,projected_trajectory,condition_signed_angular_rate_mean,0.72413264344880712
test,positive_full_arc,train_fit,skew_plane_2,projected_trajectory,condition_signed_angular_rate_sd,0.066467782097766909
test,positive_full_arc,train_fit,skew_plane_2,condition_0,condition_span_radians,1.8104520165821503
test,positive_full_arc,train_fit,skew_plane_2,condition_1,condition_span_radians,1.7159755382783226
test,positive_full_arc,train_fit,skew_plane_2,condition_2,condition_span_radians,1.6426439154606998
test,positive_full_arc,train_fit,skew_plane_2,condition_3,condition_span_radians,1.6711193254137318
test,positive_full_arc,train_fit,skew_plane_2,condition_4,condition_span_radians,1.6226175057630547
test,positive_full_arc,train_fit,skew_plane_2,condition_5,condition_span_radians,1.6593899594525752
test,positive_full_arc,train_fit,skew_plane_2,condition_6,condition_span_radians,1.6400450767505337
test,positive_full_arc,train_fit,skew_plane_2,condition_7,condition_span_radians,1.6660768638912642
test,positive_full_arc,train_fit,skew_plane_2,skew_generator,signed_rate,0.69989487375089021
test,positive_full_arc,train_fit,skew_plane_2,skew_generator,absolute_rate,0.69989487375089021
test,positive_full_arc,train_fit,skew_plane_1,true_positive_pca_plane_1,plane_max_angle_degrees,1.3547524788277214
test,positive_full_arc,train_fit,skew_plane_1,true_positive_pca_plane_1,plane_rms_sine_error,0.01726176479867959
test,positive_full_arc,train_fit,skew_plane_1,true_positive_pca_plane_1,plane_projector_frobenius_error,0.034523529597355204
test,positive_full_arc,train_fit,skew_plane_1,true_positive_pca_plane_1,signed_rate_error,-0.0055739100343412673
test,positive_full_arc,train_fit,skew_plane_1,true_positive_pca_plane_1,absolute_rate_error,0.0055739100343412673
test,positive_full_arc,train_fit,skew_plane_1,true_positive_pca_plane_1,relative_rate_error,0.0027869550171706337
test,positive_full_arc,train_fit,skew_plane_2,true_positive_pca_plane_2,plane_max_angle_degrees,4.7760857874880722
test,positive_full_arc,train_fit,skew_plane_2,true_positive_pca_plane_2,plane_rms_sine_error,0.071877756913738045
test,positive_full_arc,train_fit,skew_plane_2,true_positive_pca_plane_2,plane_projector_frobenius_error,0.14375551382748619
test,positive_full_arc,train_fit,skew_plane_2,true_positive_pca_plane_2,signed_rate_error,-0.00010512624910974377
test,positive_full_arc,train_fit,skew_plane_2,true_positive_pca_plane_2,absolute_rate_error,0.00010512624910974377
test,positive_full_arc,train_fit,skew_plane_2,true_positive_pca_plane_2,relative_rate_error,0.00015018035587106255
test,positive_full_arc,train_fit,fixed_plane,baseline_plane,plane_occupancy,0.62019317727515733
test,positive_full_arc,train_fit,fixed_plane,baseline_plane,tangential_energy,5.3381116535453437
test,positive_full_arc,train_fit,fixed_plane,baseline_plane,radial_energy,3.8064851314030799
test,positive_full_arc,train_fit,fixed_plane,baseline_plane,tangential_radial_energy_ratio,1.4023729160286258
test,positive_full_arc,train_fit,fixed_plane,baseline_plane,perpendicular_fraction_within_15deg,0.18333333333333332
test,positive_full_arc,train_fit,fixed_plane,baseline_plane,condition_span_mean_radians,2.1421742349654838
test,positive_full_arc,train_fit,fixed_plane,baseline_plane,condition_span_median_radians,1.8704027035905741
test,positive_full_arc,train_fit,fixed_plane,baseline_plane,condition_span_min_radians,1.4070266144529793
test,positive_full_arc,train_fit,fixed_plane,baseline_plane,condition_span_max_radians,3.9670443642979185
test,positive_full_arc,train_fit,fixed_plane,baseline_plane,signed_direction_consistency,0.875
test,positive_full_arc,train_fit,fixed_plane,baseline_plane,condition_signed_angular_rate_mean,-0.74676608451928383
test,positive_full_arc,train_fit,fixed_plane,baseline_plane,condition_signed_angular_rate_sd,0.4750526344922974
test,positive_full_arc,train_fit,fixed_plane,condition_0,condition_span_radians,2.7738039010346762
test,positive_full_arc,train_fit,fixed_plane,condition_1,condition_span_radians,2.0873502607504584
test,positive_full_arc,train_fit,fixed_plane,condition_2,condition_span_radians,1.7703332247796664
test,positive_full_arc,train_fit,fixed_plane,condition_3,condition_span_radians,3.9670443642979185
test,positive_full_arc,train_fit,fixed_plane,condition_4,condition_span_radians,1.6755788524041937
test,positive_full_arc,train_fit,fixed_plane,condition_5,condition_span_radians,1.485784479602497
test,positive_full_arc,train_fit,fixed_plane,condition_6,condition_span_radians,1.9704721824014819
test,positive_full_arc,train_fit,fixed_plane,condition_7,condition_span_radians,1.4070266144529793
test,positive_full_arc,train_fit,random_plane_0,baseline_plane,plane_occupancy,0.16826250737819293
test,positive_full_arc,train_fit,random_plane_0,baseline_plane,tangential_energy,3.9545615381495849
test,positive_full_arc,train_fit,random_plane_0,baseline_plane,radial_energy,3.2682095728222871
test,positive_full_arc,train_fit,random_plane_0,baseline_plane,tangential_radial_energy_ratio,1.2100085536236262
test,positive_full_arc,train_fit,random_plane_0,baseline_plane,perpendicular_fraction_within_15deg,0.17083333333333334
test,positive_full_arc,train_fit,random_plane_0,baseline_plane,condition_span_mean_radians,3.4867877238486611
test,positive_full_arc,train_fit,random_plane_0,baseline_plane,condition_span_median_radians,3.689252797345322
test,positive_full_arc,train_fit,random_plane_0,baseline_plane,condition_span_min_radians,0.47087574224675904
test,positive_full_arc,train_fit,random_plane_0,baseline_plane,condition_span_max_radians,5.8250968747071212
test,positive_full_arc,train_fit,random_plane_0,baseline_plane,signed_direction_consistency,0.875
test,positive_full_arc,train_fit,random_plane_0,baseline_plane,condition_signed_angular_rate_mean,0.53787072124542967
test,positive_full_arc,train_fit,random_plane_0,baseline_plane,condition_signed_angular_rate_sd,1.3553205248376667
test,positive_full_arc,train_fit,random_plane_0,condition_0,condition_span_radians,5.0426129474475641
test,positive_full_arc,train_fit,random_plane_0,condition_1,condition_span_radians,4.3209909831075155
test,positive_full_arc,train_fit,random_plane_0,condition_2,condition_span_radians,3.0575146115831284
test,positive_full_arc,train_fit,random_plane_0,condition_3,condition_span_radians,2.910374995139871
test,positive_full_arc,train_fit,random_plane_0,condition_4,condition_span_radians,5.8250968747071212
test,positive_full_arc,train_fit,random_plane_0,condition_5,condition_span_radians,0.47087574224675904
test,positive_full_arc,train_fit,random_plane_0,condition_6,condition_span_radians,1.9249968172327721
test,positive_full_arc,train_fit,random_plane_0,condition_7,condition_span_radians,4.3418388193245594
test,positive_full_arc,train_fit,random_plane_1,baseline_plane,plane_occupancy,0.41422071780455377
test,positive_full_arc,train_fit,random_plane_1,baseline_plane,tangential_energy,4.6377236518830438
test,positive_full_arc,train_fit,random_plane_1,baseline_plane,radial_energy,3.145494299927809
test,positive_full_arc,train_fit,random_plane_1,baseline_plane,tangential_radial_energy_ratio,1.4744021796477209
test,positive_full_arc,train_fit,random_plane_1,baseline_plane,perpendicular_fraction_within_15deg,0.20416666666666666
test,positive_full_arc,train_fit,random_plane_1,baseline_plane,condition_span_mean_radians,1.7864789471709459
test,positive_full_arc,train_fit,random_plane_1,baseline_plane,condition_span_median_radians,1.8030189115124675
test,positive_full_arc,train_fit,random_plane_1,baseline_plane,condition_span_min_radians,1.1625895925916776
test,positive_full_arc,train_fit,random_plane_1,baseline_plane,condition_span_max_radians,2.2762212269461202
test,positive_full_arc,train_fit,random_plane_1,baseline_plane,signed_direction_consistency,1
test,positive_full_arc,train_fit,random_plane_1,baseline_plane,condition_signed_angular_rate_mean,-0.63235561539458107
test,positive_full_arc,train_fit,random_plane_1,baseline_plane,condition_signed_angular_rate_sd,0.25383684854061589
test,positive_full_arc,train_fit,random_plane_1,condition_0,condition_span_radians,2.2762212269461202
test,positive_full_arc,train_fit,random_plane_1,condition_1,condition_span_radians,2.1960632634985258
test,positive_full_arc,train_fit,random_plane_1,condition_2,condition_span_radians,1.5493212745338256
test,positive_full_arc,train_fit,random_plane_1,condition_3,condition_span_radians,1.6815505039332379
test,positive_full_arc,train_fit,random_plane_1,condition_4,condition_span_radians,1.1625895925916776
test,positive_full_arc,train_fit,random_plane_1,condition_5,condition_span_radians,1.9244873190916971
test,positive_full_arc,train_fit,random_plane_1,condition_6,condition_span_radians,2.1693948677365711
test,positive_full_arc,train_fit,random_plane_1,condition_7,condition_span_radians,1.3322035290359109
test,positive_full_arc,train_fit,random_plane_2,baseline_plane,plane_occupancy,0.27055280550152327
test,positive_full_arc,train_fit,random_plane_2,baseline_plane,tangential_energy,4.2750606775973292
test,positive_full_arc,train_fit,random_plane_2,baseline_plane,radial_energy,5.122507407186351
test,positive_full_arc,train_fit,random_plane_2,baseline_plane,tangential_radial_energy_ratio,0.834564079224143
test,positive_full_arc,train_fit,random_plane_2,baseline_plane,perpendicular_fraction_within_15deg,0.14791666666666667
test,positive_full_arc,train_fit,random_plane_2,baseline_plane,condition_span_mean_radians,3.1734212678221807
test,positive_full_arc,train_fit,random_plane_2,baseline_plane,condition_span_median_radians,3.1188722295764322
test,positive_full_arc,train_fit,random_plane_2,baseline_plane,condition_span_min_radians,0.60003419496074972
test,positive_full_arc,train_fit,random_plane_2,baseline_plane,condition_span_max_radians,5.7259205920840053
test,positive_full_arc,train_fit,random_plane_2,baseline_plane,signed_direction_consistency,0.5
test,positive_full_arc,train_fit,random_plane_2,baseline_plane,condition_signed_angular_rate_mean,-0.75336521350212571
test,positive_full_arc,train_fit,random_plane_2,baseline_plane,condition_signed_angular_rate_sd,1.2301020768597148
test,positive_full_arc,train_fit,random_plane_2,condition_0,condition_span_radians,4.9639708766263757
test,positive_full_arc,train_fit,random_plane_2,condition_1,condition_span_radians,5.7259205920840053
test,positive_full_arc,train_fit,random_plane_2,condition_2,condition_span_radians,1.7777071576194152
test,positive_full_arc,train_fit,random_plane_2,condition_3,condition_span_radians,5.2072642204737951
test,positive_full_arc,train_fit,random_plane_2,condition_4,condition_span_radians,0.87472864166023934
test,positive_full_arc,train_fit,random_plane_2,condition_5,condition_span_radians,0.60003419496074972
test,positive_full_arc,train_fit,random_plane_2,condition_6,condition_span_radians,2.4537187739315032
test,positive_full_arc,train_fit,random_plane_2,condition_7,condition_span_radians,3.7840256852213607
test,positive_full_arc,train_fit,random_plane_3,baseline_plane,plane_occupancy,0.2855727248314755
test,positive_full_arc,train_fit,random_plane_3,baseline_plane,tangential_energy,6.1475901652774176
test,positive_full_arc,train_fit,random_plane_3,baseline_plane,radial_energy,4.05264640626336
test,positive_full_arc,train_fit,random_plane_3,baseline_plane,tangential_radial_energy_ratio,1.5169322830080425
test,positive_full_arc,train_fit,random_plane_3,baseline_plane,perpendicular_fraction_within_15deg,0.22291666666666668
test,positive_full_arc,train_fit,random_plane_3,baseline_plane,condition_span_mean_radians,3.8752670676659031
test,positive_full_arc,train_fit,random_plane_3,baseline_plane,condition_span_median_radians,4.1379412832698979
test,positive_full_arc,train_fit,random_plane_3,baseline_plane,condition_span_min_radians,0.87040456699750135
test,positive_full_arc,train_fit,random_plane_3,baseline_plane,condition_span_max_radians,5.7261459484732216
test,positive_full_arc,train_fit,random_plane_3,baseline_plane,signed_direction_consistency,0.875
test,positive_full_arc,train_fit,random_plane_3,baseline_plane,condition_signed_angular_rate_mean,1.0516886621391304
test,positive_full_arc,train_fit,random_plane_3,baseline_plane,condition_signed_angular_rate_sd,1.3605499108977839
test,positive_full_arc,train_fit,random_plane_3,condition_0,condition_span_radians,5.0440803288640232
test,positive_full_arc,train_fit,random_plane_3,condition_1,condition_span_radians,4.970796075708102
test,positive_full_arc,train_fit,random_plane_3,condition_2,condition_span_radians,3.0992236747519257
test,positive_full_arc,train_fit,random_plane_3,condition_3,condition_span_radians,4.9695429184523441
test,positive_full_arc,train_fit,random_plane_3,condition_4,condition_span_radians,0.87040456699750135
test,positive_full_arc,train_fit,random_plane_3,condition_5,condition_span_radians,3.0156033799926574
test,positive_full_arc,train_fit,random_plane_3,condition_6,condition_span_radians,5.7261459484732216
test,positive_full_arc,train_fit,random_plane_3,condition_7,condition_span_radians,3.3063396480874512
test,positive_full_arc,train_fit,random_plane_4,baseline_plane,plane_occupancy,0.17413858781439009
test,positive_full_arc,train_fit,random_plane_4,baseline_plane,tangential_energy,3.8206122860351597
test,positive_full_arc,train_fit,random_plane_4,baseline_plane,radial_energy,4.1993491448785871
test,positive_full_arc,train_fit,random_plane_4,baseline_plane,tangential_radial_energy_ratio,0.90981058116938796
test,positive_full_arc,train_fit,random_plane_4,baseline_plane,perpendicular_fraction_within_15deg,0.15208333333333332
test,positive_full_arc,train_fit,random_plane_4,baseline_plane,condition_span_mean_radians,2.8607043643581695
test,positive_full_arc,train_fit,random_plane_4,baseline_plane,condition_span_median_radians,2.7548307504333001
test,positive_full_arc,train_fit,random_plane_4,baseline_plane,condition_span_min_radians,1.2695330158498876
test,positive_full_arc,train_fit,random_plane_4,baseline_plane,condition_span_max_radians,5.6617276672642936
test,positive_full_arc,train_fit,random_plane_4,baseline_plane,signed_direction_consistency,0.75
test,positive_full_arc,train_fit,random_plane_4,baseline_plane,condition_signed_angular_rate_mean,-0.50618516090895427
test,positive_full_arc,train_fit,random_plane_4,baseline_plane,condition_signed_angular_rate_sd,0.95542723727083423
test,positive_full_arc,train_fit,random_plane_4,condition_0,condition_span_radians,2.5185514019916568
test,positive_full_arc,train_fit,random_plane_4,condition_1,condition_span_radians,2.8342670671578327
test,positive_full_arc,train_fit,random_plane_4,condition_2,condition_span_radians,1.9160501541009562
test,positive_full_arc,train_fit,random_plane_4,condition_3,condition_span_radians,5.6617276672642936
test,positive_full_arc,train_fit,random_plane_4,condition_4,condition_span_radians,1.2695330158498876
test,positive_full_arc,train_fit,random_plane_4,condition_5,condition_span_radians,2.9827672995416514
test,positive_full_arc,train_fit,random_plane_4,condition_6,condition_span_radians,3.0273438752503097
test,positive_full_arc,train_fit,random_plane_4,condition_7,condition_span_radians,2.6753944337087674
validation,positive_full_arc,independent_fit,skew_plane_1,train_validation_observed_space_stability,plane_angle_degrees,1.0214510454272594
validation,positive_full_arc,independent_fit,skew_plane_1,train_validation_observed_space_stability,signed_rate_difference,0.015303142756776911
validation,positive_full_arc,independent_fit,skew_plane_2,train_validation_observed_space_stability,plane_angle_degrees,1.3596923866821096
validation,positive_full_arc,independent_fit,skew_plane_2,train_validation_observed_space_stability,signed_rate_difference,-0.00047719876900398361
test,positive_full_arc,independent_fit,skew_plane_1,train_test_observed_space_stability,plane_angle_degrees,0.72732623125001661
test,positive_full_arc,independent_fit,skew_plane_1,train_test_observed_space_stability,signed_rate_difference,0.011377096822025479
test,positive_full_arc,independent_fit,skew_plane_2,train_test_observed_space_stability,plane_angle_degrees,1.7119695250092746
test,positive_full_arc,independent_fit,skew_plane_2,train_test_observed_space_stability,signed_rate_difference,0.00092745981452713178
train,positive_full_arc,leave_one_condition_out,skew_plane_1,held_out_condition_0,plane_angle_degrees,1.2490156196729043
train,positive_full_arc,leave_one_condition_out,skew_plane_1,held_out_condition_0,absolute_rate_change,0.0043150074942965855
train,positive_full_arc,leave_one_condition_out,skew_plane_2,held_out_condition_0,plane_angle_degrees,1.401104229647347
train,positive_full_arc,leave_one_condition_out,skew_plane_2,held_out_condition_0,absolute_rate_change,0.00012227228254391154
train,positive_full_arc,leave_one_condition_out,skew_plane_1,held_out_condition_1,plane_angle_degrees,0.50999346958129543
train,positive_full_arc,leave_one_condition_out,skew_plane_1,held_out_condition_1,absolute_rate_change,0.00087067223693315654
train,positive_full_arc,leave_one_condition_out,skew_plane_2,held_out_condition_1,plane_angle_degrees,0.93982070625554648
train,positive_full_arc,leave_one_condition_out,skew_plane_2,held_out_condition_1,absolute_rate_change,0.00041088769836938877
train,positive_full_arc,leave_one_condition_out,skew_plane_1,held_out_condition_2,plane_angle_degrees,0.19743134209427995
train,positive_full_arc,leave_one_condition_out,skew_plane_1,held_out_condition_2,absolute_rate_change,0.00085171353173141284
train,positive_full_arc,leave_one_condition_out,skew_plane_2,held_out_condition_2,plane_angle_degrees,1.7710401175172157
train,positive_full_arc,leave_one_condition_out,skew_plane_2,held_out_condition_2,absolute_rate_change,0.00030029811274057128
train,positive_full_arc,leave_one_condition_out,skew_plane_1,held_out_condition_3,plane_angle_degrees,0.65832778997730346
train,positive_full_arc,leave_one_condition_out,skew_plane_1,held_out_condition_3,absolute_rate_change,0.005700669321423657
train,positive_full_arc,leave_one_condition_out,skew_plane_2,held_out_condition_3,plane_angle_degrees,1.9017586982920851
train,positive_full_arc,leave_one_condition_out,skew_plane_2,held_out_condition_3,absolute_rate_change,0.0014733783670728418
train,positive_full_arc,leave_one_condition_out,skew_plane_1,held_out_condition_4,plane_angle_degrees,0.10978629470352783
train,positive_full_arc,leave_one_condition_out,skew_plane_1,held_out_condition_4,absolute_rate_change,0.0011506245376728952
train,positive_full_arc,leave_one_condition_out,skew_plane_2,held_out_condition_4,plane_angle_degrees,2.193114150753031
train,positive_full_arc,leave_one_condition_out,skew_plane_2,held_out_condition_4,absolute_rate_change,0.00094764971727823166
train,positive_full_arc,leave_one_condition_out,skew_plane_1,held_out_condition_5,plane_angle_degrees,0.59907436462735286
train,positive_full_arc,leave_one_condition_out,skew_plane_1,held_out_condition_5,absolute_rate_change,0.001753948597185806
train,positive_full_arc,leave_one_condition_out,skew_plane_2,held_out_condition_5,plane_angle_degrees,5.7138148310756014
train,positive_full_arc,leave_one_condition_out,skew_plane_2,held_out_condition_5,absolute_rate_change,0.0063074291987582631
train,positive_full_arc,leave_one_condition_out,skew_plane_1,held_out_condition_6,plane_angle_degrees,0.46300213821648589
train,positive_full_arc,leave_one_condition_out,skew_plane_1,held_out_condition_6,absolute_rate_change,0.00015584816420211034
train,positive_full_arc,leave_one_condition_out,skew_plane_2,held_out_condition_6,plane_angle_degrees,0.32410857067838089
train,positive_full_arc,leave_one_condition_out,skew_plane_2,held_out_condition_6,absolute_rate_change,0.0027959532872264825
train,positive_full_arc,leave_one_condition_out,skew_plane_1,held_out_condition_7,plane_angle_degrees,1.2891484982950263
train,positive_full_arc,leave_one_condition_out,skew_plane_1,held_out_condition_7,absolute_rate_change,0.0083584664645648399
train,positive_full_arc,leave_one_condition_out,skew_plane_2,held_out_condition_7,plane_angle_degrees,3.7471621321686657
train,positive_full_arc,leave_one_condition_out,skew_plane_2,held_out_condition_7,absolute_rate_change,0.00063349616878261017
test,positive_full_arc,frozen_training_plane_single_trial,skew_plane_1,test_trials,tangential_energy,26.878482376342664
test,positive_full_arc,frozen_training_plane_single_trial,skew_plane_1,test_trials,radial_energy,17.652808037161819
test,positive_full_arc,frozen_training_plane_single_trial,skew_plane_1,test_trials,tangential_radial_energy_ratio,1.6067241198647364
test,positive_full_arc,frozen_training_plane_single_trial,skew_plane_1,test_trials,perpendicular_fraction_within_15deg,0.19702380952380952
test,positive_full_arc,frozen_training_plane_single_trial,skew_plane_2,test_trials,tangential_energy,19.890836671462143
test,positive_full_arc,frozen_training_plane_single_trial,skew_plane_2,test_trials,radial_energy,18.225658315819075
test,positive_full_arc,frozen_training_plane_single_trial,skew_plane_2,test_trials,tangential_radial_energy_ratio,1.136162090847179
test,positive_full_arc,frozen_training_plane_single_trial,skew_plane_2,test_trials,perpendicular_fraction_within_15deg,0.1744047619047619
train,positive_short_window,train_fit,unrestricted,heldout_derivative,derivative_mse,1.6548206524119524
train,positive_short_window,train_fit,unrestricted,heldout_derivative,derivative_r2,0.47022314306794954
train,positive_short_window,train_fit,skew_constrained,heldout_derivative,derivative_mse,1.6696974070106005
train,positive_short_window,train_fit,skew_constrained,heldout_derivative,derivative_r2,0.46546047571718019
train,positive_short_window,train_fit,symmetric_constrained,heldout_derivative,derivative_mse,2.9237738920209888
train,positive_short_window,train_fit,symmetric_constrained,heldout_derivative,derivative_r2,0.063978479699761892
validation,positive_short_window,train_fit,unrestricted,heldout_derivative,derivative_mse,3.8228382802865952
validation,positive_short_window,train_fit,unrestricted,heldout_derivative,derivative_r2,0.27510854871853407
validation,positive_short_window,train_fit,skew_constrained,heldout_derivative,derivative_mse,3.8292013279657988
validation,positive_short_window,train_fit,skew_constrained,heldout_derivative,derivative_r2,0.27390197953392159
validation,positive_short_window,train_fit,symmetric_constrained,heldout_derivative,derivative_mse,5.0677013685929735
validation,positive_short_window,train_fit,symmetric_constrained,heldout_derivative,derivative_r2,0.039056028426860401
test,positive_short_window,train_fit,unrestricted,heldout_derivative,derivative_mse,2.8608219207691961
test,positive_short_window,train_fit,unrestricted,heldout_derivative,derivative_r2,0.34557907533016563
test,positive_short_window,train_fit,skew_constrained,heldout_derivative,derivative_mse,2.8698958218119195
test,positive_short_window,train_fit,skew_constrained,heldout_derivative,derivative_r2,0.34350339537692154
test,positive_short_window,train_fit,symmetric_constrained,heldout_derivative,derivative_mse,4.1540287733495056
test,positive_short_window,train_fit,symmetric_constrained,heldout_derivative,derivative_r2,0.04975443203065355
test,positive_short_window,train_fit,skew_plane_1,projected_trajectory,plane_occupancy,0.38024363367228997
test,positive_short_window,train_fit,skew_plane_1,projected_trajectory,tangential_energy,11.048401003519318
test,positive_short_window,train_fit,skew_plane_1,projected_trajectory,radial_energy,2.68086778154355
test,positive_short_window,train_fit,skew_plane_1,projected_trajectory,tangential_radial_energy_ratio,4.1212032460467096
test,positive_short_window,train_fit,skew_plane_1,projected_trajectory,perpendicular_fraction_within_15deg,0.25735294117647056
test,positive_short_window,train_fit,skew_plane_1,projected_trajectory,condition_span_mean_radians,1.3151503019483779
test,positive_short_window,train_fit,skew_plane_1,projected_trajectory,condition_span_median_radians,1.3030006441045934
test,positive_short_window,train_fit,skew_plane_1,projected_trajectory,condition_span_min_radians,1.2469999023438105
test,positive_short_window,train_fit,skew_plane_1,projected_trajectory,condition_span_max_radians,1.4361573410817825
test,positive_short_window,train_fit,skew_plane_1,projected_trajectory,signed_direction_consistency,1
test,positive_short_window,train_fit,skew_plane_1,projected_trajectory,condition_signed_angular_rate_mean,2.0324099919932044
test,positive_short_window,train_fit,skew_plane_1,projected_trajectory,condition_signed_angular_rate_sd,0.072507538161914561
test,positive_short_window,train_fit,skew_plane_1,condition_0,condition_span_radians,1.2469999023438105
test,positive_short_window,train_fit,skew_plane_1,condition_1,condition_span_radians,1.3306408848230133
test,positive_short_window,train_fit,skew_plane_1,condition_2,condition_span_radians,1.27839532617146
test,positive_short_window,train_fit,skew_plane_1,condition_3,condition_span_radians,1.3036070282271219
test,positive_short_window,train_fit,skew_plane_1,condition_4,condition_span_radians,1.4361573410817825
test,positive_short_window,train_fit,skew_plane_1,condition_5,condition_span_radians,1.2869022282506812
test,positive_short_window,train_fit,skew_plane_1,condition_6,condition_span_radians,1.3361054447070888
test,positive_short_window,train_fit,skew_plane_1,condition_7,condition_span_radians,1.3023942599820648
test,positive_short_window,train_fit,skew_plane_1,skew_generator,signed_rate,2.0162025238844778
test,positive_short_window,train_fit,skew_plane_1,skew_generator,absolute_rate,2.0162025238844778
test,positive_short_window,train_fit,skew_plane_2,projected_trajectory,plane_occupancy,0.52973647586492534
test,positive_short_window,train_fit,skew_plane_2,projected_trajectory,tangential_energy,4.381667578372582
test,positive_short_window,train_fit,skew_plane_2,projected_trajectory,radial_energy,2.388717437128161
test,positive_short_window,train_fit,skew_plane_2,projected_trajectory,tangential_radial_energy_ratio,1.8343180780898256
test,positive_short_window,train_fit,skew_plane_2,projected_trajectory,perpendicular_fraction_within_15deg,0.15441176470588236
test,positive_short_window,train_fit,skew_plane_2,projected_trajectory,condition_span_mean_radians,0.46087386746602932
test,positive_short_window,train_fit,skew_plane_2,projected_trajectory,condition_span_median_radians,0.46004043359269475
test,positive_short_window,train_fit,skew_plane_2,projected_trajectory,condition_span_min_radians,0.40517221737424181
test,positive_short_window,train_fit,skew_plane_2,projected_trajectory,condition_span_max_radians,0.52151963293810877
test,positive_short_window,train_fit,skew_plane_2,projected_trajectory,signed_direction_consistency,1
test,positive_short_window,train_fit,skew_plane_2,projected_trajectory,condition_signed_angular_rate_mean,0.75504117699172801
test,positive_short_window,train_fit,skew_plane_2,projected_trajectory,condition_signed_angular_rate_sd,0.1042695875525078
test,positive_short_window,train_fit,skew_plane_2,condition_0,condition_span_radians,0.4510542240372768
test,positive_short_window,train_fit,skew_plane_2,condition_1,condition_span_radians,0.49968630734975994
test,positive_short_window,train_fit,skew_plane_2,condition_2,condition_span_radians,0.47611686803725028
test,positive_short_window,train_fit,skew_plane_2,condition_3,condition_span_radians,0.52151963293810877
test,positive_short_window,train_fit,skew_plane_2,condition_4,condition_span_radians,0.40517221737424181
test,positive_short_window,train_fit,skew_plane_2,condition_5,condition_span_radians,0.46139229304404816
test,positive_short_window,train_fit,skew_plane_2,condition_6,condition_span_radians,0.4586885741413414
test,positive_short_window,train_fit,skew_plane_2,condition_7,condition_span_radians,0.41336082280620762
test,positive_short_window,train_fit,skew_plane_2,skew_generator,signed_rate,0.69339117593583754
test,positive_short_window,train_fit,skew_plane_2,skew_generator,absolute_rate,0.69339117593583754
test,positive_short_window,train_fit,skew_plane_1,true_positive_pca_plane_1,plane_max_angle_degrees,4.9766299254517774
test,positive_short_window,train_fit,skew_plane_1,true_positive_pca_plane_1,plane_rms_sine_error,0.065444074462358198
test,positive_short_window,train_fit,skew_plane_1,true_positive_pca_plane_1,plane_projector_frobenius_error,0.13088814892471254
test,positive_short_window,train_fit,skew_plane_1,true_positive_pca_plane_1,signed_rate_error,0.016202523884477849
test,positive_short_window,train_fit,skew_plane_1,true_positive_pca_plane_1,absolute_rate_error,0.016202523884477849
test,positive_short_window,train_fit,skew_plane_1,true_positive_pca_plane_1,relative_rate_error,0.0081012619422389243
test,positive_short_window,train_fit,skew_plane_2,true_positive_pca_plane_2,plane_max_angle_degrees,5.3950342719086528
test,positive_short_window,train_fit,skew_plane_2,true_positive_pca_plane_2,plane_rms_sine_error,0.077359061295042386
test,positive_short_window,train_fit,skew_plane_2,true_positive_pca_plane_2,plane_projector_frobenius_error,0.15471812259008971
test,positive_short_window,train_fit,skew_plane_2,true_positive_pca_plane_2,signed_rate_error,-0.0066088240641624107
test,positive_short_window,train_fit,skew_plane_2,true_positive_pca_plane_2,absolute_rate_error,0.0066088240641624107
test,positive_short_window,train_fit,skew_plane_2,true_positive_pca_plane_2,relative_rate_error,0.0094411772345177301
test,positive_short_window,train_fit,fixed_plane,baseline_plane,plane_occupancy,0.68160683335741834
test,positive_short_window,train_fit,fixed_plane,baseline_plane,tangential_energy,4.5968458354322213
test,positive_short_window,train_fit,fixed_plane,baseline_plane,radial_energy,4.6135008953963439
test,positive_short_window,train_fit,fixed_plane,baseline_plane,tangential_radial_energy_ratio,0.9963899302629935
test,positive_short_window,train_fit,fixed_plane,baseline_plane,perpendicular_fraction_within_15deg,0.25
test,positive_short_window,train_fit,fixed_plane,baseline_plane,condition_span_mean_radians,0.67745387092525067
test,positive_short_window,train_fit,fixed_plane,baseline_plane,condition_span_median_radians,0.50865628369041116
test,positive_short_window,train_fit,fixed_plane,baseline_plane,condition_span_min_radians,0.17751891525887542
test,positive_short_window,train_fit,fixed_plane,baseline_plane,condition_span_max_radians,1.8516089773784792
test,positive_short_window,train_fit,fixed_plane,baseline_plane,signed_direction_consistency,0.625
test,positive_short_window,train_fit,fixed_plane,baseline_plane,condition_signed_angular_rate_mean,-0.014446894943316746
test,positive_short_window,train_fit,fixed_plane,baseline_plane,condition_signed_angular_rate_sd,1.2643099021552133
test,positive_short_window,train_fit,fixed_plane,condition_0,condition_span_radians,0.6579742478181041
test,positive_short_window,train_fit,fixed_plane,condition_1,condition_span_radians,0.17751891525887542
test,positive_short_window,train_fit,fixed_plane,condition_2,condition_span_radians,1.8516089773784792
test,positive_short_window,train_fit,fixed_plane,condition_3,condition_span_radians,0.34725650311222411
test,positive_short_window,train_fit,fixed_plane,condition_4,condition_span_radians,0.59858333701138733
test,positive_short_window,train_fit,fixed_plane,condition_5,condition_span_radians,0.41872923036943499
test,positive_short_window,train_fit,fixed_plane,condition_6,condition_span_radians,0.98566987472742196
test,positive_short_window,train_fit,fixed_plane,condition_7,condition_span_radians,0.38228988172607792
test,positive_short_window,train_fit,random_plane_0,baseline_plane,plane_occupancy,0.17380689734156976
test,positive_short_window,train_fit,random_plane_0,baseline_plane,tangential_energy,3.0097724430918547
test,positive_short_window,train_fit,random_plane_0,baseline_plane,radial_energy,2.9828555736659275
test,positive_short_window,train_fit,random_plane_0,baseline_plane,tangential_radial_energy_ratio,1.0090238594397805
test,positive_short_window,train_fit,random_plane_0,baseline_plane,perpendicular_fraction_within_15deg,0.11029411764705882
test,positive_short_window,train_fit,random_plane_0,baseline_plane,condition_span_mean_radians,1.1521390457662086
test,positive_short_window,train_fit,random_plane_0,baseline_plane,condition_span_median_radians,0.8319778596903431
test,positive_short_window,train_fit,random_plane_0,baseline_plane,condition_span_min_radians,0.11946587066134207
test,positive_short_window,train_fit,random_plane_0,baseline_plane,condition_span_max_radians,2.9917025107922766
test,positive_short_window,train_fit,random_plane_0,baseline_plane,signed_direction_consistency,0.625
test,positive_short_window,train_fit,random_plane_0,baseline_plane,condition_signed_angular_rate_mean,-0.34039654798363606
test,positive_short_window,train_fit,random_plane_0,baseline_plane,condition_signed_angular_rate_sd,2.2353650947748207
test,positive_short_window,train_fit,random_plane_0,condition_0,condition_span_radians,0.93187647896852754
test,positive_short_window,train_fit,random_plane_0,condition_1,condition_span_radians,2.9917025107922766
test,positive_short_window,train_fit,random_plane_0,condition_2,condition_span_radians,1.4087005523785912
test,positive_short_window,train_fit,random_plane_0,condition_3,condition_span_radians,2.7217286947226929
test,positive_short_window,train_fit,random_plane_0,condition_4,condition_span_radians,0.15801735636301162
test,positive_short_window,train_fit,random_plane_0,condition_5,condition_span_radians,0.15354166183106832
test,positive_short_window,train_fit,random_plane_0,condition_6,condition_span_radians,0.11946587066134207
test,positive_short_window,train_fit,random_plane_0,condition_7,condition_span_radians,0.73207924041215855
test,positive_short_window,train_fit,random_plane_1,baseline_plane,plane_occupancy,0.43735725374832402
test,positive_short_window,train_fit,random_plane_1,baseline_plane,tangential_energy,3.8543557006650966
test,positive_short_window,train_fit,random_plane_1,baseline_plane,radial_energy,4.3699519920321528
test,positive_short_window,train_fit,random_plane_1,baseline_plane,tangential_radial_energy_ratio,0.88201328245546951
test,positive_short_window,train_fit,random_plane_1,baseline_plane,perpendicular_fraction_within_15deg,0.14705882352941177
test,positive_short_window,train_fit,random_plane_1,baseline_plane,condition_span_mean_radians,0.72387860711008445
test,positive_short_window,train_fit,random_plane_1,baseline_plane,condition_span_median_radians,0.4944340988804381
test,positive_short_window,train_fit,random_plane_1,baseline_plane,condition_span_min_radians,0.16498919533996914
test,positive_short_window,train_fit,random_plane_1,baseline_plane,condition_span_max_radians,2.2615095043929716
test,positive_short_window,train_fit,random_plane_1,baseline_plane,signed_direction_consistency,0.75
test,positive_short_window,train_fit,random_plane_1,baseline_plane,condition_signed_angular_rate_mean,0.0069609299324610852
test,positive_short_window,train_fit,random_plane_1,baseline_plane,condition_signed_angular_rate_sd,1.1432679649873407
test,positive_short_window,train_fit,random_plane_1,condition_0,condition_span_radians,0.85791743224709238
test,positive_short_window,train_fit,random_plane_1,condition_1,condition_span_radians,0.32839545497448874
test,positive_short_window,train_fit,random_plane_1,condition_2,condition_span_radians,2.2615095043929716
test,positive_short_window,train_fit,random_plane_1,condition_3,condition_span_radians,0.52526385235391837
test,positive_short_window,train_fit,random_plane_1,condition_4,condition_span_radians,0.46360434540695783
test,positive_short_window,train_fit,random_plane_1,condition_5,condition_span_radians,0.24330086221372815
test,positive_short_window,train_fit,random_plane_1,condition_6,condition_span_radians,0.9460482099515497
test,positive_short_window,train_fit,random_plane_1,condition_7,condition_span_radians,0.16498919533996914
test,positive_short_window,train_fit,random_plane_2,baseline_plane,plane_occupancy,0.24473833205632994
test,positive_short_window,train_fit,random_plane_2,baseline_plane,tangential_energy,4.7607221171940175
test,positive_short_window,train_fit,random_plane_2,baseline_plane,radial_energy,3.6183345403713467
test,positive_short_window,train_fit,random_plane_2,baseline_plane,tangential_radial_energy_ratio,1.3157219334134396
test,positive_short_window,train_fit,random_plane_2,baseline_plane,perpendicular_fraction_within_15deg,0.23529411764705882
test,positive_short_window,train_fit,random_plane_2,baseline_plane,condition_span_mean_radians,0.7487903138323837
test,positive_short_window,train_fit,random_plane_2,baseline_plane,condition_span_median_radians,0.64180736774974667
test,positive_short_window,train_fit,random_plane_2,baseline_plane,condition_span_min_radians,0.11208550156516894
test,positive_short_window,train_fit,random_plane_2,baseline_plane,condition_span_max_radians,1.481349840359317
test,positive_short_window,train_fit,random_plane_2,baseline_plane,signed_direction_consistency,0.5
test,positive_short_window,train_fit,random_plane_2,baseline_plane,condition_signed_angular_rate_mean,-0.33987272494022763
test,positive_short_window,train_fit,random_plane_2,baseline_plane,condition_signed_angular_rate_sd,1.3463788572386446
test,positive_short_window,train_fit,random_plane_2,condition_0,condition_span_radians,0.40436077609794208
test,positive_short_window,train_fit,random_plane_2,condition_1,condition_span_radians,1.0837174025119265
test,positive_short_window,train_fit,random_plane_2,condition_2,condition_span_radians,0.11208550156516894
test,positive_short_window,train_fit,random_plane_2,condition_3,condition_span_radians,0.70635554216675001
test,positive_short_window,train_fit,random_plane_2,condition_4,condition_span_radians,0.42802712827133771
test,positive_short_window,train_fit,random_plane_2,condition_5,condition_span_radians,0.57725919333274345
test,positive_short_window,train_fit,random_plane_2,condition_6,condition_span_radians,1.1971671263538843
test,positive_short_window,train_fit,random_plane_2,condition_7,condition_span_radians,1.481349840359317
test,positive_short_window,train_fit,random_plane_3,baseline_plane,plane_occupancy,0.23921012457143087
test,positive_short_window,train_fit,random_plane_3,baseline_plane,tangential_energy,6.0151279381426086
test,positive_short_window,train_fit,random_plane_3,baseline_plane,radial_energy,4.5699385310762786
test,positive_short_window,train_fit,random_plane_3,baseline_plane,tangential_radial_energy_ratio,1.3162382594949191
test,positive_short_window,train_fit,random_plane_3,baseline_plane,perpendicular_fraction_within_15deg,0.19117647058823528
test,positive_short_window,train_fit,random_plane_3,baseline_plane,condition_span_mean_radians,1.2741284584169892
test,positive_short_window,train_fit,random_plane_3,baseline_plane,condition_span_median_radians,1.1367884541067541
test,positive_short_window,train_fit,random_plane_3,baseline_plane,condition_span_min_radians,0.17147733930033821
test,positive_short_window,train_fit,random_plane_3,baseline_plane,condition_span_max_radians,2.9591572903562229
test,positive_short_window,train_fit,random_plane_3,baseline_plane,signed_direction_consistency,0.875
test,positive_short_window,train_fit,random_plane_3,baseline_plane,condition_signed_angular_rate_mean,1.773488237051019
test,positive_short_window,train_fit,random_plane_3,baseline_plane,condition_signed_angular_rate_sd,1.4918197684404366
test,positive_short_window,train_fit,random_plane_3,condition_0,condition_span_radians,0.98832484830794121
test,positive_short_window,train_fit,random_plane_3,condition_1,condition_span_radians,1.4188968239491841
test,positive_short_window,train_fit,random_plane_3,condition_2,condition_span_radians,0.17147733930033821
test,positive_short_window,train_fit,random_plane_3,condition_3,condition_span_radians,0.61830276477341162
test,positive_short_window,train_fit,random_plane_3,condition_4,condition_span_radians,0.49825077844030985
test,positive_short_window,train_fit,random_plane_3,condition_5,condition_span_radians,2.2533657623029386
test,positive_short_window,train_fit,random_plane_3,condition_6,condition_span_radians,1.2852520599055668
test,positive_short_window,train_fit,random_plane_3,condition_7,condition_span_radians,2.9591572903562229
test,positive_short_window,train_fit,random_plane_4,baseline_plane,plane_occupancy,0.17208328948493881
test,positive_short_window,train_fit,random_plane_4,baseline_plane,tangential_energy,3.2335812838489462
test,positive_short_window,train_fit,random_plane_4,baseline_plane,radial_energy,3.6145333263655304
test,positive_short_window,train_fit,random_plane_4,baseline_plane,tangential_radial_energy_ratio,0.89460546960853793
test,positive_short_window,train_fit,random_plane_4,baseline_plane,perpendicular_fraction_within_15deg,0.15441176470588236
test,positive_short_window,train_fit,random_plane_4,baseline_plane,condition_span_mean_radians,0.80434642382917798
test,positive_short_window,train_fit,random_plane_4,baseline_plane,condition_span_median_radians,0.50232121974289545
test,positive_short_window,train_fit,random_plane_4,baseline_plane,condition_span_min_radians,0.10844390333612686
test,positive_short_window,train_fit,random_plane_4,baseline_plane,condition_span_max_radians,2.230398166073527
test,positive_short_window,train_fit,random_plane_4,baseline_plane,signed_direction_consistency,0.5
test,positive_short_window,train_fit,random_plane_4,baseline_plane,condition_signed_angular_rate_mean,0.68591827946398154
test,positive_short_window,train_fit,random_plane_4,baseline_plane,condition_signed_angular_rate_sd,1.4378051944126138
test,positive_short_window,train_fit,random_plane_4,condition_0,condition_span_radians,0.10844390333612686
test,positive_short_window,train_fit,random_plane_4,condition_1,condition_span_radians,0.51656106895826281
test,positive_short_window,train_fit,random_plane_4,condition_2,condition_span_radians,0.38780501203111983
test,positive_short_window,train_fit,random_plane_4,condition_3,condition_span_radians,1.4153928290290814
test,positive_short_window,train_fit,random_plane_4,condition_4,condition_span_radians,0.32556916168732242
test,positive_short_window,train_fit,random_plane_4,condition_5,condition_span_radians,0.96251987899045566
test,positive_short_window,train_fit,random_plane_4,condition_6,condition_span_radians,2.230398166073527
test,positive_short_window,train_fit,random_plane_4,condition_7,condition_span_radians,0.48808137052752798
validation,positive_short_window,independent_fit,skew_plane_1,train_validation_observed_space_stability,plane_angle_degrees,5.0994201460933102
validation,positive_short_window,independent_fit,skew_plane_1,train_validation_observed_space_stability,signed_rate_difference,0.022676095053668632
validation,positive_short_window,independent_fit,skew_plane_2,train_validation_observed_space_stability,plane_angle_degrees,8.7338024155659042
validation,positive_short_window,independent_fit,skew_plane_2,train_validation_observed_space_stability,signed_rate_difference,-0.0092317611653356391
test,positive_short_window,independent_fit,skew_plane_1,train_test_observed_space_stability,plane_angle_degrees,2.4469961445562811
test,positive_short_window,independent_fit,skew_plane_1,train_test_observed_space_stability,signed_rate_difference,0.024757234009784135
test,positive_short_window,independent_fit,skew_plane_2,train_test_observed_space_stability,plane_angle_degrees,3.287895363255199
test,positive_short_window,independent_fit,skew_plane_2,train_test_observed_space_stability,signed_rate_difference,0.034981514397613989
train,positive_short_window,leave_one_condition_out,skew_plane_1,held_out_condition_0,plane_angle_degrees,3.6455802379408597
train,positive_short_window,leave_one_condition_out,skew_plane_1,held_out_condition_0,absolute_rate_change,0.0050076080954872815
train,positive_short_window,leave_one_condition_out,skew_plane_2,held_out_condition_0,plane_angle_degrees,4.4133104150767277
train,positive_short_window,leave_one_condition_out,skew_plane_2,held_out_condition_0,absolute_rate_change,0.0069681034337844006
train,positive_short_window,leave_one_condition_out,skew_plane_1,held_out_condition_1,plane_angle_degrees,1.5239948843867979
train,positive_short_window,leave_one_condition_out,skew_plane_1,held_out_condition_1,absolute_rate_change,0.0089195598025564315
train,positive_short_window,leave_one_condition_out,skew_plane_2,held_out_condition_1,plane_angle_degrees,1.2270036190009743
train,positive_short_window,leave_one_condition_out,skew_plane_2,held_out_condition_1,absolute_rate_change,0.002494634159719622
train,positive_short_window,leave_one_condition_out,skew_plane_1,held_out_condition_2,plane_angle_degrees,1.3353475850163485
train,positive_short_window,leave_one_condition_out,skew_plane_1,held_out_condition_2,absolute_rate_change,0.0049944936613952606
train,positive_short_window,leave_one_condition_out,skew_plane_2,held_out_condition_2,plane_angle_degrees,6.8386350033050221
train,positive_short_window,leave_one_condition_out,skew_plane_2,held_out_condition_2,absolute_rate_change,0.0031586473772241552
train,positive_short_window,leave_one_condition_out,skew_plane_1,held_out_condition_3,plane_angle_degrees,4.3017646127142557
train,positive_short_window,leave_one_condition_out,skew_plane_1,held_out_condition_3,absolute_rate_change,0.035221302984848712
train,positive_short_window,leave_one_condition_out,skew_plane_2,held_out_condition_3,plane_angle_degrees,11.362229210791384
train,positive_short_window,leave_one_condition_out,skew_plane_2,held_out_condition_3,absolute_rate_change,0.030347963965736025
train,positive_short_window,leave_one_condition_out,skew_plane_1,held_out_condition_4,plane_angle_degrees,0.36142294749884168
train,positive_short_window,leave_one_condition_out,skew_plane_1,held_out_condition_4,absolute_rate_change,0.0031595292540185227
train,positive_short_window,leave_one_condition_out,skew_plane_2,held_out_condition_4,plane_angle_degrees,3.0715593816455593
train,positive_short_window,leave_one_condition_out,skew_plane_2,held_out_condition_4,absolute_rate_change,0.0028914389516255801
train,positive_short_window,leave_one_condition_out,skew_plane_1,held_out_condition_5,plane_angle_degrees,0.91829792415544997
train,positive_short_window,leave_one_condition_out,skew_plane_1,held_out_condition_5,absolute_rate_change,0.006465529423904659
train,positive_short_window,leave_one_condition_out,skew_plane_2,held_out_condition_5,plane_angle_degrees,4.8959423436334513
train,positive_short_window,leave_one_condition_out,skew_plane_2,held_out_condition_5,absolute_rate_change,0.025619521868528006
train,positive_short_window,leave_one_condition_out,skew_plane_1,held_out_condition_6,plane_angle_degrees,0.77855664415911308
train,positive_short_window,leave_one_condition_out,skew_plane_1,held_out_condition_6,absolute_rate_change,0.0048658861852057811
train,positive_short_window,leave_one_condition_out,skew_plane_2,held_out_condition_6,plane_angle_degrees,1.1587734692763965
train,positive_short_window,leave_one_condition_out,skew_plane_2,held_out_condition_6,absolute_rate_change,0.0014643031297878473
train,positive_short_window,leave_one_condition_out,skew_plane_1,held_out_condition_7,plane_angle_degrees,5.4512503433606172
train,positive_short_window,leave_one_condition_out,skew_plane_1,held_out_condition_7,absolute_rate_change,0.0078932155376856272
train,positive_short_window,leave_one_condition_out,skew_plane_2,held_out_condition_7,plane_angle_degrees,12.195604258678308
train,positive_short_window,leave_one_condition_out,skew_plane_2,held_out_condition_7,absolute_rate_change,0.00029777109073314545
test,positive_short_window,frozen_training_plane_single_trial,skew_plane_1,test_trials,tangential_energy,27.284177451144384
test,positive_short_window,frozen_training_plane_single_trial,skew_plane_1,test_trials,radial_energy,17.314636426146116
test,positive_short_window,frozen_training_plane_single_trial,skew_plane_1,test_trials,tangential_radial_energy_ratio,1.8399761080725023
test,positive_short_window,frozen_training_plane_single_trial,skew_plane_1,test_trials,perpendicular_fraction_within_15deg,0.20798319327731091
test,positive_short_window,frozen_training_plane_single_trial,skew_plane_2,test_trials,tangential_energy,19.21181860394746
test,positive_short_window,frozen_training_plane_single_trial,skew_plane_2,test_trials,radial_energy,18.330075932803378
test,positive_short_window,frozen_training_plane_single_trial,skew_plane_2,test_trials,tangential_radial_energy_ratio,1.1775347164453704
test,positive_short_window,frozen_training_plane_single_trial,skew_plane_2,test_trials,perpendicular_fraction_within_15deg,0.1827731092436975
train,jittered_alignment,train_fit,unrestricted,heldout_derivative,derivative_mse,1.6099733530109963
train,jittered_alignment,train_fit,unrestricted,heldout_derivative,derivative_r2,0.4683250812544375
train,jittered_alignment,train_fit,skew_constrained,heldout_derivative,derivative_mse,1.6184894389425475
train,jittered_alignment,train_fit,skew_constrained,heldout_derivative,derivative_r2,0.46551274321963731
train,jittered_alignment,train_fit,symmetric_constrained,heldout_derivative,derivative_mse,2.9804725261145246
train,jittered_alignment,train_fit,symmetric_constrained,heldout_derivative,derivative_r2,0.015733716845872547
validation,jittered_alignment,train_fit,unrestricted,heldout_derivative,derivative_mse,3.9775273105197382
validation,jittered_alignment,train_fit,unrestricted,heldout_derivative,derivative_r2,0.26894511431451185
validation,jittered_alignment,train_fit,skew_constrained,heldout_derivative,derivative_mse,3.9855032455387205
validation,jittered_alignment,train_fit,skew_constrained,heldout_derivative,derivative_r2,0.26747916680282147
validation,jittered_alignment,train_fit,symmetric_constrained,heldout_derivative,derivative_mse,5.382858765128459
validation,jittered_alignment,train_fit,symmetric_constrained,heldout_derivative,derivative_r2,0.010650363406829566
test,jittered_alignment,train_fit,unrestricted,heldout_derivative,derivative_mse,2.8441026016690323
test,jittered_alignment,train_fit,unrestricted,heldout_derivative,derivative_r2,0.33285598891068024
test,jittered_alignment,train_fit,skew_constrained,heldout_derivative,derivative_mse,2.851489407671473
test,jittered_alignment,train_fit,skew_constrained,heldout_derivative,derivative_r2,0.33112325838868195
test,jittered_alignment,train_fit,symmetric_constrained,heldout_derivative,derivative_mse,4.211814855108643
test,jittered_alignment,train_fit,symmetric_constrained,heldout_derivative,derivative_r2,0.012030348429128868
test,jittered_alignment,train_fit,skew_plane_1,projected_trajectory,plane_occupancy,0.39753125037243053
test,jittered_alignment,train_fit,skew_plane_1,projected_trajectory,tangential_energy,10.199289473022892
test,jittered_alignment,train_fit,skew_plane_1,projected_trajectory,radial_energy,3.0596704571133362
test,jittered_alignment,train_fit,skew_plane_1,projected_trajectory,tangential_radial_energy_ratio,3.3334601278091469
test,jittered_alignment,train_fit,skew_plane_1,projected_trajectory,perpendicular_fraction_within_15deg,0.3125
test,jittered_alignment,train_fit,skew_plane_1,projected_trajectory,condition_span_mean_radians,4.7423683574081936
test,jittered_alignment,train_fit,skew_plane_1,projected_trajectory,condition_span_median_radians,4.7493230565353244
test,jittered_alignment,train_fit,skew_plane_1,projected_trajectory,condition_span_min_radians,4.6255452886850943
test,jittered_alignment,train_fit,skew_plane_1,projected_trajectory,condition_span_max_radians,4.813426405422863
test,jittered_alignment,train_fit,skew_plane_1,projected_trajectory,signed_direction_consistency,1
test,jittered_alignment,train_fit,skew_plane_1,projected_trajectory,condition_signed_angular_rate_mean,2.0078504598965417
test,jittered_alignment,train_fit,skew_plane_1,projected_trajectory,condition_signed_angular_rate_sd,0.032362619779001268
test,jittered_alignment,train_fit,skew_plane_1,condition_0,condition_span_radians,4.7349205453871761
test,jittered_alignment,train_fit,skew_plane_1,condition_1,condition_span_radians,4.7739722047271496
test,jittered_alignment,train_fit,skew_plane_1,condition_2,condition_span_radians,4.7789857137751737
test,jittered_alignment,train_fit,skew_plane_1,condition_3,condition_span_radians,4.7134505881974462
test,jittered_alignment,train_fit,skew_plane_1,condition_4,condition_span_radians,4.813426405422863
test,jittered_alignment,train_fit,skew_plane_1,condition_5,condition_span_radians,4.6255452886850943
test,jittered_alignment,train_fit,skew_plane_1,condition_6,condition_span_radians,4.7614141751946182
test,jittered_alignment,train_fit,skew_plane_1,condition_7,condition_span_radians,4.7372319378760306
test,jittered_alignment,train_fit,skew_plane_1,skew_generator,signed_rate,1.9934402436355136
test,jittered_alignment,train_fit,skew_plane_1,skew_generator,absolute_rate,1.9934402436355136
test,jittered_alignment,train_fit,skew_plane_2,projected_trajectory,plane_occupancy,0.55286006399328469
test,jittered_alignment,train_fit,skew_plane_2,projected_trajectory,tangential_energy,4.2279681561792843
test,jittered_alignment,train_fit,skew_plane_2,projected_trajectory,radial_energy,2.5896790061037023
test,jittered_alignment,train_fit,skew_plane_2,projected_trajectory,tangential_radial_energy_ratio,1.6326224780037382
test,jittered_alignment,train_fit,skew_plane_2,projected_trajectory,perpendicular_fraction_within_15deg,0.18124999999999999
test,jittered_alignment,train_fit,skew_plane_2,projected_trajectory,condition_span_mean_radians,1.6813396751529175
test,jittered_alignment,train_fit,skew_plane_2,projected_trajectory,condition_span_median_radians,1.6642417895144308
test,jittered_alignment,train_fit,skew_plane_2,projected_trajectory,condition_span_min_radians,1.6254441290085067
test,jittered_alignment,train_fit,skew_plane_2,projected_trajectory,condition_span_max_radians,1.8239116310098868
test,jittered_alignment,train_fit,skew_plane_2,projected_trajectory,signed_direction_consistency,1
test,jittered_alignment,train_fit,skew_plane_2,projected_trajectory,condition_signed_angular_rate_mean,0.72566531172227988
test,jittered_alignment,train_fit,skew_plane_2,projected_trajectory,condition_signed_angular_rate_sd,0.068884062733015436
test,jittered_alignment,train_fit,skew_plane_2,condition_0,condition_span_radians,1.8239116310098868
test,jittered_alignment,train_fit,skew_plane_2,condition_1,condition_span_radians,1.7177497999347437
test,jittered_alignment,train_fit,skew_plane_2,condition_2,condition_span_radians,1.6430038950780717
test,jittered_alignment,train_fit,skew_plane_2,condition_3,condition_span_radians,1.6712943808551808
test,jittered_alignment,train_fit,skew_plane_2,condition_4,condition_span_radians,1.6254441290085067
test,jittered_alignment,train_fit,skew_plane_2,condition_5,condition_span_radians,1.6606433838344863
test,jittered_alignment,train_fit,skew_plane_2,condition_6,condition_span_radians,1.6408299863080895
test,jittered_alignment,train_fit,skew_plane_2,condition_7,condition_span_radians,1.6678401951943751
test,jittered_alignment,train_fit,skew_plane_2,skew_generator,signed_rate,0.70026633908669234
test,jittered_alignment,train_fit,skew_plane_2,skew_generator,absolute_rate,0.70026633908669234
test,jittered_alignment,train_fit,skew_plane_1,true_positive_pca_plane_1,plane_max_angle_degrees,1.3632542106860273
test,jittered_alignment,train_fit,skew_plane_1,true_positive_pca_plane_1,plane_rms_sine_error,0.01731960207860796
test,jittered_alignment,train_fit,skew_plane_1,true_positive_pca_plane_1,plane_projector_frobenius_error,0.03463920415725312
test,jittered_alignment,train_fit,skew_plane_1,true_positive_pca_plane_1,signed_rate_error,-0.0065597563644863577
test,jittered_alignment,train_fit,skew_plane_1,true_positive_pca_plane_1,absolute_rate_error,0.0065597563644863577
test,jittered_alignment,train_fit,skew_plane_1,true_positive_pca_plane_1,relative_rate_error,0.0032798781822431788
test,jittered_alignment,train_fit,skew_plane_2,true_positive_pca_plane_2,plane_max_angle_degrees,4.906498459745869
test,jittered_alignment,train_fit,skew_plane_2,true_positive_pca_plane_2,plane_rms_sine_error,0.075519206402657912
test,jittered_alignment,train_fit,skew_plane_2,true_positive_pca_plane_2,plane_projector_frobenius_error,0.1510384128053186
test,jittered_alignment,train_fit,skew_plane_2,true_positive_pca_plane_2,signed_rate_error,0.00026633908669237982
test,jittered_alignment,train_fit,skew_plane_2,true_positive_pca_plane_2,absolute_rate_error,0.00026633908669237982
test,jittered_alignment,train_fit,skew_plane_2,true_positive_pca_plane_2,relative_rate_error,0.00038048440956054265
test,jittered_alignment,train_fit,fixed_plane,baseline_plane,plane_occupancy,0.61707068076277471
test,jittered_alignment,train_fit,fixed_plane,baseline_plane,tangential_energy,5.2548603255240529
test,jittered_alignment,train_fit,fixed_plane,baseline_plane,radial_energy,3.6462500927270449
test,jittered_alignment,train_fit,fixed_plane,baseline_plane,tangential_radial_energy_ratio,1.4411683762464911
test,jittered_alignment,train_fit,fixed_plane,baseline_plane,perpendicular_fraction_within_15deg,0.18333333333333332
test,jittered_alignment,train_fit,fixed_plane,baseline_plane,condition_span_mean_radians,2.1577910618954621
test,jittered_alignment,train_fit,fixed_plane,baseline_plane,condition_span_median_radians,1.8205626122925203
test,jittered_alignment,train_fit,fixed_plane,baseline_plane,condition_span_min_radians,1.3476916450389624
test,jittered_alignment,train_fit,fixed_plane,baseline_plane,condition_span_max_radians,4.3075930021940039
test,jittered_alignment,train_fit,fixed_plane,baseline_plane,signed_direction_consistency,0.875
test,jittered_alignment,train_fit,fixed_plane,baseline_plane,condition_signed_angular_rate_mean,-0.78560740573428833
test,jittered_alignment,train_fit,fixed_plane,baseline_plane,condition_signed_angular_rate_sd,0.49885988306750095
test,jittered_alignment,train_fit,fixed_plane,condition_0,condition_span_radians,2.7944743716524796
test,jittered_alignment,train_fit,fixed_plane,condition_1,condition_span_radians,2.0396428412476877
test,jittered_alignment,train_fit,fixed_plane,condition_2,condition_span_radians,1.6462834826125039
test,jittered_alignment,train_fit,fixed_plane,condition_3,condition_span_radians,4.3075930021940039
test,jittered_alignment,train_fit,fixed_plane,condition_4,condition_span_radians,1.6131273807023667
test,jittered_alignment,train_fit,fixed_plane,condition_5,condition_span_radians,1.5186740297431554
test,jittered_alignment,train_fit,fixed_plane,condition_6,condition_span_radians,1.9948417419725366
test,jittered_alignment,train_fit,fixed_plane,condition_7,condition_span_radians,1.3476916450389624
test,jittered_alignment,train_fit,random_plane_0,baseline_plane,plane_occupancy,0.16926497077008265
test,jittered_alignment,train_fit,random_plane_0,baseline_plane,tangential_energy,3.9819647525947279
test,jittered_alignment,train_fit,random_plane_0,baseline_plane,radial_energy,3.2501731875301512
test,jittered_alignment,train_fit,random_plane_0,baseline_plane,tangential_radial_energy_ratio,1.2251546372581685
test,jittered_alignment,train_fit,random_plane_0,baseline_plane,perpendicular_fraction_within_15deg,0.18958333333333333
test,jittered_alignment,train_fit,random_plane_0,baseline_plane,condition_span_mean_radians,3.7492251595775956
test,jittered_alignment,train_fit,random_plane_0,baseline_plane,condition_span_median_radians,4.3004688742941095
test,jittered_alignment,train_fit,random_plane_0,baseline_plane,condition_span_min_radians,0.47822571860564361
test,jittered_alignment,train_fit,random_plane_0,baseline_plane,condition_span_max_radians,5.3934929199028767
test,jittered_alignment,train_fit,random_plane_0,baseline_plane,signed_direction_consistency,0.875
test,jittered_alignment,train_fit,random_plane_0,baseline_plane,condition_signed_angular_rate_mean,1.0583628088844348
test,jittered_alignment,train_fit,random_plane_0,baseline_plane,condition_signed_angular_rate_sd,0.96493700963600726
test,jittered_alignment,train_fit,random_plane_0,condition_0,condition_span_radians,5.0050780551913654
test,jittered_alignment,train_fit,random_plane_0,condition_1,condition_span_radians,4.2931849914107083
test,jittered_alignment,train_fit,random_plane_0,condition_2,condition_span_radians,3.0562359619343424
test,jittered_alignment,train_fit,random_plane_0,condition_3,condition_span_radians,5.3934929199028767
test,jittered_alignment,train_fit,random_plane_0,condition_4,condition_span_radians,5.3831139809632269
test,jittered_alignment,train_fit,random_plane_0,condition_5,condition_span_radians,0.47822571860564361
test,jittered_alignment,train_fit,random_plane_0,condition_6,condition_span_radians,2.0767168914350917
test,jittered_alignment,train_fit,random_plane_0,condition_7,condition_span_radians,4.3077527571775107
test,jittered_alignment,train_fit,random_plane_1,baseline_plane,plane_occupancy,0.41071911645089232
test,jittered_alignment,train_fit,random_plane_1,baseline_plane,tangential_energy,4.576864351147294
test,jittered_alignment,train_fit,random_plane_1,baseline_plane,radial_energy,3.0850280510021886
test,jittered_alignment,train_fit,random_plane_1,baseline_plane,tangential_radial_energy_ratio,1.4835730098663038
test,jittered_alignment,train_fit,random_plane_1,baseline_plane,perpendicular_fraction_within_15deg,0.20208333333333334
test,jittered_alignment,train_fit,random_plane_1,baseline_plane,condition_span_mean_radians,1.7505457039812704
test,jittered_alignment,train_fit,random_plane_1,baseline_plane,condition_span_median_radians,1.745725823577907
test,jittered_alignment,train_fit,random_plane_1,baseline_plane,condition_span_min_radians,1.1561424983155857
test,jittered_alignment,train_fit,random_plane_1,baseline_plane,condition_span_max_radians,2.226493902275537
test,jittered_alignment,train_fit,random_plane_1,baseline_plane,signed_direction_consistency,1
test,jittered_alignment,train_fit,random_plane_1,baseline_plane,condition_signed_angular_rate_mean,-0.61743048145007595
test,jittered_alignment,train_fit,random_plane_1,baseline_plane,condition_signed_angular_rate_sd,0.25012823066760437
test,jittered_alignment,train_fit,random_plane_1,condition_0,condition_span_radians,2.226493902275537
test,jittered_alignment,train_fit,random_plane_1,condition_1,condition_span_radians,2.1369859323146505
test,jittered_alignment,train_fit,random_plane_1,condition_2,condition_span_radians,1.5699045801575067
test,jittered_alignment,train_fit,random_plane_1,condition_3,condition_span_radians,1.4915539646947091
test,jittered_alignment,train_fit,random_plane_1,condition_4,condition_span_radians,1.1561424983155857
test,jittered_alignment,train_fit,random_plane_1,condition_5,condition_span_radians,1.9215470669983072
test,jittered_alignment,train_fit,random_plane_1,condition_6,condition_span_radians,2.1543539841558341
test,jittered_alignment,train_fit,random_plane_1,condition_7,condition_span_radians,1.3473837029380329
test,jittered_alignment,train_fit,random_plane_2,baseline_plane,plane_occupancy,0.26958306343783983
test,jittered_alignment,train_fit,random_plane_2,baseline_plane,tangential_energy,4.3323172047162979
test,jittered_alignment,train_fit,random_plane_2,baseline_plane,radial_energy,5.0304096210577578
test,jittered_alignment,train_fit,random_plane_2,baseline_plane,tangential_radial_energy_ratio,0.86122553252538703
test,jittered_alignment,train_fit,random_plane_2,baseline_plane,perpendicular_fraction_within_15deg,0.14374999999999999
test,jittered_alignment,train_fit,random_plane_2,baseline_plane,condition_span_mean_radians,3.272670213177264
test,jittered_alignment,train_fit,random_plane_2,baseline_plane,condition_span_median_radians,3.2527453816634724
test,jittered_alignment,train_fit,random_plane_2,baseline_plane,condition_span_min_radians,0.60652721098884466
test,jittered_alignment,train_fit,random_plane_2,baseline_plane,condition_span_max_radians,5.7869919814288213
test,jittered_alignment,train_fit,random_plane_2,baseline_plane,signed_direction_consistency,0.5
test,jittered_alignment,train_fit,random_plane_2,baseline_plane,condition_signed_angular_rate_mean,-0.85521886848929574
test,jittered_alignment,train_fit,random_plane_2,baseline_plane,condition_signed_angular_rate_sd,1.640940558908861
test,jittered_alignment,train_fit,random_plane_2,condition_0,condition_span_radians,5.4368567895507951
test,jittered_alignment,train_fit,random_plane_2,condition_1,condition_span_radians,5.7869919814288213
test,jittered_alignment,train_fit,random_plane_2,condition_2,condition_span_radians,1.8646434711022897
test,jittered_alignment,train_fit,random_plane_2,condition_3,condition_span_radians,5.2058234181090492
test,jittered_alignment,train_fit,random_plane_2,condition_4,condition_span_radians,0.77502807091136905
test,jittered_alignment,train_fit,random_plane_2,condition_5,condition_span_radians,0.60652721098884466
test,jittered_alignment,train_fit,random_plane_2,condition_6,condition_span_radians,2.4726112863120875
test,jittered_alignment,train_fit,random_plane_2,condition_7,condition_span_radians,4.0328794770148573
test,jittered_alignment,train_fit,random_plane_3,baseline_plane,plane_occupancy,0.2890275080442567
test,jittered_alignment,train_fit,random_plane_3,baseline_plane,tangential_energy,6.0643743544747553
test,jittered_alignment,train_fit,random_plane_3,baseline_plane,radial_energy,4.0688023407790643
test,jittered_alignment,train_fit,random_plane_3,baseline_plane,tangential_radial_energy_ratio,1.4904568584458673
test,jittered_alignment,train_fit,random_plane_3,baseline_plane,perpendicular_fraction_within_15deg,0.23125000000000001
test,jittered_alignment,train_fit,random_plane_3,baseline_plane,condition_span_mean_radians,3.849634531312403
test,jittered_alignment,train_fit,random_plane_3,baseline_plane,condition_span_median_radians,4.3178304362220246
test,jittered_alignment,train_fit,random_plane_3,baseline_plane,condition_span_min_radians,0.82251270356795891
test,jittered_alignment,train_fit,random_plane_3,baseline_plane,condition_span_max_radians,5.3602731150942056
test,jittered_alignment,train_fit,random_plane_3,baseline_plane,signed_direction_consistency,0.875
test,jittered_alignment,train_fit,random_plane_3,baseline_plane,condition_signed_angular_rate_mean,1.1924037991692154
test,jittered_alignment,train_fit,random_plane_3,baseline_plane,condition_signed_angular_rate_sd,1.152842955665478
test,jittered_alignment,train_fit,random_plane_3,condition_0,condition_span_radians,5.0400711533257523
test,jittered_alignment,train_fit,random_plane_3,condition_1,condition_span_radians,4.9968879658321601
test,jittered_alignment,train_fit,random_plane_3,condition_2,condition_span_radians,3.6603039004870732
test,jittered_alignment,train_fit,random_plane_3,condition_3,condition_span_radians,4.9753569719569768
test,jittered_alignment,train_fit,random_plane_3,condition_4,condition_span_radians,0.82251270356795891
test,jittered_alignment,train_fit,random_plane_3,condition_5,condition_span_radians,2.7383889176816787
test,jittered_alignment,train_fit,random_plane_3,condition_6,condition_span_radians,5.3602731150942056
test,jittered_alignment,train_fit,random_plane_3,condition_7,condition_span_radians,3.2032815225534175
test,jittered_alignment,train_fit,random_plane_4,baseline_plane,plane_occupancy,0.17208948657056938
test,jittered_alignment,train_fit,random_plane_4,baseline_plane,tangential_energy,3.8110267137244294
test,jittered_alignment,train_fit,random_plane_4,baseline_plane,radial_energy,4.1514633747170899
test,jittered_alignment,train_fit,random_plane_4,baseline_plane,tangential_radial_energy_ratio,0.91799598592969389
test,jittered_alignment,train_fit,random_plane_4,baseline_plane,perpendicular_fraction_within_15deg,0.14374999999999999
test,jittered_alignment,train_fit,random_plane_4,baseline_plane,condition_span_mean_radians,2.8919502791626077
test,jittered_alignment,train_fit,random_plane_4,baseline_plane,condition_span_median_radians,2.7493992632992845
test,jittered_alignment,train_fit,random_plane_4,baseline_plane,condition_span_min_radians,1.2374095819980013
test,jittered_alignment,train_fit,random_plane_4,baseline_plane,condition_span_max_radians,5.6548443874721546
test,jittered_alignment,train_fit,random_plane_4,baseline_plane,signed_direction_consistency,0.75
test,jittered_alignment,train_fit,random_plane_4,baseline_plane,condition_signed_angular_rate_mean,-0.55988794911787876
test,jittered_alignment,train_fit,random_plane_4,baseline_plane,condition_signed_angular_rate_sd,0.93420423659369434
test,jittered_alignment,train_fit,random_plane_4,condition_0,condition_span_radians,2.6047088879825848
test,jittered_alignment,train_fit,random_plane_4,condition_1,condition_span_radians,2.8053661772169698
test,jittered_alignment,train_fit,random_plane_4,condition_2,condition_span_radians,2.0194353236915723
test,jittered_alignment,train_fit,random_plane_4,condition_3,condition_span_radians,5.6548443874721546
test,jittered_alignment,train_fit,random_plane_4,condition_4,condition_span_radians,1.2374095819980013
test,jittered_alignment,train_fit,random_plane_4,condition_5,condition_span_radians,3.0069037743531646
test,jittered_alignment,train_fit,random_plane_4,condition_6,condition_span_radians,3.1135017512048142
test,jittered_alignment,train_fit,random_plane_4,condition_7,condition_span_radians,2.6934323493815993
validation,jittered_alignment,independent_fit,skew_plane_1,train_validation_observed_space_stability,plane_angle_degrees,1.0012221469341331
validation,jittered_alignment,independent_fit,skew_plane_1,train_validation_observed_space_stability,signed_rate_difference,0.014372715882640996
validation,jittered_alignment,independent_fit,skew_plane_2,train_validation_observed_space_stability,plane_angle_degrees,0.95671587944348446
validation,jittered_alignment,independent_fit,skew_plane_2,train_validation_observed_space_stability,signed_rate_difference,-0.001194309492242529
test,jittered_alignment,independent_fit,skew_plane_1,train_test_observed_space_stability,plane_angle_degrees,0.76475602986145153
test,jittered_alignment,independent_fit,skew_plane_1,train_test_observed_space_stability,signed_rate_difference,0.01315592755251016
test,jittered_alignment,independent_fit,skew_plane_2,train_test_observed_space_stability,plane_angle_degrees,1.7107589249643014
test,jittered_alignment,independent_fit,skew_plane_2,train_test_observed_space_stability,signed_rate_difference,0.00071434233831879634
train,jittered_alignment,leave_one_condition_out,skew_plane_1,held_out_condition_0,plane_angle_degrees,1.2463918051879543
train,jittered_alignment,leave_one_condition_out,skew_plane_1,held_out_condition_0,absolute_rate_change,0.0041989062634406604
train,jittered_alignment,leave_one_condition_out,skew_plane_2,held_out_condition_0,plane_angle_degrees,1.5029526115558083
train,jittered_alignment,leave_one_condition_out,skew_plane_2,held_out_condition_0,absolute_rate_change,0.000351958665151475
train,jittered_alignment,leave_one_condition_out,skew_plane_1,held_out_condition_1,plane_angle_degrees,0.507075959687046
train,jittered_alignment,leave_one_condition_out,skew_plane_1,held_out_condition_1,absolute_rate_change,0.001031553602882429
train,jittered_alignment,leave_one_condition_out,skew_plane_2,held_out_condition_1,plane_angle_degrees,0.94538558261665895
train,jittered_alignment,leave_one_condition_out,skew_plane_2,held_out_condition_1,absolute_rate_change,0.0003650110695720965
train,jittered_alignment,leave_one_condition_out,skew_plane_1,held_out_condition_2,plane_angle_degrees,0.19771693395387699
train,jittered_alignment,leave_one_condition_out,skew_plane_1,held_out_condition_2,absolute_rate_change,0.00082344657740840432
train,jittered_alignment,leave_one_condition_out,skew_plane_2,held_out_condition_2,plane_angle_degrees,1.833646228373522
train,jittered_alignment,leave_one_condition_out,skew_plane_2,held_out_condition_2,absolute_rate_change,0.0005832527498919049
train,jittered_alignment,leave_one_condition_out,skew_plane_1,held_out_condition_3,plane_angle_degrees,0.69005774651064367
train,jittered_alignment,leave_one_condition_out,skew_plane_1,held_out_condition_3,absolute_rate_change,0.0056540760917411781
train,jittered_alignment,leave_one_condition_out,skew_plane_2,held_out_condition_3,plane_angle_degrees,1.9880117857095925
train,jittered_alignment,leave_one_condition_out,skew_plane_2,held_out_condition_3,absolute_rate_change,0.0017724453652170347
train,jittered_alignment,leave_one_condition_out,skew_plane_1,held_out_condition_4,plane_angle_degrees,0.10858942365609971
train,jittered_alignment,leave_one_condition_out,skew_plane_1,held_out_condition_4,absolute_rate_change,0.001057829573525515
train,jittered_alignment,leave_one_condition_out,skew_plane_2,held_out_condition_4,plane_angle_degrees,2.2023448838272595
train,jittered_alignment,leave_one_condition_out,skew_plane_2,held_out_condition_4,absolute_rate_change,0.0008841806721983092
train,jittered_alignment,leave_one_condition_out,skew_plane_1,held_out_condition_5,plane_angle_degrees,0.56594259664259738
train,jittered_alignment,leave_one_condition_out,skew_plane_1,held_out_condition_5,absolute_rate_change,0.0017548582137467683
train,jittered_alignment,leave_one_condition_out,skew_plane_2,held_out_condition_5,plane_angle_degrees,5.7423378965437086
train,jittered_alignment,leave_one_condition_out,skew_plane_2,held_out_condition_5,absolute_rate_change,0.0064117702765249529
train,jittered_alignment,leave_one_condition_out,skew_plane_1,held_out_condition_6,plane_angle_degrees,0.49875042078645782
train,jittered_alignment,leave_one_condition_out,skew_plane_1,held_out_condition_6,absolute_rate_change,0.00065803281075904607
train,jittered_alignment,leave_one_condition_out,skew_plane_2,held_out_condition_6,plane_angle_degrees,0.30282413042315476
train,jittered_alignment,leave_one_condition_out,skew_plane_2,held_out_condition_6,absolute_rate_change,0.0027867643118302254
train,jittered_alignment,leave_one_condition_out,skew_plane_1,held_out_condition_7,plane_angle_degrees,1.2656506720338421
train,jittered_alignment,leave_one_condition_out,skew_plane_1,held_out_condition_7,absolute_rate_change,0.0084014598258177475
train,jittered_alignment,leave_one_condition_out,skew_plane_2,held_out_condition_7,plane_angle_degrees,3.7464874106236263
train,jittered_alignment,leave_one_condition_out,skew_plane_2,held_out_condition_7,absolute_rate_change,0.00054640096712232911
test,jittered_alignment,frozen_training_plane_single_trial,skew_plane_1,test_trials,tangential_energy,26.803610284764229
test,jittered_alignment,frozen_training_plane_single_trial,skew_plane_1,test_trials,radial_energy,17.848422572093479
test,jittered_alignment,frozen_training_plane_single_trial,skew_plane_1,test_trials,tangential_radial_energy_ratio,1.5776877953934303
test,jittered_alignment,frozen_training_plane_single_trial,skew_plane_1,test_trials,perpendicular_fraction_within_15deg,0.19999999999999998
test,jittered_alignment,frozen_training_plane_single_trial,skew_plane_2,test_trials,tangential_energy,19.868057240405808
test,jittered_alignment,frozen_training_plane_single_trial,skew_plane_2,test_trials,radial_energy,18.238164501265096
test,jittered_alignment,frozen_training_plane_single_trial,skew_plane_2,test_trials,tangential_radial_energy_ratio,1.1331388940844591
test,jittered_alignment,frozen_training_plane_single_trial,skew_plane_2,test_trials,perpendicular_fraction_within_15deg,0.17708333333333331
train,smoothed,train_fit,unrestricted,heldout_derivative,derivative_mse,0.18557610554885262
train,smoothed,train_fit,unrestricted,heldout_derivative,derivative_r2,0.88614147554237555
train,smoothed,train_fit,skew_constrained,heldout_derivative,derivative_mse,0.19399914198756577
train,smoothed,train_fit,skew_constrained,heldout_derivative,derivative_r2,0.88097359847367496
train,smoothed,train_fit,symmetric_constrained,heldout_derivative,derivative_mse,1.5783366562924843
train,smoothed,train_fit,symmetric_constrained,heldout_derivative,derivative_r2,0.031625961481687948
validation,smoothed,train_fit,unrestricted,heldout_derivative,derivative_mse,0.48749689047720179
validation,smoothed,train_fit,unrestricted,heldout_derivative,derivative_r2,0.74942321780811083
validation,smoothed,train_fit,skew_constrained,heldout_derivative,derivative_mse,0.49587547872048632
validation,smoothed,train_fit,skew_constrained,heldout_derivative,derivative_r2,0.74511656535078363
validation,smoothed,train_fit,symmetric_constrained,heldout_derivative,derivative_mse,1.8887324539830779
validation,smoothed,train_fit,symmetric_constrained,heldout_derivative,derivative_r2,0.029178421472202176
test,smoothed,train_fit,unrestricted,heldout_derivative,derivative_mse,0.32157293468632614
test,smoothed,train_fit,unrestricted,heldout_derivative,derivative_r2,0.81873037344324251
test,smoothed,train_fit,skew_constrained,heldout_derivative,derivative_mse,0.32918143640727826
test,smoothed,train_fit,skew_constrained,heldout_derivative,derivative_r2,0.81444148555235474
test,smoothed,train_fit,symmetric_constrained,heldout_derivative,derivative_mse,1.7195090659768721
test,smoothed,train_fit,symmetric_constrained,heldout_derivative,derivative_r2,0.030718283071226815
test,smoothed,train_fit,skew_plane_1,projected_trajectory,plane_occupancy,0.39947427213968534
test,smoothed,train_fit,skew_plane_1,projected_trajectory,tangential_energy,7.7143029856193852
test,smoothed,train_fit,skew_plane_1,projected_trajectory,radial_energy,0.33717747175041457
test,smoothed,train_fit,skew_plane_1,projected_trajectory,tangential_radial_energy_ratio,22.879058157627046
test,smoothed,train_fit,skew_plane_1,projected_trajectory,perpendicular_fraction_within_15deg,0.70625000000000004
test,smoothed,train_fit,skew_plane_1,projected_trajectory,condition_span_mean_radians,4.7382414778754303
test,smoothed,train_fit,skew_plane_1,projected_trajectory,condition_span_median_radians,4.7325443768863451
test,smoothed,train_fit,skew_plane_1,projected_trajectory,condition_span_min_radians,4.6626407143741302
test,smoothed,train_fit,skew_plane_1,projected_trajectory,condition_span_max_radians,4.86081855874989
test,smoothed,train_fit,skew_plane_1,projected_trajectory,signed_direction_consistency,1
test,smoothed,train_fit,skew_plane_1,projected_trajectory,condition_signed_angular_rate_mean,2.0108506588106581
test,smoothed,train_fit,skew_plane_1,projected_trajectory,condition_signed_angular_rate_sd,0.034463927705822739
test,smoothed,train_fit,skew_plane_1,condition_0,condition_span_radians,4.7047835550960544
test,smoothed,train_fit,skew_plane_1,condition_1,condition_span_radians,4.7393783981494346
test,smoothed,train_fit,skew_plane_1,condition_2,condition_span_radians,4.86081855874989
test,smoothed,train_fit,skew_plane_1,condition_3,condition_span_radians,4.7257103556232565
test,smoothed,train_fit,skew_plane_1,condition_4,condition_span_radians,4.6988743536494226
test,smoothed,train_fit,skew_plane_1,condition_5,condition_span_radians,4.6626407143741302
test,smoothed,train_fit,skew_plane_1,condition_6,condition_span_radians,4.7441745396438346
test,smoothed,train_fit,skew_plane_1,condition_7,condition_span_radians,4.7695513477174165
test,smoothed,train_fit,skew_plane_1,skew_generator,signed_rate,1.9947818665976671
test,smoothed,train_fit,skew_plane_1,skew_generator,absolute_rate,1.9947818665976671
test,smoothed,train_fit,skew_plane_2,projected_trajectory,plane_occupancy,0.55252506109346822
test,smoothed,train_fit,skew_plane_2,projected_trajectory,tangential_energy,1.6060582489028206
test,smoothed,train_fit,skew_plane_2,projected_trajectory,radial_energy,0.32307369573019107
test,smoothed,train_fit,skew_plane_2,projected_trajectory,tangential_radial_energy_ratio,4.9711823343367758
test,smoothed,train_fit,skew_plane_2,projected_trajectory,perpendicular_fraction_within_15deg,0.36041666666666666
test,smoothed,train_fit,skew_plane_2,projected_trajectory,condition_span_mean_radians,1.6889002947284681
test,smoothed,train_fit,skew_plane_2,projected_trajectory,condition_span_median_radians,1.6558425780899997
test,smoothed,train_fit,skew_plane_2,projected_trajectory,condition_span_min_radians,1.6018001938156849
test,smoothed,train_fit,skew_plane_2,projected_trajectory,condition_span_max_radians,1.9517404130931846
test,smoothed,train_fit,skew_plane_2,projected_trajectory,signed_direction_consistency,1
test,smoothed,train_fit,skew_plane_2,projected_trajectory,condition_signed_angular_rate_mean,0.72356627927829875
test,smoothed,train_fit,skew_plane_2,projected_trajectory,condition_signed_angular_rate_sd,0.064646609882806266
test,smoothed,train_fit,skew_plane_2,condition_0,condition_span_radians,1.9517404130931846
test,smoothed,train_fit,skew_plane_2,condition_1,condition_span_radians,1.7009540145504154
test,smoothed,train_fit,skew_plane_2,condition_2,condition_span_radians,1.6408456867056382
test,smoothed,train_fit,skew_plane_2,condition_3,condition_span_radians,1.6258283028016942
test,smoothed,train_fit,skew_plane_2,condition_4,condition_span_radians,1.6018001938156849
test,smoothed,train_fit,skew_plane_2,condition_5,condition_span_radians,1.6460713571636183
test,smoothed,train_fit,skew_plane_2,condition_6,condition_span_radians,1.6656137990163813
test,smoothed,train_fit,skew_plane_2,condition_7,condition_span_radians,1.6783485906811286
test,smoothed,train_fit,skew_plane_2,skew_generator,signed_rate,0.70061275015682145
test,smoothed,train_fit,skew_plane_2,skew_generator,absolute_rate,0.70061275015682145
test,smoothed,train_fit,skew_plane_1,true_positive_pca_plane_1,plane_max_angle_degrees,1.3975136769794319
test,smoothed,train_fit,skew_plane_1,true_positive_pca_plane_1,plane_rms_sine_error,0.017662960597392769
test,smoothed,train_fit,skew_plane_1,true_positive_pca_plane_1,plane_projector_frobenius_error,0.035325921194762099
test,smoothed,train_fit,skew_plane_1,true_positive_pca_plane_1,signed_rate_error,-0.0052181334023329029
test,smoothed,train_fit,skew_plane_1,true_positive_pca_plane_1,absolute_rate_error,0.0052181334023329029
test,smoothed,train_fit,skew_plane_1,true_positive_pca_plane_1,relative_rate_error,0.0026090667011664515
test,smoothed,train_fit,skew_plane_2,true_positive_pca_plane_2,plane_max_angle_degrees,4.862538062857535
test,smoothed,train_fit,skew_plane_2,true_positive_pca_plane_2,plane_rms_sine_error,0.071565116813019913
test,smoothed,train_fit,skew_plane_2,true_positive_pca_plane_2,plane_projector_frobenius_error,0.14313023362604033
test,smoothed,train_fit,skew_plane_2,true_positive_pca_plane_2,signed_rate_error,0.00061275015682149547
test,smoothed,train_fit,skew_plane_2,true_positive_pca_plane_2,absolute_rate_error,0.00061275015682149547
test,smoothed,train_fit,skew_plane_2,true_positive_pca_plane_2,relative_rate_error,0.00087535736688785072
test,smoothed,train_fit,fixed_plane,baseline_plane,plane_occupancy,0.62064389990836166
test,smoothed,train_fit,fixed_plane,baseline_plane,tangential_energy,2.9309192949357898
test,smoothed,train_fit,fixed_plane,baseline_plane,radial_energy,1.25117797847879
test,smoothed,train_fit,fixed_plane,baseline_plane,tangential_radial_energy_ratio,2.3425278780076249
test,smoothed,train_fit,fixed_plane,baseline_plane,perpendicular_fraction_within_15deg,0.26250000000000001
test,smoothed,train_fit,fixed_plane,baseline_plane,condition_span_mean_radians,2.1211112780663184
test,smoothed,train_fit,fixed_plane,baseline_plane,condition_span_median_radians,1.8506394403595019
test,smoothed,train_fit,fixed_plane,baseline_plane,condition_span_min_radians,1.3892017441332489
test,smoothed,train_fit,fixed_plane,baseline_plane,condition_span_max_radians,3.9044583842287701
test,smoothed,train_fit,fixed_plane,baseline_plane,signed_direction_consistency,0.875
test,smoothed,train_fit,fixed_plane,baseline_plane,condition_signed_angular_rate_mean,-0.75058520599721734
test,smoothed,train_fit,fixed_plane,baseline_plane,condition_signed_angular_rate_sd,0.47828880963962028
test,smoothed,train_fit,fixed_plane,condition_0,condition_span_radians,2.8372918410144203
test,smoothed,train_fit,fixed_plane,condition_1,condition_span_radians,2.0704109663115693
test,smoothed,train_fit,fixed_plane,condition_2,condition_span_radians,1.7298581304693792
test,smoothed,train_fit,fixed_plane,condition_3,condition_span_radians,3.9044583842287701
test,smoothed,train_fit,fixed_plane,condition_4,condition_span_radians,1.586740862700323
test,smoothed,train_fit,fixed_plane,condition_5,condition_span_radians,1.4795075454232096
test,smoothed,train_fit,fixed_plane,condition_6,condition_span_radians,1.9714207502496244
test,smoothed,train_fit,fixed_plane,condition_7,condition_span_radians,1.3892017441332489
test,smoothed,train_fit,random_plane_0,baseline_plane,plane_occupancy,0.16811343995616126
test,smoothed,train_fit,random_plane_0,baseline_plane,tangential_energy,1.2272989398203122
test,smoothed,train_fit,random_plane_0,baseline_plane,radial_energy,0.75596456777776655
test,smoothed,train_fit,random_plane_0,baseline_plane,tangential_radial_energy_ratio,1.6234873856959728
test,smoothed,train_fit,random_plane_0,baseline_plane,perpendicular_fraction_within_15deg,0.21249999999999999
test,smoothed,train_fit,random_plane_0,baseline_plane,condition_span_mean_radians,3.617744947463656
test,smoothed,train_fit,random_plane_0,baseline_plane,condition_span_median_radians,3.6564452173585504
test,smoothed,train_fit,random_plane_0,baseline_plane,condition_span_min_radians,0.4547021486408096
test,smoothed,train_fit,random_plane_0,baseline_plane,condition_span_max_radians,7.1379601907181893
test,smoothed,train_fit,random_plane_0,baseline_plane,signed_direction_consistency,0.875
test,smoothed,train_fit,random_plane_0,baseline_plane,condition_signed_angular_rate_mean,1.3095344325341933
test,smoothed,train_fit,random_plane_0,baseline_plane,condition_signed_angular_rate_sd,1.2679581571005565
test,smoothed,train_fit,random_plane_0,condition_0,condition_span_radians,5.0009603096262287
test,smoothed,train_fit,random_plane_0,condition_1,condition_span_radians,4.2705114443414569
test,smoothed,train_fit,random_plane_0,condition_2,condition_span_radians,3.0423789903756435
test,smoothed,train_fit,random_plane_0,condition_3,condition_span_radians,2.7925424058068096
test,smoothed,train_fit,random_plane_0,condition_4,condition_span_radians,7.1379601907181893
test,smoothed,train_fit,random_plane_0,condition_5,condition_span_radians,0.4547021486408096
test,smoothed,train_fit,random_plane_0,condition_6,condition_span_radians,1.8513462584621325
test,smoothed,train_fit,random_plane_0,condition_7,condition_span_radians,4.3915578317379786
test,smoothed,train_fit,random_plane_1,baseline_plane,plane_occupancy,0.41434413956404642
test,smoothed,train_fit,random_plane_1,baseline_plane,tangential_energy,1.8228947816247674
test,smoothed,train_fit,random_plane_1,baseline_plane,radial_energy,0.86298017212574352
test,smoothed,train_fit,random_plane_1,baseline_plane,tangential_radial_energy_ratio,2.1123252196333846
test,smoothed,train_fit,random_plane_1,baseline_plane,perpendicular_fraction_within_15deg,0.21249999999999999
test,smoothed,train_fit,random_plane_1,baseline_plane,condition_span_mean_radians,1.7778996083760625
test,smoothed,train_fit,random_plane_1,baseline_plane,condition_span_median_radians,1.7921186210440072
test,smoothed,train_fit,random_plane_1,baseline_plane,condition_span_min_radians,1.0912805237623
test,smoothed,train_fit,random_plane_1,baseline_plane,condition_span_max_radians,2.2954111801726835
test,smoothed,train_fit,random_plane_1,baseline_plane,signed_direction_consistency,1
test,smoothed,train_fit,random_plane_1,baseline_plane,condition_signed_angular_rate_mean,-0.63328570743685342
test,smoothed,train_fit,random_plane_1,baseline_plane,condition_signed_angular_rate_sd,0.25269147745868858
test,smoothed,train_fit,random_plane_1,condition_0,condition_span_radians,2.2954111801726835
test,smoothed,train_fit,random_plane_1,condition_1,condition_span_radians,2.1847203971898579
test,smoothed,train_fit,random_plane_1,condition_2,condition_span_radians,1.5592190146976654
test,smoothed,train_fit,random_plane_1,condition_3,condition_span_radians,1.6662871147241698
test,smoothed,train_fit,random_plane_1,condition_4,condition_span_radians,1.0912805237623
test,smoothed,train_fit,random_plane_1,condition_5,condition_span_radians,1.9179501273638446
test,smoothed,train_fit,random_plane_1,condition_6,condition_span_radians,2.1859358367696049
test,smoothed,train_fit,random_plane_1,condition_7,condition_span_radians,1.3223926723283725
test,smoothed,train_fit,random_plane_2,baseline_plane,plane_occupancy,0.27054168462373912
test,smoothed,train_fit,random_plane_2,baseline_plane,tangential_energy,1.4458963505203748
test,smoothed,train_fit,random_plane_2,baseline_plane,radial_energy,2.209330642828609
test,smoothed,train_fit,random_plane_2,baseline_plane,tangential_radial_energy_ratio,0.65444995986168542
test,smoothed,train_fit,random_plane_2,baseline_plane,perpendicular_fraction_within_15deg,0.12708333333333333
test,smoothed,train_fit,random_plane_2,baseline_plane,condition_span_mean_radians,3.1318042614905357
test,smoothed,train_fit,random_plane_2,baseline_plane,condition_span_median_radians,3.1303111370876309
test,smoothed,train_fit,random_plane_2,baseline_plane,condition_span_min_radians,0.58823418109959213
test,smoothed,train_fit,random_plane_2,baseline_plane,condition_span_max_radians,5.675712789177938
test,smoothed,train_fit,random_plane_2,baseline_plane,signed_direction_consistency,0.5
test,smoothed,train_fit,random_plane_2,baseline_plane,condition_signed_angular_rate_mean,-0.75618686082170117
test,smoothed,train_fit,random_plane_2,baseline_plane,condition_signed_angular_rate_sd,1.3131290373373137
test,smoothed,train_fit,random_plane_2,condition_0,condition_span_radians,4.8401116475862755
test,smoothed,train_fit,random_plane_2,condition_1,condition_span_radians,5.675712789177938
test,smoothed,train_fit,random_plane_2,condition_2,condition_span_radians,1.7444187591478095
test,smoothed,train_fit,random_plane_2,condition_3,condition_span_radians,5.2176813363236585
test,smoothed,train_fit,random_plane_2,condition_4,condition_span_radians,0.7276531044137502
test,smoothed,train_fit,random_plane_2,condition_5,condition_span_radians,0.58823418109959213
test,smoothed,train_fit,random_plane_2,condition_6,condition_span_radians,2.4599483648296059
test,smoothed,train_fit,random_plane_2,condition_7,condition_span_radians,3.8006739093456559
test,smoothed,train_fit,random_plane_3,baseline_plane,plane_occupancy,0.2853987628789198
test,smoothed,train_fit,random_plane_3,baseline_plane,tangential_energy,3.3261980907332696
test,smoothed,train_fit,random_plane_3,baseline_plane,radial_energy,1.1763409868405321
test,smoothed,train_fit,random_plane_3,baseline_plane,tangential_radial_energy_ratio,2.8275798666736227
test,smoothed,train_fit,random_plane_3,baseline_plane,perpendicular_fraction_within_15deg,0.28749999999999998
test,smoothed,train_fit,random_plane_3,baseline_plane,condition_span_mean_radians,3.8426909159887108
test,smoothed,train_fit,random_plane_3,baseline_plane,condition_span_median_radians,4.1322165872870897
test,smoothed,train_fit,random_plane_3,baseline_plane,condition_span_min_radians,0.81402144594087233
test,smoothed,train_fit,random_plane_3,baseline_plane,condition_span_max_radians,5.6851791496909048
test,smoothed,train_fit,random_plane_3,baseline_plane,signed_direction_consistency,0.875
test,smoothed,train_fit,random_plane_3,baseline_plane,condition_signed_angular_rate_mean,1.0451677622436315
test,smoothed,train_fit,random_plane_3,baseline_plane,condition_signed_angular_rate_sd,1.3657049450535794
test,smoothed,train_fit,random_plane_3,condition_0,condition_span_radians,5.016176994822767
test,smoothed,train_fit,random_plane_3,condition_1,condition_span_radians,4.9331719207691238
test,smoothed,train_fit,random_plane_3,condition_2,condition_span_radians,2.9283364593671353
test,smoothed,train_fit,random_plane_3,condition_3,condition_span_radians,4.9846350135378259
test,smoothed,train_fit,random_plane_3,condition_4,condition_span_radians,0.81402144594087233
test,smoothed,train_fit,random_plane_3,condition_5,condition_span_radians,3.0487450899760016
test,smoothed,train_fit,random_plane_3,condition_6,condition_span_radians,5.6851791496909048
test,smoothed,train_fit,random_plane_3,condition_7,condition_span_radians,3.3312612538050548
test,smoothed,train_fit,random_plane_4,baseline_plane,plane_occupancy,0.17399874582000402
test,smoothed,train_fit,random_plane_4,baseline_plane,tangential_energy,1.4047169905453813
test,smoothed,train_fit,random_plane_4,baseline_plane,radial_energy,1.4209477505904777
test,smoothed,train_fit,random_plane_4,baseline_plane,tangential_radial_energy_ratio,0.98857751100393965
test,smoothed,train_fit,random_plane_4,baseline_plane,perpendicular_fraction_within_15deg,0.16458333333333333
test,smoothed,train_fit,random_plane_4,baseline_plane,condition_span_mean_radians,2.808492656825722
test,smoothed,train_fit,random_plane_4,baseline_plane,condition_span_median_radians,2.7035743616872265
test,smoothed,train_fit,random_plane_4,baseline_plane,condition_span_min_radians,1.1896007635207688
test,smoothed,train_fit,random_plane_4,baseline_plane,condition_span_max_radians,5.6623559302586344
test,smoothed,train_fit,random_plane_4,baseline_plane,signed_direction_consistency,0.75
test,smoothed,train_fit,random_plane_4,baseline_plane,condition_signed_angular_rate_mean,-0.45473406851392828
test,smoothed,train_fit,random_plane_4,baseline_plane,condition_signed_angular_rate_sd,0.95970897907066655
test,smoothed,train_fit,random_plane_4,condition_0,condition_span_radians,2.3984576608642292
test,smoothed,train_fit,random_plane_4,condition_1,condition_span_radians,2.759602006649422
test,smoothed,train_fit,random_plane_4,condition_2,condition_span_radians,1.8418014432298784
test,smoothed,train_fit,random_plane_4,condition_3,condition_span_radians,5.6623559302586344
test,smoothed,train_fit,random_plane_4,condition_4,condition_span_radians,1.1896007635207688
test,smoothed,train_fit,random_plane_4,condition_5,condition_span_radians,2.9506807856246304
test,smoothed,train_fit,random_plane_4,condition_6,condition_span_radians,3.0178959477331828
test,smoothed,train_fit,random_plane_4,condition_7,condition_span_radians,2.6475467167250306
validation,smoothed,independent_fit,skew_plane_1,train_validation_observed_space_stability,plane_angle_degrees,0.88894801726448247
validation,smoothed,independent_fit,skew_plane_1,train_validation_observed_space_stability,signed_rate_difference,0.013303008990748655
validation,smoothed,independent_fit,skew_plane_2,train_validation_observed_space_stability,plane_angle_degrees,2.1457350180434438
validation,smoothed,independent_fit,skew_plane_2,train_validation_observed_space_stability,signed_rate_difference,0.00054485818647698192
test,smoothed,independent_fit,skew_plane_1,train_test_observed_space_stability,plane_angle_degrees,0.75296495024531573
test,smoothed,independent_fit,skew_plane_1,train_test_observed_space_stability,signed_rate_difference,0.01333452393631207
test,smoothed,independent_fit,skew_plane_2,train_test_observed_space_stability,plane_angle_degrees,1.4627068465739561
test,smoothed,independent_fit,skew_plane_2,train_test_observed_space_stability,signed_rate_difference,0.0010540812419507217
train,smoothed,leave_one_condition_out,skew_plane_1,held_out_condition_0,plane_angle_degrees,1.2252151025707407
train,smoothed,leave_one_condition_out,skew_plane_1,held_out_condition_0,absolute_rate_change,0.0045059542307992473
train,smoothed,leave_one_condition_out,skew_plane_2,held_out_condition_0,plane_angle_degrees,1.3617957640222558
train,smoothed,leave_one_condition_out,skew_plane_2,held_out_condition_0,absolute_rate_change,0.00061061694262787292
train,smoothed,leave_one_condition_out,skew_plane_1,held_out_condition_1,plane_angle_degrees,0.50275680294657865
train,smoothed,leave_one_condition_out,skew_plane_1,held_out_condition_1,absolute_rate_change,0.0009970473637144206
train,smoothed,leave_one_condition_out,skew_plane_2,held_out_condition_1,plane_angle_degrees,0.90078781147983422
train,smoothed,leave_one_condition_out,skew_plane_2,held_out_condition_1,absolute_rate_change,7.029613921838429e-05
train,smoothed,leave_one_condition_out,skew_plane_1,held_out_condition_2,plane_angle_degrees,0.19276271506092238
train,smoothed,leave_one_condition_out,skew_plane_1,held_out_condition_2,absolute_rate_change,0.0008882582917646431
train,smoothed,leave_one_condition_out,skew_plane_2,held_out_condition_2,plane_angle_degrees,1.6754537402575851
train,smoothed,leave_one_condition_out,skew_plane_2,held_out_condition_2,absolute_rate_change,0.0004770626561765301
train,smoothed,leave_one_condition_out,skew_plane_1,held_out_condition_3,plane_angle_degrees,0.67331013803548645
train,smoothed,leave_one_condition_out,skew_plane_1,held_out_condition_3,absolute_rate_change,0.0052091168728760628
train,smoothed,leave_one_condition_out,skew_plane_2,held_out_condition_3,plane_angle_degrees,1.7416660721251704
train,smoothed,leave_one_condition_out,skew_plane_2,held_out_condition_3,absolute_rate_change,0.0010447697656894572
train,smoothed,leave_one_condition_out,skew_plane_1,held_out_condition_4,plane_angle_degrees,0.13949971922486704
train,smoothed,leave_one_condition_out,skew_plane_1,held_out_condition_4,absolute_rate_change,0.00099425141087583491
train,smoothed,leave_one_condition_out,skew_plane_2,held_out_condition_4,plane_angle_degrees,2.1583179352817217
train,smoothed,leave_one_condition_out,skew_plane_2,held_out_condition_4,absolute_rate_change,0.00081811001313014664
train,smoothed,leave_one_condition_out,skew_plane_1,held_out_condition_5,plane_angle_degrees,0.57444488409339889
train,smoothed,leave_one_condition_out,skew_plane_1,held_out_condition_5,absolute_rate_change,0.0016560355988837205
train,smoothed,leave_one_condition_out,skew_plane_2,held_out_condition_5,plane_angle_degrees,5.8461572747710404
train,smoothed,leave_one_condition_out,skew_plane_2,held_out_condition_5,absolute_rate_change,0.003863355930643686
train,smoothed,leave_one_condition_out,skew_plane_1,held_out_condition_6,plane_angle_degrees,0.45814774159903499
train,smoothed,leave_one_condition_out,skew_plane_1,held_out_condition_6,absolute_rate_change,0.00039261381835231646
train,smoothed,leave_one_condition_out,skew_plane_2,held_out_condition_6,plane_angle_degrees,0.27473567319104725
train,smoothed,leave_one_condition_out,skew_plane_2,held_out_condition_6,absolute_rate_change,0.0028605239062947652
train,smoothed,leave_one_condition_out,skew_plane_1,held_out_condition_7,plane_angle_degrees,1.2633555847771725
train,smoothed,leave_one_condition_out,skew_plane_1,held_out_condition_7,absolute_rate_change,0.0086107863304489829
train,smoothed,leave_one_condition_out,skew_plane_2,held_out_condition_7,plane_angle_degrees,3.6171769668894451
train,smoothed,leave_one_condition_out,skew_plane_2,held_out_condition_7,absolute_rate_change,0.00033594825441085607
test,smoothed,frozen_training_plane_single_trial,skew_plane_1,test_trials,tangential_energy,9.6837186235200736
test,smoothed,frozen_training_plane_single_trial,skew_plane_1,test_trials,radial_energy,2.0470554811228636
test,smoothed,frozen_training_plane_single_trial,skew_plane_1,test_trials,tangential_radial_energy_ratio,5.0105914738174002
test,smoothed,frozen_training_plane_single_trial,skew_plane_1,test_trials,perpendicular_fraction_within_15deg,0.37113095238095239
test,smoothed,frozen_training_plane_single_trial,skew_plane_2,test_trials,tangential_energy,3.4324433624244768
test,smoothed,frozen_training_plane_single_trial,skew_plane_2,test_trials,radial_energy,2.1622062403229458
test,smoothed,frozen_training_plane_single_trial,skew_plane_2,test_trials,tangential_radial_energy_ratio,1.6725386190354239
test,smoothed,frozen_training_plane_single_trial,skew_plane_2,test_trials,perpendicular_fraction_within_15deg,0.21577380952380951
train,no_condition_mean_subtraction,train_fit,unrestricted,heldout_derivative,derivative_mse,1.9225521991605914
train,no_condition_mean_subtraction,train_fit,unrestricted,heldout_derivative,derivative_r2,0.52030648548250269
train,no_condition_mean_subtraction,train_fit,skew_constrained,heldout_derivative,derivative_mse,1.931157416320143
train,no_condition_mean_subtraction,train_fit,skew_constrained,heldout_derivative,derivative_r2,0.51815940887035461
train,no_condition_mean_subtraction,train_fit,symmetric_constrained,heldout_derivative,derivative_mse,4.0049592768928148
train,no_condition_mean_subtraction,train_fit,symmetric_constrained,heldout_derivative,derivative_r2,0.0007277868080947103
validation,no_condition_mean_subtraction,train_fit,unrestricted,heldout_derivative,derivative_mse,3.8251968444929259
validation,no_condition_mean_subtraction,train_fit,unrestricted,heldout_derivative,derivative_r2,0.35474916267638923
validation,no_condition_mean_subtraction,train_fit,skew_constrained,heldout_derivative,derivative_mse,3.8333214199606465
validation,no_condition_mean_subtraction,train_fit,skew_constrained,heldout_derivative,derivative_r2,0.35337867395735945
validation,no_condition_mean_subtraction,train_fit,symmetric_constrained,heldout_derivative,derivative_mse,5.92149478932087
validation,no_condition_mean_subtraction,train_fit,symmetric_constrained,heldout_derivative,derivative_r2,0.0011365097413208458
test,no_condition_mean_subtraction,train_fit,unrestricted,heldout_derivative,derivative_mse,2.7108999320886857
test,no_condition_mean_subtraction,train_fit,unrestricted,heldout_derivative,derivative_r2,0.43101315171514576
test,no_condition_mean_subtraction,train_fit,skew_constrained,heldout_derivative,derivative_mse,2.718612426215202
test,no_condition_mean_subtraction,train_fit,skew_constrained,heldout_derivative,derivative_r2,0.42939438752782999
test,no_condition_mean_subtraction,train_fit,symmetric_constrained,heldout_derivative,derivative_mse,4.7630591531866928
test,no_condition_mean_subtraction,train_fit,symmetric_constrained,heldout_derivative,derivative_r2,0.00028843422562652155
test,no_condition_mean_subtraction,train_fit,skew_plane_1,projected_trajectory,plane_occupancy,0.50260535758139502
test,no_condition_mean_subtraction,train_fit,skew_plane_1,projected_trajectory,tangential_energy,14.349715182279214
test,no_condition_mean_subtraction,train_fit,skew_plane_1,projected_trajectory,radial_energy,3.0434872299556317
test,no_condition_mean_subtraction,train_fit,skew_plane_1,projected_trajectory,tangential_radial_energy_ratio,4.7148925223150702
test,no_condition_mean_subtraction,train_fit,skew_plane_1,projected_trajectory,perpendicular_fraction_within_15deg,0.34166666666666667
test,no_condition_mean_subtraction,train_fit,skew_plane_1,projected_trajectory,condition_span_mean_radians,4.8152626289258746
test,no_condition_mean_subtraction,train_fit,skew_plane_1,projected_trajectory,condition_span_median_radians,4.8698557394574529
test,no_condition_mean_subtraction,train_fit,skew_plane_1,projected_trajectory,condition_span_min_radians,4.2240692679589049
test,no_condition_mean_subtraction,train_fit,skew_plane_1,projected_trajectory,condition_span_max_radians,5.0218674001366095
test,no_condition_mean_subtraction,train_fit,skew_plane_1,projected_trajectory,signed_direction_consistency,1
test,no_condition_mean_subtraction,train_fit,skew_plane_1,projected_trajectory,condition_signed_angular_rate_mean,2.040184506609565
test,no_condition_mean_subtraction,train_fit,skew_plane_1,projected_trajectory,condition_signed_angular_rate_sd,0.066873589036984982
test,no_condition_mean_subtraction,train_fit,skew_plane_1,condition_0,condition_span_radians,4.8575467722605303
test,no_condition_mean_subtraction,train_fit,skew_plane_1,condition_1,condition_span_radians,4.8268541623801156
test,no_condition_mean_subtraction,train_fit,skew_plane_1,condition_2,condition_span_radians,5.0218674001366095
test,no_condition_mean_subtraction,train_fit,skew_plane_1,condition_3,condition_span_radians,4.8267835963020298
test,no_condition_mean_subtraction,train_fit,skew_plane_1,condition_4,condition_span_radians,4.9712049150762345
test,no_condition_mean_subtraction,train_fit,skew_plane_1,condition_5,condition_span_radians,4.911610210638198
test,no_condition_mean_subtraction,train_fit,skew_plane_1,condition_6,condition_span_radians,4.8821647066543745
test,no_condition_mean_subtraction,train_fit,skew_plane_1,condition_7,condition_span_radians,4.2240692679589049
test,no_condition_mean_subtraction,train_fit,skew_plane_1,skew_generator,signed_rate,1.9978423329975272
test,no_condition_mean_subtraction,train_fit,skew_plane_1,skew_generator,absolute_rate,1.9978423329975272
test,no_condition_mean_subtraction,train_fit,skew_plane_2,projected_trajectory,plane_occupancy,0.45890212290856625
test,no_condition_mean_subtraction,train_fit,skew_plane_2,projected_trajectory,tangential_energy,4.1759609939794977
test,no_condition_mean_subtraction,train_fit,skew_plane_2,projected_trajectory,radial_energy,2.5871456391929089
test,no_condition_mean_subtraction,train_fit,skew_plane_2,projected_trajectory,tangential_radial_energy_ratio,1.6141190239611864
test,no_condition_mean_subtraction,train_fit,skew_plane_2,projected_trajectory,perpendicular_fraction_within_15deg,0.18333333333333332
test,no_condition_mean_subtraction,train_fit,skew_plane_2,projected_trajectory,condition_span_mean_radians,1.7169485912737201
test,no_condition_mean_subtraction,train_fit,skew_plane_2,projected_trajectory,condition_span_median_radians,1.7692203962485262
test,no_condition_mean_subtraction,train_fit,skew_plane_2,projected_trajectory,condition_span_min_radians,0.53686193661904591
test,no_condition_mean_subtraction,train_fit,skew_plane_2,projected_trajectory,condition_span_max_radians,2.6875454400173506
test,no_condition_mean_subtraction,train_fit,skew_plane_2,projected_trajectory,signed_direction_consistency,1
test,no_condition_mean_subtraction,train_fit,skew_plane_2,projected_trajectory,condition_signed_angular_rate_mean,0.72459783326205851
test,no_condition_mean_subtraction,train_fit,skew_plane_2,projected_trajectory,condition_signed_angular_rate_sd,0.29582905013255512
test,no_condition_mean_subtraction,train_fit,skew_plane_2,condition_0,condition_span_radians,2.6875454400173506
test,no_condition_mean_subtraction,train_fit,skew_plane_2,condition_1,condition_span_radians,1.4221612778368335
test,no_condition_mean_subtraction,train_fit,skew_plane_2,condition_2,condition_span_radians,1.1897177432079165
test,no_condition_mean_subtraction,train_fit,skew_plane_2,condition_3,condition_span_radians,2.2547058003722009
test,no_condition_mean_subtraction,train_fit,skew_plane_2,condition_4,condition_span_radians,0.53686193661904591
test,no_condition_mean_subtraction,train_fit,skew_plane_2,condition_5,condition_span_radians,1.5810546689069194
test,no_condition_mean_subtraction,train_fit,skew_plane_2,condition_6,condition_span_radians,1.9573861235901333
test,no_condition_mean_subtraction,train_fit,skew_plane_2,condition_7,condition_span_radians,2.1061557396393606
test,no_condition_mean_subtraction,train_fit,skew_plane_2,skew_generator,signed_rate,0.69999899386170183
test,no_condition_mean_subtraction,train_fit,skew_plane_2,skew_generator,absolute_rate,0.69999899386170183
test,no_condition_mean_subtraction,train_fit,skew_plane_1,true_positive_pca_plane_1,plane_max_angle_degrees,0.90364560886442269
test,no_condition_mean_subtraction,train_fit,skew_plane_1,true_positive_pca_plane_1,plane_rms_sine_error,0.0126959948147781
test,no_condition_mean_subtraction,train_fit,skew_plane_1,true_positive_pca_plane_1,plane_projector_frobenius_error,0.025391989629548421
test,no_condition_mean_subtraction,train_fit,skew_plane_1,true_positive_pca_plane_1,signed_rate_error,-0.002157667002472774
test,no_condition_mean_subtraction,train_fit,skew_plane_1,true_positive_pca_plane_1,absolute_rate_error,0.002157667002472774
test,no_condition_mean_subtraction,train_fit,skew_plane_1,true_positive_pca_plane_1,relative_rate_error,0.001078833501236387
test,no_condition_mean_subtraction,train_fit,skew_plane_2,true_positive_pca_plane_2,plane_max_angle_degrees,4.6236307966407599
test,no_condition_mean_subtraction,train_fit,skew_plane_2,true_positive_pca_plane_2,plane_rms_sine_error,0.069596492402452928
test,no_condition_mean_subtraction,train_fit,skew_plane_2,true_positive_pca_plane_2,plane_projector_frobenius_error,0.13919298480490214
test,no_condition_mean_subtraction,train_fit,skew_plane_2,true_positive_pca_plane_2,signed_rate_error,-1.0061382981207956e-06
test,no_condition_mean_subtraction,train_fit,skew_plane_2,true_positive_pca_plane_2,absolute_rate_error,1.0061382981207956e-06
test,no_condition_mean_subtraction,train_fit,skew_plane_2,true_positive_pca_plane_2,relative_rate_error,1.4373404258868509e-06
test,no_condition_mean_subtraction,train_fit,fixed_plane,baseline_plane,plane_occupancy,0.63243906454111409
test,no_condition_mean_subtraction,train_fit,fixed_plane,baseline_plane,tangential_energy,7.7491484139452877
test,no_condition_mean_subtraction,train_fit,fixed_plane,baseline_plane,radial_energy,4.2553936009704696
test,no_condition_mean_subtraction,train_fit,fixed_plane,baseline_plane,tangential_radial_energy_ratio,1.8210180163306269
test,no_condition_mean_subtraction,train_fit,fixed_plane,baseline_plane,perpendicular_fraction_within_15deg,0.22916666666666666
test,no_condition_mean_subtraction,train_fit,fixed_plane,baseline_plane,condition_span_mean_radians,2.5613676920765505
test,no_condition_mean_subtraction,train_fit,fixed_plane,baseline_plane,condition_span_median_radians,2.7115523453145851
test,no_condition_mean_subtraction,train_fit,fixed_plane,baseline_plane,condition_span_min_radians,0.71968678550881027
test,no_condition_mean_subtraction,train_fit,fixed_plane,baseline_plane,condition_span_max_radians,4.1877375261640299
test,no_condition_mean_subtraction,train_fit,fixed_plane,baseline_plane,signed_direction_consistency,0.875
test,no_condition_mean_subtraction,train_fit,fixed_plane,baseline_plane,condition_signed_angular_rate_mean,-0.65753003817225364
test,no_condition_mean_subtraction,train_fit,fixed_plane,baseline_plane,condition_signed_angular_rate_sd,0.7560084455273719
test,no_condition_mean_subtraction,train_fit,fixed_plane,condition_0,condition_span_radians,3.6777760947993836
test,no_condition_mean_subtraction,train_fit,fixed_plane,condition_1,condition_span_radians,1.7432454030107272
test,no_condition_mean_subtraction,train_fit,fixed_plane,condition_2,condition_span_radians,2.7160870332407434
test,no_condition_mean_subtraction,train_fit,fixed_plane,condition_3,condition_span_radians,4.1877375261640299
test,no_condition_mean_subtraction,train_fit,fixed_plane,condition_4,condition_span_radians,2.7070176573884264
test,no_condition_mean_subtraction,train_fit,fixed_plane,condition_5,condition_span_radians,0.71968678550881027
test,no_condition_mean_subtraction,train_fit,fixed_plane,condition_6,condition_span_radians,2.9318163518331191
test,no_condition_mean_subtraction,train_fit,fixed_plane,condition_7,condition_span_radians,1.8075746846671612
test,no_condition_mean_subtraction,train_fit,random_plane_0,baseline_plane,plane_occupancy,0.16640490809897288
test,no_condition_mean_subtraction,train_fit,random_plane_0,baseline_plane,tangential_energy,3.4645301848758745
test,no_condition_mean_subtraction,train_fit,random_plane_0,baseline_plane,radial_energy,3.0257935677853571
test,no_condition_mean_subtraction,train_fit,random_plane_0,baseline_plane,tangential_radial_energy_ratio,1.1449988597244716
test,no_condition_mean_subtraction,train_fit,random_plane_0,baseline_plane,perpendicular_fraction_within_15deg,0.17499999999999999
test,no_condition_mean_subtraction,train_fit,random_plane_0,baseline_plane,condition_span_mean_radians,2.3080830070231761
test,no_condition_mean_subtraction,train_fit,random_plane_0,baseline_plane,condition_span_median_radians,2.4822663818153301
test,no_condition_mean_subtraction,train_fit,random_plane_0,baseline_plane,condition_span_min_radians,0.15260088065524968
test,no_condition_mean_subtraction,train_fit,random_plane_0,baseline_plane,condition_span_max_radians,3.5523648979380722
test,no_condition_mean_subtraction,train_fit,random_plane_0,baseline_plane,signed_direction_consistency,0.75
test,no_condition_mean_subtraction,train_fit,random_plane_0,baseline_plane,condition_signed_angular_rate_mean,0.33928164966009966
test,no_condition_mean_subtraction,train_fit,random_plane_0,baseline_plane,condition_signed_angular_rate_sd,0.66730478309903307
test,no_condition_mean_subtraction,train_fit,random_plane_0,condition_0,condition_span_radians,2.4087337134864173
test,no_condition_mean_subtraction,train_fit,random_plane_0,condition_1,condition_span_radians,3.390930910542977
test,no_condition_mean_subtraction,train_fit,random_plane_0,condition_2,condition_span_radians,2.2190326798142879
test,no_condition_mean_subtraction,train_fit,random_plane_0,condition_3,condition_span_radians,2.5557990501442429
test,no_condition_mean_subtraction,train_fit,random_plane_0,condition_4,condition_span_radians,2.585261477183129
test,no_condition_mean_subtraction,train_fit,random_plane_0,condition_5,condition_span_radians,0.15260088065524968
test,no_condition_mean_subtraction,train_fit,random_plane_0,condition_6,condition_span_radians,1.5999404464210323
test,no_condition_mean_subtraction,train_fit,random_plane_0,condition_7,condition_span_radians,3.5523648979380722
test,no_condition_mean_subtraction,train_fit,random_plane_1,baseline_plane,plane_occupancy,0.42797456574042175
test,no_condition_mean_subtraction,train_fit,random_plane_1,baseline_plane,tangential_energy,6.190028706630752
test,no_condition_mean_subtraction,train_fit,random_plane_1,baseline_plane,radial_energy,3.9619680949187002
test,no_condition_mean_subtraction,train_fit,random_plane_1,baseline_plane,tangential_radial_energy_ratio,1.5623620782230887
test,no_condition_mean_subtraction,train_fit,random_plane_1,baseline_plane,perpendicular_fraction_within_15deg,0.22500000000000001
test,no_condition_mean_subtraction,train_fit,random_plane_1,baseline_plane,condition_span_mean_radians,2.4797057687226403
test,no_condition_mean_subtraction,train_fit,random_plane_1,baseline_plane,condition_span_median_radians,1.9877444471557726
test,no_condition_mean_subtraction,train_fit,random_plane_1,baseline_plane,condition_span_min_radians,0.94784386382347252
test,no_condition_mean_subtraction,train_fit,random_plane_1,baseline_plane,condition_span_max_radians,4.7574660332782708
test,no_condition_mean_subtraction,train_fit,random_plane_1,baseline_plane,signed_direction_consistency,1
test,no_condition_mean_subtraction,train_fit,random_plane_1,baseline_plane,condition_signed_angular_rate_mean,-0.71404093518224876
test,no_condition_mean_subtraction,train_fit,random_plane_1,baseline_plane,condition_signed_angular_rate_sd,0.85480134795367113
test,no_condition_mean_subtraction,train_fit,random_plane_1,condition_0,condition_span_radians,4.2893909561800108
test,no_condition_mean_subtraction,train_fit,random_plane_1,condition_1,condition_span_radians,1.6021893580599136
test,no_condition_mean_subtraction,train_fit,random_plane_1,condition_2,condition_span_radians,0.94784386382347252
test,no_condition_mean_subtraction,train_fit,random_plane_1,condition_3,condition_span_radians,4.7574660332782708
test,no_condition_mean_subtraction,train_fit,random_plane_1,condition_4,condition_span_radians,2.2972667170726604
test,no_condition_mean_subtraction,train_fit,random_plane_1,condition_5,condition_span_radians,1.6782221772388848
test,no_condition_mean_subtraction,train_fit,random_plane_1,condition_6,condition_span_radians,3.0329678937848095
test,no_condition_mean_subtraction,train_fit,random_plane_1,condition_7,condition_span_radians,1.2322991503431027
test,no_condition_mean_subtraction,train_fit,random_plane_2,baseline_plane,plane_occupancy,0.25923056260485605
test,no_condition_mean_subtraction,train_fit,random_plane_2,baseline_plane,tangential_energy,5.1720959589258308
test,no_condition_mean_subtraction,train_fit,random_plane_2,baseline_plane,radial_energy,4.6764870868028119
test,no_condition_mean_subtraction,train_fit,random_plane_2,baseline_plane,tangential_radial_energy_ratio,1.1059788817810792
test,no_condition_mean_subtraction,train_fit,random_plane_2,baseline_plane,perpendicular_fraction_within_15deg,0.1875
test,no_condition_mean_subtraction,train_fit,random_plane_2,baseline_plane,condition_span_mean_radians,3.3471508053241266
test,no_condition_mean_subtraction,train_fit,random_plane_2,baseline_plane,condition_span_median_radians,3.3005752170460871
test,no_condition_mean_subtraction,train_fit,random_plane_2,baseline_plane,condition_span_min_radians,1.5550790636753393
test,no_condition_mean_subtraction,train_fit,random_plane_2,baseline_plane,condition_span_max_radians,5.0330831801805367
test,no_condition_mean_subtraction,train_fit,random_plane_2,baseline_plane,signed_direction_consistency,0.75
test,no_condition_mean_subtraction,train_fit,random_plane_2,baseline_plane,condition_signed_angular_rate_mean,-0.82572319869976907
test,no_condition_mean_subtraction,train_fit,random_plane_2,baseline_plane,condition_signed_angular_rate_sd,0.72715637285666246
test,no_condition_mean_subtraction,train_fit,random_plane_2,condition_0,condition_span_radians,4.8163320661677327
test,no_condition_mean_subtraction,train_fit,random_plane_2,condition_1,condition_span_radians,3.2626586708353069
test,no_condition_mean_subtraction,train_fit,random_plane_2,condition_2,condition_span_radians,1.5550790636753393
test,no_condition_mean_subtraction,train_fit,random_plane_2,condition_3,condition_span_radians,5.0330831801805367
test,no_condition_mean_subtraction,train_fit,random_plane_2,condition_4,condition_span_radians,2.2060124206460721
test,no_condition_mean_subtraction,train_fit,random_plane_2,condition_5,condition_span_radians,3.3384917632568678
test,no_condition_mean_subtraction,train_fit,random_plane_2,condition_6,condition_span_radians,3.5260139799352546
test,no_condition_mean_subtraction,train_fit,random_plane_2,condition_7,condition_span_radians,3.0395352978959025
test,no_condition_mean_subtraction,train_fit,random_plane_3,baseline_plane,plane_occupancy,0.28453555304005335
test,no_condition_mean_subtraction,train_fit,random_plane_3,baseline_plane,tangential_energy,6.1868912836023542
test,no_condition_mean_subtraction,train_fit,random_plane_3,baseline_plane,radial_energy,3.6733781660820783
test,no_condition_mean_subtraction,train_fit,random_plane_3,baseline_plane,tangential_radial_energy_ratio,1.6842511181475002
test,no_condition_mean_subtraction,train_fit,random_plane_3,baseline_plane,perpendicular_fraction_within_15deg,0.20833333333333334
test,no_condition_mean_subtraction,train_fit,random_plane_3,baseline_plane,condition_span_mean_radians,3.6602335340883219
test,no_condition_mean_subtraction,train_fit,random_plane_3,baseline_plane,condition_span_median_radians,3.2087922380027081
test,no_condition_mean_subtraction,train_fit,random_plane_3,baseline_plane,condition_span_min_radians,1.9046079067816868
test,no_condition_mean_subtraction,train_fit,random_plane_3,baseline_plane,condition_span_max_radians,5.594924562980184
test,no_condition_mean_subtraction,train_fit,random_plane_3,baseline_plane,signed_direction_consistency,1
test,no_condition_mean_subtraction,train_fit,random_plane_3,baseline_plane,condition_signed_angular_rate_mean,1.5218495354569155
test,no_condition_mean_subtraction,train_fit,random_plane_3,baseline_plane,condition_signed_angular_rate_sd,0.61110327048853164
test,no_condition_mean_subtraction,train_fit,random_plane_3,condition_0,condition_span_radians,5.1140984197534349
test,no_condition_mean_subtraction,train_fit,random_plane_3,condition_1,condition_span_radians,3.6395259016691179
test,no_condition_mean_subtraction,train_fit,random_plane_3,condition_2,condition_span_radians,2.7780585743362982
test,no_condition_mean_subtraction,train_fit,random_plane_3,condition_3,condition_span_radians,5.324185937609113
test,no_condition_mean_subtraction,train_fit,random_plane_3,condition_4,condition_span_radians,2.6222233622316611
test,no_condition_mean_subtraction,train_fit,random_plane_3,condition_5,condition_span_radians,2.3042436073450814
test,no_condition_mean_subtraction,train_fit,random_plane_3,condition_6,condition_span_radians,5.594924562980184
test,no_condition_mean_subtraction,train_fit,random_plane_3,condition_7,condition_span_radians,1.9046079067816868
test,no_condition_mean_subtraction,train_fit,random_plane_4,baseline_plane,plane_occupancy,0.17269890426316717
test,no_condition_mean_subtraction,train_fit,random_plane_4,baseline_plane,tangential_energy,4.8133323614453669
test,no_condition_mean_subtraction,train_fit,random_plane_4,baseline_plane,radial_energy,3.7101021433320898
test,no_condition_mean_subtraction,train_fit,random_plane_4,baseline_plane,tangential_radial_energy_ratio,1.2973584487683274
test,no_condition_mean_subtraction,train_fit,random_plane_4,baseline_plane,perpendicular_fraction_within_15deg,0.16041666666666668
test,no_condition_mean_subtraction,train_fit,random_plane_4,baseline_plane,condition_span_mean_radians,3.7930174779258325
test,no_condition_mean_subtraction,train_fit,random_plane_4,baseline_plane,condition_span_median_radians,3.6398090857123537
test,no_condition_mean_subtraction,train_fit,random_plane_4,baseline_plane,condition_span_min_radians,2.0854030540990722
test,no_condition_mean_subtraction,train_fit,random_plane_4,baseline_plane,condition_span_max_radians,5.4960642781028213
test,no_condition_mean_subtraction,train_fit,random_plane_4,baseline_plane,signed_direction_consistency,0.875
test,no_condition_mean_subtraction,train_fit,random_plane_4,baseline_plane,condition_signed_angular_rate_mean,-0.7431763839779707
test,no_condition_mean_subtraction,train_fit,random_plane_4,baseline_plane,condition_signed_angular_rate_sd,1.4029427074364642
test,no_condition_mean_subtraction,train_fit,random_plane_4,condition_0,condition_span_radians,4.9707598255844703
test,no_condition_mean_subtraction,train_fit,random_plane_4,condition_1,condition_span_radians,3.0416982576768414
test,no_condition_mean_subtraction,train_fit,random_plane_4,condition_2,condition_span_radians,4.9087445366790181
test,no_condition_mean_subtraction,train_fit,random_plane_4,condition_3,condition_span_radians,5.4960642781028213
test,no_condition_mean_subtraction,train_fit,random_plane_4,condition_4,condition_span_radians,2.5618516998397292
test,no_condition_mean_subtraction,train_fit,random_plane_4,condition_5,condition_span_radians,2.0854030540990722
test,no_condition_mean_subtraction,train_fit,random_plane_4,condition_6,condition_span_radians,4.024413372006034
test,no_condition_mean_subtraction,train_fit,random_plane_4,condition_7,condition_span_radians,3.2552047994186735
validation,no_condition_mean_subtraction,independent_fit,skew_plane_1,train_validation_observed_space_stability,plane_angle_degrees,1.1501372773635012
validation,no_condition_mean_subtraction,independent_fit,skew_plane_1,train_validation_observed_space_stability,signed_rate_difference,0.014494678807540406
validation,no_condition_mean_subtraction,independent_fit,skew_plane_2,train_validation_observed_space_stability,plane_angle_degrees,1.2296461136514856
validation,no_condition_mean_subtraction,independent_fit,skew_plane_2,train_validation_observed_space_stability,signed_rate_difference,-0.0021883780923221963
test,no_condition_mean_subtraction,independent_fit,skew_plane_1,train_test_observed_space_stability,plane_angle_degrees,0.74253820053544239
test,no_condition_mean_subtraction,independent_fit,skew_plane_1,train_test_observed_space_stability,signed_rate_difference,-0.0035325276167808006
test,no_condition_mean_subtraction,independent_fit,skew_plane_2,train_test_observed_space_stability,plane_angle_degrees,1.8563301484621417
test,no_condition_mean_subtraction,independent_fit,skew_plane_2,train_test_observed_space_stability,signed_rate_difference,0.0010625831480860493
train,no_condition_mean_subtraction,leave_one_condition_out,skew_plane_1,held_out_condition_0,plane_angle_degrees,1.1398530457293328
train,no_condition_mean_subtraction,leave_one_condition_out,skew_plane_1,held_out_condition_0,absolute_rate_change,0.0045198818560123755
train,no_condition_mean_subtraction,leave_one_condition_out,skew_plane_2,held_out_condition_0,plane_angle_degrees,1.3830527272621187
train,no_condition_mean_subtraction,leave_one_condition_out,skew_plane_2,held_out_condition_0,absolute_rate_change,5.4786148805163748e-05
train,no_condition_mean_subtraction,leave_one_condition_out,skew_plane_1,held_out_condition_1,plane_angle_degrees,0.37652196564795015
train,no_condition_mean_subtraction,leave_one_condition_out,skew_plane_1,held_out_condition_1,absolute_rate_change,0.0014549799604162139
train,no_condition_mean_subtraction,leave_one_condition_out,skew_plane_2,held_out_condition_1,plane_angle_degrees,1.0930735417537898
train,no_condition_mean_subtraction,leave_one_condition_out,skew_plane_2,held_out_condition_1,absolute_rate_change,0.00028832203838657922
train,no_condition_mean_subtraction,leave_one_condition_out,skew_plane_1,held_out_condition_2,plane_angle_degrees,0.1386570168822332
train,no_condition_mean_subtraction,leave_one_condition_out,skew_plane_1,held_out_condition_2,absolute_rate_change,0.00090024271111532883
train,no_condition_mean_subtraction,leave_one_condition_out,skew_plane_2,held_out_condition_2,plane_angle_degrees,1.9202865702926271
train,no_condition_mean_subtraction,leave_one_condition_out,skew_plane_2,held_out_condition_2,absolute_rate_change,0.0014116246050568382
train,no_condition_mean_subtraction,leave_one_condition_out,skew_plane_1,held_out_condition_3,plane_angle_degrees,0.58971412093838194
train,no_condition_mean_subtraction,leave_one_condition_out,skew_plane_1,held_out_condition_3,absolute_rate_change,0.0032094365374795153
train,no_condition_mean_subtraction,leave_one_condition_out,skew_plane_2,held_out_condition_3,plane_angle_degrees,1.8360127015094256
train,no_condition_mean_subtraction,leave_one_condition_out,skew_plane_2,held_out_condition_3,absolute_rate_change,0.0012190504561322424
train,no_condition_mean_subtraction,leave_one_condition_out,skew_plane_1,held_out_condition_4,plane_angle_degrees,0.10849947835163128
train,no_condition_mean_subtraction,leave_one_condition_out,skew_plane_1,held_out_condition_4,absolute_rate_change,0.0029156722230083698
train,no_condition_mean_subtraction,leave_one_condition_out,skew_plane_2,held_out_condition_4,plane_angle_degrees,2.1032570802156032
train,no_condition_mean_subtraction,leave_one_condition_out,skew_plane_2,held_out_condition_4,absolute_rate_change,0.00022506639445218912
train,no_condition_mean_subtraction,leave_one_condition_out,skew_plane_1,held_out_condition_5,plane_angle_degrees,0.43452194802770688
train,no_condition_mean_subtraction,leave_one_condition_out,skew_plane_1,held_out_condition_5,absolute_rate_change,0.0012186419515078928
train,no_condition_mean_subtraction,leave_one_condition_out,skew_plane_2,held_out_condition_5,plane_angle_degrees,5.5742988679942211
train,no_condition_mean_subtraction,leave_one_condition_out,skew_plane_2,held_out_condition_5,absolute_rate_change,0.0048345891301042609
train,no_condition_mean_subtraction,leave_one_condition_out,skew_plane_1,held_out_condition_6,plane_angle_degrees,0.55283016442764643
train,no_condition_mean_subtraction,leave_one_condition_out,skew_plane_1,held_out_condition_6,absolute_rate_change,0.0024401055466296562
train,no_condition_mean_subtraction,leave_one_condition_out,skew_plane_2,held_out_condition_6,plane_angle_degrees,0.57177190837571579
train,no_condition_mean_subtraction,leave_one_condition_out,skew_plane_2,held_out_condition_6,absolute_rate_change,0.0028913076784496949
train,no_condition_mean_subtraction,leave_one_condition_out,skew_plane_1,held_out_condition_7,plane_angle_degrees,0.91440299267814484
train,no_condition_mean_subtraction,leave_one_condition_out,skew_plane_1,held_out_condition_7,absolute_rate_change,0.00033044888462874233
train,no_condition_mean_subtraction,leave_one_condition_out,skew_plane_2,held_out_condition_7,plane_angle_degrees,3.6980739051139557
train,no_condition_mean_subtraction,leave_one_condition_out,skew_plane_2,held_out_condition_7,absolute_rate_change,0.00030771992461520181
test,no_condition_mean_subtraction,frozen_training_plane_single_trial,skew_plane_1,test_trials,tangential_energy,30.1719937000634
test,no_condition_mean_subtraction,frozen_training_plane_single_trial,skew_plane_1,test_trials,radial_energy,18.317977215151039
test,no_condition_mean_subtraction,frozen_training_plane_single_trial,skew_plane_1,test_trials,tangential_radial_energy_ratio,1.7545876588756097
test,no_condition_mean_subtraction,frozen_training_plane_single_trial,skew_plane_1,test_trials,perpendicular_fraction_within_15deg,0.21666666666666665
test,no_condition_mean_subtraction,frozen_training_plane_single_trial,skew_plane_2,test_trials,tangential_energy,19.859153962330822
test,no_condition_mean_subtraction,frozen_training_plane_single_trial,skew_plane_2,test_trials,radial_energy,18.163088896126322
test,no_condition_mean_subtraction,frozen_training_plane_single_trial,skew_plane_2,test_trials,tangential_radial_energy_ratio,1.1460518220839073
test,no_condition_mean_subtraction,frozen_training_plane_single_trial,skew_plane_2,test_trials,perpendicular_fraction_within_15deg,0.17113095238095238
train,symmetric_decay,train_fit,unrestricted,heldout_derivative,derivative_mse,1.5641613803759722
train,symmetric_decay,train_fit,unrestricted,heldout_derivative,derivative_r2,0.058275163232095473
train,symmetric_decay,train_fit,skew_constrained,heldout_derivative,derivative_mse,1.6541511970249274
train,symmetric_decay,train_fit,skew_constrained,heldout_derivative,derivative_r2,0.0040955584561860325
train,symmetric_decay,train_fit,symmetric_constrained,heldout_derivative,derivative_mse,1.5644218836318342
train,symmetric_decay,train_fit,symmetric_constrained,heldout_derivative,derivative_r2,0.058118323669898109
validation,symmetric_decay,train_fit,unrestricted,heldout_derivative,derivative_mse,3.7476447993804225
validation,symmetric_decay,train_fit,unrestricted,heldout_derivative,derivative_r2,0.02589713575906194
validation,symmetric_decay,train_fit,skew_constrained,heldout_derivative,derivative_mse,3.8388974824108346
validation,symmetric_decay,train_fit,skew_constrained,heldout_derivative,derivative_r2,0.0021783724642345792
validation,symmetric_decay,train_fit,symmetric_constrained,heldout_derivative,derivative_mse,3.7478394228569769
validation,symmetric_decay,train_fit,symmetric_constrained,heldout_derivative,derivative_r2,0.025846548444599327
test,symmetric_decay,train_fit,unrestricted,heldout_derivative,derivative_mse,2.82467440102891
test,symmetric_decay,train_fit,unrestricted,heldout_derivative,derivative_r2,0.035289381621511073
test,symmetric_decay,train_fit,skew_constrained,heldout_derivative,derivative_mse,2.9228699567704988
test,symmetric_decay,train_fit,skew_constrained,heldout_derivative,derivative_r2,0.0017526684106072832
test,symmetric_decay,train_fit,symmetric_constrained,heldout_derivative,derivative_mse,2.8241245915219668
test,symmetric_decay,train_fit,symmetric_constrained,heldout_derivative,derivative_r2,0.035477157978757834
test,symmetric_decay,train_fit,skew_plane_1,projected_trajectory,plane_occupancy,0.23383360081015367
test,symmetric_decay,train_fit,skew_plane_1,projected_trajectory,tangential_energy,3.1371511720027585
test,symmetric_decay,train_fit,skew_plane_1,projected_trajectory,radial_energy,3.0288699238152943
test,symmetric_decay,train_fit,skew_plane_1,projected_trajectory,tangential_radial_energy_ratio,1.0357497188426859
test,symmetric_decay,train_fit,skew_plane_1,projected_trajectory,perpendicular_fraction_within_15deg,0.17916666666666667
test,symmetric_decay,train_fit,skew_plane_1,projected_trajectory,condition_span_mean_radians,0.99692586677176531
test,symmetric_decay,train_fit,skew_plane_1,projected_trajectory,condition_span_median_radians,0.84837494801304869
test,symmetric_decay,train_fit,skew_plane_1,projected_trajectory,condition_span_min_radians,0.73051618040867239
test,symmetric_decay,train_fit,skew_plane_1,projected_trajectory,condition_span_max_radians,1.8907974145256463
test,symmetric_decay,train_fit,skew_plane_1,projected_trajectory,signed_direction_consistency,0.625
test,symmetric_decay,train_fit,skew_plane_1,projected_trajectory,condition_signed_angular_rate_mean,0.015431813988740481
test,symmetric_decay,train_fit,skew_plane_1,projected_trajectory,condition_signed_angular_rate_sd,0.54648737838659089
test,symmetric_decay,train_fit,skew_plane_1,condition_0,condition_span_radians,0.74902853072486097
test,symmetric_decay,train_fit,skew_plane_1,condition_1,condition_span_radians,1.0870745586481272
test,symmetric_decay,train_fit,skew_plane_1,condition_2,condition_span_radians,1.8907974145256463
test,symmetric_decay,train_fit,skew_plane_1,condition_3,condition_span_radians,0.86065006065503824
test,symmetric_decay,train_fit,skew_plane_1,condition_4,condition_span_radians,0.83331986503222533
test,symmetric_decay,train_fit,skew_plane_1,condition_5,condition_span_radians,0.73051618040867239
test,symmetric_decay,train_fit,skew_plane_1,condition_6,condition_span_radians,0.83609983537105914
test,symmetric_decay,train_fit,skew_plane_1,condition_7,condition_span_radians,0.98792048880849248
test,symmetric_decay,train_fit,skew_plane_1,skew_generator,signed_rate,0.28476699932566374
test,symmetric_decay,train_fit,skew_plane_1,skew_generator,absolute_rate,0.28476699932566374
test,symmetric_decay,train_fit,skew_plane_2,projected_trajectory,plane_occupancy,0.25099764851811823
test,symmetric_decay,train_fit,skew_plane_2,projected_trajectory,tangential_energy,3.0807152730935856
test,symmetric_decay,train_fit,skew_plane_2,projected_trajectory,radial_energy,2.7803718047118564
test,symmetric_decay,train_fit,skew_plane_2,projected_trajectory,tangential_radial_energy_ratio,1.1080227715849877
test,symmetric_decay,train_fit,skew_plane_2,projected_trajectory,perpendicular_fraction_within_15deg,0.17708333333333334
test,symmetric_decay,train_fit,skew_plane_2,projected_trajectory,condition_span_mean_radians,0.70307592311625833
test,symmetric_decay,train_fit,skew_plane_2,projected_trajectory,condition_span_median_radians,0.54562068316558143
test,symmetric_decay,train_fit,skew_plane_2,projected_trajectory,condition_span_min_radians,0.3774166635432179
test,symmetric_decay,train_fit,skew_plane_2,projected_trajectory,condition_span_max_radians,1.2152877475982571
test,symmetric_decay,train_fit,skew_plane_2,projected_trajectory,signed_direction_consistency,0.875
test,symmetric_decay,train_fit,skew_plane_2,projected_trajectory,condition_signed_angular_rate_mean,0.12468330565901188
test,symmetric_decay,train_fit,skew_plane_2,projected_trajectory,condition_signed_angular_rate_sd,0.13085550756841557
test,symmetric_decay,train_fit,skew_plane_2,condition_0,condition_span_radians,1.0696829128756453
test,symmetric_decay,train_fit,skew_plane_2,condition_1,condition_span_radians,1.004475912875926
test,symmetric_decay,train_fit,skew_plane_2,condition_2,condition_span_radians,0.3774166635432179
test,symmetric_decay,train_fit,skew_plane_2,condition_3,condition_span_radians,0.407657273091036
test,symmetric_decay,train_fit,skew_plane_2,condition_4,condition_span_radians,0.58943796505857637
test,symmetric_decay,train_fit,skew_plane_2,condition_5,condition_span_radians,0.45884550861482154
test,symmetric_decay,train_fit,skew_plane_2,condition_6,condition_span_radians,1.2152877475982571
test,symmetric_decay,train_fit,skew_plane_2,condition_7,condition_span_radians,0.50180340127258649
test,symmetric_decay,train_fit,skew_plane_2,skew_generator,signed_rate,0.10513043267759141
test,symmetric_decay,train_fit,skew_plane_2,skew_generator,absolute_rate,0.10513043267759141
test,symmetric_decay,train_fit,fixed_plane,baseline_plane,plane_occupancy,0.67286099345598194
test,symmetric_decay,train_fit,fixed_plane,baseline_plane,tangential_energy,2.7080702552834044
test,symmetric_decay,train_fit,fixed_plane,baseline_plane,radial_energy,3.2750829260165712
test,symmetric_decay,train_fit,fixed_plane,baseline_plane,tangential_radial_energy_ratio,0.82687074387370862
test,symmetric_decay,train_fit,fixed_plane,baseline_plane,perpendicular_fraction_within_15deg,0.12291666666666666
test,symmetric_decay,train_fit,fixed_plane,baseline_plane,condition_span_mean_radians,0.4784797267720331
test,symmetric_decay,train_fit,fixed_plane,baseline_plane,condition_span_median_radians,0.38090782588427974
test,symmetric_decay,train_fit,fixed_plane,baseline_plane,condition_span_min_radians,0.097853163637951712
test,symmetric_decay,train_fit,fixed_plane,baseline_plane,condition_span_max_radians,1.2160887192306189
test,symmetric_decay,train_fit,fixed_plane,baseline_plane,signed_direction_consistency,0.5
test,symmetric_decay,train_fit,fixed_plane,baseline_plane,condition_signed_angular_rate_mean,0.053920162934319997
test,symmetric_decay,train_fit,fixed_plane,baseline_plane,condition_signed_angular_rate_sd,0.26360263405551559
test,symmetric_decay,train_fit,fixed_plane,condition_0,condition_span_radians,0.097853163637951712
test,symmetric_decay,train_fit,fixed_plane,condition_1,condition_span_radians,0.26949167508746408
test,symmetric_decay,train_fit,fixed_plane,condition_2,condition_span_radians,1.2160887192306189
test,symmetric_decay,train_fit,fixed_plane,condition_3,condition_span_radians,0.94121369698841995
test,symmetric_decay,train_fit,fixed_plane,condition_4,condition_span_radians,0.4923239766810954
test,symmetric_decay,train_fit,fixed_plane,condition_5,condition_span_radians,0.11936708614977976
test,symmetric_decay,train_fit,fixed_plane,condition_6,condition_span_radians,0.17592536654628782
test,symmetric_decay,train_fit,fixed_plane,condition_7,condition_span_radians,0.51557412985464723
test,symmetric_decay,train_fit,random_plane_0,baseline_plane,plane_occupancy,0.19032121004254163
test,symmetric_decay,train_fit,random_plane_0,baseline_plane,tangential_energy,2.7256100053165571
test,symmetric_decay,train_fit,random_plane_0,baseline_plane,radial_energy,3.1242705657305403
test,symmetric_decay,train_fit,random_plane_0,baseline_plane,tangential_radial_energy_ratio,0.87239883613576685
test,symmetric_decay,train_fit,random_plane_0,baseline_plane,perpendicular_fraction_within_15deg,0.15625
test,symmetric_decay,train_fit,random_plane_0,baseline_plane,condition_span_mean_radians,2.3572179300502434
test,symmetric_decay,train_fit,random_plane_0,baseline_plane,condition_span_median_radians,1.8014226518108409
test,symmetric_decay,train_fit,random_plane_0,baseline_plane,condition_span_min_radians,0.41367112271182283
test,symmetric_decay,train_fit,random_plane_0,baseline_plane,condition_span_max_radians,7.8349424863241346
test,symmetric_decay,train_fit,random_plane_0,baseline_plane,signed_direction_consistency,0.75
test,symmetric_decay,train_fit,random_plane_0,baseline_plane,condition_signed_angular_rate_mean,-0.52620046401903176
test,symmetric_decay,train_fit,random_plane_0,baseline_plane,condition_signed_angular_rate_sd,1.4074061521950776
test,symmetric_decay,train_fit,random_plane_0,condition_0,condition_span_radians,2.3792957185883825
test,symmetric_decay,train_fit,random_plane_0,condition_1,condition_span_radians,2.912266565593697
test,symmetric_decay,train_fit,random_plane_0,condition_2,condition_span_radians,1.0819909250681032
test,symmetric_decay,train_fit,random_plane_0,condition_3,condition_span_radians,2.5957999771420424
test,symmetric_decay,train_fit,random_plane_0,condition_4,condition_span_radians,1.2235495850332994
test,symmetric_decay,train_fit,random_plane_0,condition_5,condition_span_radians,0.41622705994046744
test,symmetric_decay,train_fit,random_plane_0,condition_6,condition_span_radians,0.41367112271182283
test,symmetric_decay,train_fit,random_plane_0,condition_7,condition_span_radians,7.8349424863241346
test,symmetric_decay,train_fit,random_plane_1,baseline_plane,plane_occupancy,0.42352561739274924
test,symmetric_decay,train_fit,random_plane_1,baseline_plane,tangential_energy,2.8946947052973644
test,symmetric_decay,train_fit,random_plane_1,baseline_plane,radial_energy,3.1470484479552154
test,symmetric_decay,train_fit,random_plane_1,baseline_plane,tangential_radial_energy_ratio,0.91981256506495246
test,symmetric_decay,train_fit,random_plane_1,baseline_plane,perpendicular_fraction_within_15deg,0.17499999999999999
test,symmetric_decay,train_fit,random_plane_1,baseline_plane,condition_span_mean_radians,0.73104479664182609
test,symmetric_decay,train_fit,random_plane_1,baseline_plane,condition_span_median_radians,0.58832342870416676
test,symmetric_decay,train_fit,random_plane_1,baseline_plane,condition_span_min_radians,0.17840957077020492
test,symmetric_decay,train_fit,random_plane_1,baseline_plane,condition_span_max_radians,1.9658061178041364
test,symmetric_decay,train_fit,random_plane_1,baseline_plane,signed_direction_consistency,0.625
test,symmetric_decay,train_fit,random_plane_1,baseline_plane,condition_signed_angular_rate_mean,0.15772867933359025
test,symmetric_decay,train_fit,random_plane_1,baseline_plane,condition_signed_angular_rate_sd,0.22696337281733844
test,symmetric_decay,train_fit,random_plane_1,condition_0,condition_span_radians,0.55754663200731658
test,symmetric_decay,train_fit,random_plane_1,condition_1,condition_span_radians,0.35484858596425961
test,symmetric_decay,train_fit,random_plane_1,condition_2,condition_span_radians,1.9658061178041364
test,symmetric_decay,train_fit,random_plane_1,condition_3,condition_span_radians,0.62753584479729474
test,symmetric_decay,train_fit,random_plane_1,condition_4,condition_span_radians,1.2115178885226978
test,symmetric_decay,train_fit,random_plane_1,condition_5,condition_span_radians,0.17840957077020492
test,symmetric_decay,train_fit,random_plane_1,condition_6,condition_span_radians,0.33359350786768216
test,symmetric_decay,train_fit,random_plane_1,condition_7,condition_span_radians,0.61910022540101695
test,symmetric_decay,train_fit,random_plane_2,baseline_plane,plane_occupancy,0.2299655374604167
test,symmetric_decay,train_fit,random_plane_2,baseline_plane,tangential_energy,2.904007352086865
test,symmetric_decay,train_fit,random_plane_2,baseline_plane,radial_energy,3.2669754347579723
test,symmetric_decay,train_fit,random_plane_2,baseline_plane,tangential_radial_energy_ratio,0.88889782310285503
test,symmetric_decay,train_fit,random_plane_2,baseline_plane,perpendicular_fraction_within_15deg,0.17708333333333334
test,symmetric_decay,train_fit,random_plane_2,baseline_plane,condition_span_mean_radians,0.89055204142142541
test,symmetric_decay,train_fit,random_plane_2,baseline_plane,condition_span_median_radians,0.7843639663939832
test,symmetric_decay,train_fit,random_plane_2,baseline_plane,condition_span_min_radians,0.40994861623653511
test,symmetric_decay,train_fit,random_plane_2,baseline_plane,condition_span_max_radians,1.6110790328430789
test,symmetric_decay,train_fit,random_plane_2,baseline_plane,signed_direction_consistency,0.75
test,symmetric_decay,train_fit,random_plane_2,baseline_plane,condition_signed_angular_rate_mean,0.001924215545475616
test,symmetric_decay,train_fit,random_plane_2,baseline_plane,condition_signed_angular_rate_sd,0.31484530684020673
test,symmetric_decay,train_fit,random_plane_2,condition_0,condition_span_radians,0.78980404776006918
test,symmetric_decay,train_fit,random_plane_2,condition_1,condition_span_radians,1.3553236958008816
test,symmetric_decay,train_fit,random_plane_2,condition_2,condition_span_radians,1.6110790328430789
test,symmetric_decay,train_fit,random_plane_2,condition_3,condition_span_radians,0.77892388502789711
test,symmetric_decay,train_fit,random_plane_2,condition_4,condition_span_radians,0.56028953042187535
test,symmetric_decay,train_fit,random_plane_2,condition_5,condition_span_radians,0.48715880262892108
test,symmetric_decay,train_fit,random_plane_2,condition_6,condition_span_radians,0.40994861623653511
test,symmetric_decay,train_fit,random_plane_2,condition_7,condition_span_radians,1.1318887206521455
test,symmetric_decay,train_fit,random_plane_3,baseline_plane,plane_occupancy,0.22063719577945165
test,symmetric_decay,train_fit,random_plane_3,baseline_plane,tangential_energy,2.884510778745176
test,symmetric_decay,train_fit,random_plane_3,baseline_plane,radial_energy,3.0673671482808791
test,symmetric_decay,train_fit,random_plane_3,baseline_plane,tangential_radial_energy_ratio,0.9403865397599418
test,symmetric_decay,train_fit,random_plane_3,baseline_plane,perpendicular_fraction_within_15deg,0.16666666666666666
test,symmetric_decay,train_fit,random_plane_3,baseline_plane,condition_span_mean_radians,0.81737602765884965
test,symmetric_decay,train_fit,random_plane_3,baseline_plane,condition_span_median_radians,0.80060651877244415
test,symmetric_decay,train_fit,random_plane_3,baseline_plane,condition_span_min_radians,0.29093951401508233
test,symmetric_decay,train_fit,random_plane_3,baseline_plane,condition_span_max_radians,1.5251313321077715
test,symmetric_decay,train_fit,random_plane_3,baseline_plane,signed_direction_consistency,0.625
test,symmetric_decay,train_fit,random_plane_3,baseline_plane,condition_signed_angular_rate_mean,0.032994346175494238
test,symmetric_decay,train_fit,random_plane_3,baseline_plane,condition_signed_angular_rate_sd,0.35391562590127001
test,symmetric_decay,train_fit,random_plane_3,condition_0,condition_span_radians,1.0565299683003642
test,symmetric_decay,train_fit,random_plane_3,condition_1,condition_span_radians,1.3717406182408531
test,symmetric_decay,train_fit,random_plane_3,condition_2,condition_span_radians,0.32993155098872218
test,symmetric_decay,train_fit,random_plane_3,condition_3,condition_span_radians,0.58525944877776936
test,symmetric_decay,train_fit,random_plane_3,condition_4,condition_span_radians,0.29093951401508233
test,symmetric_decay,train_fit,random_plane_3,condition_5,condition_span_radians,0.36352220007311553
test,symmetric_decay,train_fit,random_plane_3,condition_6,condition_span_radians,1.0159535887671189
test,symmetric_decay,train_fit,random_plane_3,condition_7,condition_span_radians,1.5251313321077715
test,symmetric_decay,train_fit,random_plane_4,baseline_plane,plane_occupancy,0.17969934652350122
test,symmetric_decay,train_fit,random_plane_4,baseline_plane,tangential_energy,3.0170417356993648
test,symmetric_decay,train_fit,random_plane_4,baseline_plane,radial_energy,2.966326004027013
test,symmetric_decay,train_fit,random_plane_4,baseline_plane,tangential_radial_energy_ratio,1.0170971537192814
test,symmetric_decay,train_fit,random_plane_4,baseline_plane,perpendicular_fraction_within_15deg,0.14791666666666667
test,symmetric_decay,train_fit,random_plane_4,baseline_plane,condition_span_mean_radians,1.4849746393922429
test,symmetric_decay,train_fit,random_plane_4,baseline_plane,condition_span_median_radians,0.70154172532852388
test,symmetric_decay,train_fit,random_plane_4,baseline_plane,condition_span_min_radians,0.26471574309300427
test,symmetric_decay,train_fit,random_plane_4,baseline_plane,condition_span_max_radians,4.5072054084552864
test,symmetric_decay,train_fit,random_plane_4,baseline_plane,signed_direction_consistency,0.625
test,symmetric_decay,train_fit,random_plane_4,baseline_plane,condition_signed_angular_rate_mean,-0.80208184257436876
test,symmetric_decay,train_fit,random_plane_4,baseline_plane,condition_signed_angular_rate_sd,1.9508292240209284
test,symmetric_decay,train_fit,random_plane_4,condition_0,condition_span_radians,1.4974256315225247
test,symmetric_decay,train_fit,random_plane_4,condition_1,condition_span_radians,0.65381367185547268
test,symmetric_decay,train_fit,random_plane_4,condition_2,condition_span_radians,0.26471574309300427
test,symmetric_decay,train_fit,random_plane_4,condition_3,condition_span_radians,4.5072054084552864
test,symmetric_decay,train_fit,random_plane_4,condition_4,condition_span_radians,0.70925852082127261
test,symmetric_decay,train_fit,random_plane_4,condition_5,condition_span_radians,0.6117382617907916
test,symmetric_decay,train_fit,random_plane_4,condition_6,condition_span_radians,2.9418149477638158
test,symmetric_decay,train_fit,random_plane_4,condition_7,condition_span_radians,0.69382492983577526
train,latency_sequence,train_fit,unrestricted,heldout_derivative,derivative_mse,1.9896652001348492
train,latency_sequence,train_fit,unrestricted,heldout_derivative,derivative_r2,0.38569284830649575
train,latency_sequence,train_fit,skew_constrained,heldout_derivative,derivative_mse,2.0077912989462967
train,latency_sequence,train_fit,skew_constrained,heldout_derivative,derivative_r2,0.38009643332601517
train,latency_sequence,train_fit,symmetric_constrained,heldout_derivative,derivative_mse,3.2388693344138768
train,latency_sequence,train_fit,symmetric_constrained,heldout_derivative,derivative_r2,2.3142605218851031e-06
validation,latency_sequence,train_fit,unrestricted,heldout_derivative,derivative_mse,4.1520451605943469
validation,latency_sequence,train_fit,unrestricted,heldout_derivative,derivative_r2,0.22944173965072834
validation,latency_sequence,train_fit,skew_constrained,heldout_derivative,derivative_mse,4.1640671144840047
validation,latency_sequence,train_fit,skew_constrained,heldout_derivative,derivative_r2,0.22721064256076118
validation,latency_sequence,train_fit,symmetric_constrained,heldout_derivative,derivative_mse,5.3889298208189365
validation,latency_sequence,train_fit,symmetric_constrained,heldout_derivative,derivative_r2,-0.00010578576658404337
test,latency_sequence,train_fit,unrestricted,heldout_derivative,derivative_mse,2.9668258186921963
test,latency_sequence,train_fit,unrestricted,heldout_derivative,derivative_r2,0.30362259305104966
test,latency_sequence,train_fit,skew_constrained,heldout_derivative,derivative_mse,2.9802797862394943
test,latency_sequence,train_fit,skew_constrained,heldout_derivative,derivative_r2,0.30046465941883782
test,latency_sequence,train_fit,symmetric_constrained,heldout_derivative,derivative_mse,4.260432948130628
test,latency_sequence,train_fit,symmetric_constrained,heldout_derivative,derivative_r2,-1.4638610264405827e-05
test,latency_sequence,train_fit,skew_plane_1,projected_trajectory,plane_occupancy,0.31481314906319358
test,latency_sequence,train_fit,skew_plane_1,projected_trajectory,tangential_energy,7.9165869218956102
test,latency_sequence,train_fit,skew_plane_1,projected_trajectory,radial_energy,3.436685718780343
test,latency_sequence,train_fit,skew_plane_1,projected_trajectory,tangential_radial_energy_ratio,2.3035527743005706
test,latency_sequence,train_fit,skew_plane_1,projected_trajectory,perpendicular_fraction_within_15deg,0.21666666666666667
test,latency_sequence,train_fit,skew_plane_1,projected_trajectory,condition_span_mean_radians,18.422302773733804
test,latency_sequence,train_fit,skew_plane_1,projected_trajectory,condition_span_median_radians,18.104704822500192
test,latency_sequence,train_fit,skew_plane_1,projected_trajectory,condition_span_min_radians,17.537170701516924
test,latency_sequence,train_fit,skew_plane_1,projected_trajectory,condition_span_max_radians,19.90176065609338
test,latency_sequence,train_fit,skew_plane_1,projected_trajectory,signed_direction_consistency,1
test,latency_sequence,train_fit,skew_plane_1,projected_trajectory,condition_signed_angular_rate_mean,-0.92564182200905831
test,latency_sequence,train_fit,skew_plane_1,projected_trajectory,condition_signed_angular_rate_sd,8.3692012105994991
test,latency_sequence,train_fit,skew_plane_1,condition_0,condition_span_radians,17.695986491802998
test,latency_sequence,train_fit,skew_plane_1,condition_1,condition_span_radians,18.513423153197387
test,latency_sequence,train_fit,skew_plane_1,condition_2,condition_span_radians,19.270765570471255
test,latency_sequence,train_fit,skew_plane_1,condition_3,condition_span_radians,17.537170701516924
test,latency_sequence,train_fit,skew_plane_1,condition_4,condition_span_radians,19.90176065609338
test,latency_sequence,train_fit,skew_plane_1,condition_5,condition_span_radians,19.248010270745226
test,latency_sequence,train_fit,skew_plane_1,condition_6,condition_span_radians,17.597685718141683
test,latency_sequence,train_fit,skew_plane_1,condition_7,condition_span_radians,17.613619627901574
test,latency_sequence,train_fit,skew_plane_1,skew_generator,signed_rate,9.9015810969127216
test,latency_sequence,train_fit,skew_plane_1,skew_generator,absolute_rate,9.9015810969127216
test,latency_sequence,train_fit,skew_plane_2,projected_trajectory,plane_occupancy,0.36696099596675252
test,latency_sequence,train_fit,skew_plane_2,projected_trajectory,tangential_energy,5.2681541129349601
test,latency_sequence,train_fit,skew_plane_2,projected_trajectory,radial_energy,2.720689071369963
test,latency_sequence,train_fit,skew_plane_2,projected_trajectory,tangential_radial_energy_ratio,1.9363308245591837
test,latency_sequence,train_fit,skew_plane_2,projected_trajectory,perpendicular_fraction_within_15deg,0.24791666666666667
test,latency_sequence,train_fit,skew_plane_2,projected_trajectory,condition_span_mean_radians,17.125197169145459
test,latency_sequence,train_fit,skew_plane_2,projected_trajectory,condition_span_median_radians,17.350970946884392
test,latency_sequence,train_fit,skew_plane_2,projected_trajectory,condition_span_min_radians,13.584447757129913
test,latency_sequence,train_fit,skew_plane_2,projected_trajectory,condition_span_max_radians,19.675972876429945
test,latency_sequence,train_fit,skew_plane_2,projected_trajectory,signed_direction_consistency,1
test,latency_sequence,train_fit,skew_plane_2,projected_trajectory,condition_signed_angular_rate_mean,5.2631596702275836
test,latency_sequence,train_fit,skew_plane_2,projected_trajectory,condition_signed_angular_rate_sd,3.4587322444818103
test,latency_sequence,train_fit,skew_plane_2,condition_0,condition_span_radians,13.584447757129913
test,latency_sequence,train_fit,skew_plane_2,condition_1,condition_span_radians,17.335780831786128
test,latency_sequence,train_fit,skew_plane_2,condition_2,condition_span_radians,17.366161061982655
test,latency_sequence,train_fit,skew_plane_2,condition_3,condition_span_radians,16.545969022753273
test,latency_sequence,train_fit,skew_plane_2,condition_4,condition_span_radians,18.120035027065001
test,latency_sequence,train_fit,skew_plane_2,condition_5,condition_span_radians,18.2121116987718
test,latency_sequence,train_fit,skew_plane_2,condition_6,condition_span_radians,19.675972876429945
test,latency_sequence,train_fit,skew_plane_2,condition_7,condition_span_radians,16.161099077244941
test,latency_sequence,train_fit,skew_plane_2,skew_generator,signed_rate,6.6704023130904808
test,latency_sequence,train_fit,skew_plane_2,skew_generator,absolute_rate,6.6704023130904808
test,latency_sequence,train_fit,fixed_plane,baseline_plane,plane_occupancy,0.44351136605767377
test,latency_sequence,train_fit,fixed_plane,baseline_plane,tangential_energy,5.428960288508593
test,latency_sequence,train_fit,fixed_plane,baseline_plane,radial_energy,3.0708375128717877
test,latency_sequence,train_fit,fixed_plane,baseline_plane,tangential_radial_energy_ratio,1.7679086782522513
test,latency_sequence,train_fit,fixed_plane,baseline_plane,perpendicular_fraction_within_15deg,0.24374999999999999
test,latency_sequence,train_fit,fixed_plane,baseline_plane,condition_span_mean_radians,14.970117398460669
test,latency_sequence,train_fit,fixed_plane,baseline_plane,condition_span_median_radians,15.177102010576313
test,latency_sequence,train_fit,fixed_plane,baseline_plane,condition_span_min_radians,9.4791001112222713
test,latency_sequence,train_fit,fixed_plane,baseline_plane,condition_span_max_radians,18.480593425074762
test,latency_sequence,train_fit,fixed_plane,baseline_plane,signed_direction_consistency,1
test,latency_sequence,train_fit,fixed_plane,baseline_plane,condition_signed_angular_rate_mean,6.1330612379347134
test,latency_sequence,train_fit,fixed_plane,baseline_plane,condition_signed_angular_rate_sd,8.1917186041753478
test,latency_sequence,train_fit,fixed_plane,condition_0,condition_span_radians,17.836405410409792
test,latency_sequence,train_fit,fixed_plane,condition_1,condition_span_radians,18.480593425074762
test,latency_sequence,train_fit,fixed_plane,condition_2,condition_span_radians,15.115405190345104
test,latency_sequence,train_fit,fixed_plane,condition_3,condition_span_radians,12.613367147200227
test,latency_sequence,train_fit,fixed_plane,condition_4,condition_span_radians,9.4791001112222713
test,latency_sequence,train_fit,fixed_plane,condition_5,condition_span_radians,17.271859773776036
test,latency_sequence,train_fit,fixed_plane,condition_6,condition_span_radians,13.725409298849636
test,latency_sequence,train_fit,fixed_plane,condition_7,condition_span_radians,15.23879883080752
test,latency_sequence,train_fit,random_plane_0,baseline_plane,plane_occupancy,0.26696196117013937
test,latency_sequence,train_fit,random_plane_0,baseline_plane,tangential_energy,4.7835866944449634
test,latency_sequence,train_fit,random_plane_0,baseline_plane,radial_energy,4.2151050011205795
test,latency_sequence,train_fit,random_plane_0,baseline_plane,tangential_radial_energy_ratio,1.1348677418885778
test,latency_sequence,train_fit,random_plane_0,baseline_plane,perpendicular_fraction_within_15deg,0.13958333333333334
test,latency_sequence,train_fit,random_plane_0,baseline_plane,condition_span_mean_radians,10.378156636758266
test,latency_sequence,train_fit,random_plane_0,baseline_plane,condition_span_median_radians,10.219472378591862
test,latency_sequence,train_fit,random_plane_0,baseline_plane,condition_span_min_radians,8.8780507427107302
test,latency_sequence,train_fit,random_plane_0,baseline_plane,condition_span_max_radians,12.434146493950912
test,latency_sequence,train_fit,random_plane_0,baseline_plane,signed_direction_consistency,1
test,latency_sequence,train_fit,random_plane_0,baseline_plane,condition_signed_angular_rate_mean,1.1328157325718347
test,latency_sequence,train_fit,random_plane_0,baseline_plane,condition_signed_angular_rate_sd,2.6268562626409966
test,latency_sequence,train_fit,random_plane_0,condition_0,condition_span_radians,11.224344090420553
test,latency_sequence,train_fit,random_plane_0,condition_1,condition_span_radians,12.434146493950912
test,latency_sequence,train_fit,random_plane_0,condition_2,condition_span_radians,10.317457266082746
test,latency_sequence,train_fit,random_plane_0,condition_3,condition_span_radians,8.8780507427107302
test,latency_sequence,train_fit,random_plane_0,condition_4,condition_span_radians,10.121487491100977
test,latency_sequence,train_fit,random_plane_0,condition_5,condition_span_radians,9.7482981647866502
test,latency_sequence,train_fit,random_plane_0,condition_6,condition_span_radians,9.9809537510233
test,latency_sequence,train_fit,random_plane_0,condition_7,condition_span_radians,10.320515093990256
test,latency_sequence,train_fit,random_plane_1,baseline_plane,plane_occupancy,0.36431560109105171
test,latency_sequence,train_fit,random_plane_1,baseline_plane,tangential_energy,5.2307240849655718
test,latency_sequence,train_fit,random_plane_1,baseline_plane,radial_energy,3.3287550042829546
test,latency_sequence,train_fit,random_plane_1,baseline_plane,tangential_radial_energy_ratio,1.5713755077305005
test,latency_sequence,train_fit,random_plane_1,baseline_plane,perpendicular_fraction_within_15deg,0.19166666666666668
test,latency_sequence,train_fit,random_plane_1,baseline_plane,condition_span_mean_radians,15.811267185269305
test,latency_sequence,train_fit,random_plane_1,baseline_plane,condition_span_median_radians,15.850307444095856
test,latency_sequence,train_fit,random_plane_1,baseline_plane,condition_span_min_radians,11.035077202879142
test,latency_sequence,train_fit,random_plane_1,baseline_plane,condition_span_max_radians,21.289719264545198
test,latency_sequence,train_fit,random_plane_1,baseline_plane,signed_direction_consistency,1
test,latency_sequence,train_fit,random_plane_1,baseline_plane,condition_signed_angular_rate_mean,6.1777030324784699
test,latency_sequence,train_fit,random_plane_1,baseline_plane,condition_signed_angular_rate_sd,11.104186423687844
test,latency_sequence,train_fit,random_plane_1,condition_0,condition_span_radians,16.786851345094252
test,latency_sequence,train_fit,random_plane_1,condition_1,condition_span_radians,21.289719264545198
test,latency_sequence,train_fit,random_plane_1,condition_2,condition_span_radians,17.112785094221515
test,latency_sequence,train_fit,random_plane_1,condition_3,condition_span_radians,11.035077202879142
test,latency_sequence,train_fit,random_plane_1,condition_4,condition_span_radians,15.110316890379377
test,latency_sequence,train_fit,random_plane_1,condition_5,condition_span_radians,15.077354272392533
test,latency_sequence,train_fit,random_plane_1,condition_6,condition_span_radians,13.487735414830089
test,latency_sequence,train_fit,random_plane_1,condition_7,condition_span_radians,16.590297997812335
test,latency_sequence,train_fit,random_plane_2,baseline_plane,plane_occupancy,0.31272319723000669
test,latency_sequence,train_fit,random_plane_2,baseline_plane,tangential_energy,3.8800619280445385
test,latency_sequence,train_fit,random_plane_2,baseline_plane,radial_energy,3.3474147107649892
test,latency_sequence,train_fit,random_plane_2,baseline_plane,tangential_radial_energy_ratio,1.1591219682361444
test,latency_sequence,train_fit,random_plane_2,baseline_plane,perpendicular_fraction_within_15deg,0.14583333333333334
test,latency_sequence,train_fit,random_plane_2,baseline_plane,condition_span_mean_radians,11.68139646137379
test,latency_sequence,train_fit,random_plane_2,baseline_plane,condition_span_median_radians,11.180357811791152
test,latency_sequence,train_fit,random_plane_2,baseline_plane,condition_span_min_radians,6.9813358300770929
test,latency_sequence,train_fit,random_plane_2,baseline_plane,condition_span_max_radians,18.08235739481426
test,latency_sequence,train_fit,random_plane_2,baseline_plane,signed_direction_consistency,0.875
test,latency_sequence,train_fit,random_plane_2,baseline_plane,condition_signed_angular_rate_mean,-0.50018420117385443
test,latency_sequence,train_fit,random_plane_2,baseline_plane,condition_signed_angular_rate_sd,3.9526569474104223
test,latency_sequence,train_fit,random_plane_2,condition_0,condition_span_radians,11.604116720464118
test,latency_sequence,train_fit,random_plane_2,condition_1,condition_span_radians,11.437361525719716
test,latency_sequence,train_fit,random_plane_2,condition_2,condition_span_radians,18.08235739481426
test,latency_sequence,train_fit,random_plane_2,condition_3,condition_span_radians,6.9813358300770929
test,latency_sequence,train_fit,random_plane_2,condition_4,condition_span_radians,10.923354097862589
test,latency_sequence,train_fit,random_plane_2,condition_5,condition_span_radians,9.8847589876290414
test,latency_sequence,train_fit,random_plane_2,condition_6,condition_span_radians,10.296157735476267
test,latency_sequence,train_fit,random_plane_2,condition_7,condition_span_radians,14.241729398947244
test,latency_sequence,train_fit,random_plane_3,baseline_plane,plane_occupancy,0.32321713755687698
test,latency_sequence,train_fit,random_plane_3,baseline_plane,tangential_energy,3.6485385004598005
test,latency_sequence,train_fit,random_plane_3,baseline_plane,radial_energy,3.8962781828392261
test,latency_sequence,train_fit,random_plane_3,baseline_plane,tangential_radial_energy_ratio,0.93641632584896772
test,latency_sequence,train_fit,random_plane_3,baseline_plane,perpendicular_fraction_within_15deg,0.15833333333333333
test,latency_sequence,train_fit,random_plane_3,baseline_plane,condition_span_mean_radians,10.106126851670469
test,latency_sequence,train_fit,random_plane_3,baseline_plane,condition_span_median_radians,9.2592264507433626
test,latency_sequence,train_fit,random_plane_3,baseline_plane,condition_span_min_radians,7.3491489746540637
test,latency_sequence,train_fit,random_plane_3,baseline_plane,condition_span_max_radians,14.669890279785026
test,latency_sequence,train_fit,random_plane_3,baseline_plane,signed_direction_consistency,0.75
test,latency_sequence,train_fit,random_plane_3,baseline_plane,condition_signed_angular_rate_mean,0.066399318996673312
test,latency_sequence,train_fit,random_plane_3,baseline_plane,condition_signed_angular_rate_sd,6.5368198549393455
test,latency_sequence,train_fit,random_plane_3,condition_0,condition_span_radians,7.3491489746540637
test,latency_sequence,train_fit,random_plane_3,condition_1,condition_span_radians,9.4389772183419698
test,latency_sequence,train_fit,random_plane_3,condition_2,condition_span_radians,9.0794756831447554
test,latency_sequence,train_fit,random_plane_3,condition_3,condition_span_radians,14.669890279785026
test,latency_sequence,train_fit,random_plane_3,condition_4,condition_span_radians,11.582986926013332
test,latency_sequence,train_fit,random_plane_3,condition_5,condition_span_radians,12.51062856363535
test,latency_sequence,train_fit,random_plane_3,condition_6,condition_span_radians,8.7195974969197234
test,latency_sequence,train_fit,random_plane_3,condition_7,condition_span_radians,7.4983096708695332
test,latency_sequence,train_fit,random_plane_4,baseline_plane,plane_occupancy,0.28757140496213845
test,latency_sequence,train_fit,random_plane_4,baseline_plane,tangential_energy,4.5421411551867328
test,latency_sequence,train_fit,random_plane_4,baseline_plane,radial_energy,4.10594135465126
test,latency_sequence,train_fit,random_plane_4,baseline_plane,tangential_radial_energy_ratio,1.1062362471498381
test,latency_sequence,train_fit,random_plane_4,baseline_plane,perpendicular_fraction_within_15deg,0.18333333333333332
test,latency_sequence,train_fit,random_plane_4,baseline_plane,condition_span_mean_radians,13.93550216475554
test,latency_sequence,train_fit,random_plane_4,baseline_plane,condition_span_median_radians,13.333524971592823
test,latency_sequence,train_fit,random_plane_4,baseline_plane,condition_span_min_radians,11.004509102302837
test,latency_sequence,train_fit,random_plane_4,baseline_plane,condition_span_max_radians,17.666691509685048
test,latency_sequence,train_fit,random_plane_4,baseline_plane,signed_direction_consistency,0.875
test,latency_sequence,train_fit,random_plane_4,baseline_plane,condition_signed_angular_rate_mean,1.6332307200885334
test,latency_sequence,train_fit,random_plane_4,baseline_plane,condition_signed_angular_rate_sd,10.852351334109478
test,latency_sequence,train_fit,random_plane_4,condition_0,condition_span_radians,13.657721940462798
test,latency_sequence,train_fit,random_plane_4,condition_1,condition_span_radians,13.450464915244169
test,latency_sequence,train_fit,random_plane_4,condition_2,condition_span_radians,11.004509102302837
test,latency_sequence,train_fit,random_plane_4,condition_3,condition_span_radians,17.666691509685048
test,latency_sequence,train_fit,random_plane_4,condition_4,condition_span_radians,13.216585027941479
test,latency_sequence,train_fit,random_plane_4,condition_5,condition_span_radians,13.061302128634335
test,latency_sequence,train_fit,random_plane_4,condition_6,condition_span_radians,12.8092840329389
test,latency_sequence,train_fit,random_plane_4,condition_7,condition_span_radians,16.617458660834753
train,input_driven_state_only,train_fit,unrestricted_affine,derivative_secant,derivative_mse,1.8524935333093746
train,input_driven_state_only,train_fit,unrestricted_affine,derivative_secant,derivative_r2,0.05832767328864652
train,input_driven_state_only,train_fit,skew_constrained,derivative_secant,derivative_mse,1.9745498142771911
train,input_driven_state_only,train_fit,skew_constrained,derivative_secant,derivative_r2,-0.0037168197268675485
train,input_driven_state_only,train_fit,symmetric_constrained,derivative_secant,derivative_mse,1.8861161982557848
train,input_driven_state_only,train_fit,symmetric_constrained,derivative_secant,derivative_r2,0.041236367672177976
validation,input_driven_state_only,train_fit,unrestricted_affine,derivative_secant,derivative_mse,3.4397097717709437
validation,input_driven_state_only,train_fit,unrestricted_affine,derivative_secant,derivative_r2,0.045171139711817632
validation,input_driven_state_only,train_fit,skew_constrained,derivative_secant,derivative_mse,3.6120954947251955
validation,input_driven_state_only,train_fit,skew_constrained,derivative_secant,derivative_r2,-0.0026814043397749288
validation,input_driven_state_only,train_fit,symmetric_constrained,derivative_secant,derivative_mse,3.4718157548944717
validation,input_driven_state_only,train_fit,symmetric_constrained,derivative_secant,derivative_r2,0.036258841492399441
test,input_driven_state_only,train_fit,unrestricted_affine,derivative_secant,derivative_mse,2.5032894764220113
test,input_driven_state_only,train_fit,unrestricted_affine,derivative_secant,derivative_r2,0.046456454394891877
test,input_driven_state_only,train_fit,skew_constrained,derivative_secant,derivative_mse,2.636635216685725
test,input_driven_state_only,train_fit,skew_constrained,derivative_secant,derivative_r2,-0.0043370999103569119
test,input_driven_state_only,train_fit,symmetric_constrained,derivative_secant,derivative_mse,2.5347605189030968
test,input_driven_state_only,train_fit,symmetric_constrained,derivative_secant,derivative_r2,0.03446862409641771
test,input_driven_state_only,train_fit,skew_plane_1,projected_trajectory,plane_occupancy,0.17127674181320529
test,input_driven_state_only,train_fit,skew_plane_1,projected_trajectory,tangential_energy,2.6553988615258688
test,input_driven_state_only,train_fit,skew_plane_1,projected_trajectory,radial_energy,2.8255762689013362
test,input_driven_state_only,train_fit,skew_plane_1,projected_trajectory,tangential_radial_energy_ratio,0.93977249552650111
test,input_driven_state_only,train_fit,skew_plane_1,projected_trajectory,perpendicular_fraction_within_15deg,0.17083333333333334
test,input_driven_state_only,train_fit,skew_plane_1,projected_trajectory,condition_span_mean_radians,2.1800838389319921
test,input_driven_state_only,train_fit,skew_plane_1,projected_trajectory,condition_span_median_radians,1.9167822870878775
test,input_driven_state_only,train_fit,skew_plane_1,projected_trajectory,condition_span_min_radians,0.80163314438738997
test,input_driven_state_only,train_fit,skew_plane_1,projected_trajectory,condition_span_max_radians,4.8072821768846845
test,input_driven_state_only,train_fit,skew_plane_1,projected_trajectory,signed_direction_consistency,0.875
test,input_driven_state_only,train_fit,skew_plane_1,projected_trajectory,condition_signed_angular_rate_mean,0.31150596507132144
test,input_driven_state_only,train_fit,skew_plane_1,projected_trajectory,condition_signed_angular_rate_sd,0.78504815994221677
test,input_driven_state_only,train_fit,skew_plane_1,condition_0,condition_span_radians,2.4575890962554428
test,input_driven_state_only,train_fit,skew_plane_1,condition_1,condition_span_radians,0.80163314438738997
test,input_driven_state_only,train_fit,skew_plane_1,condition_2,condition_span_radians,1.2165190380511979
test,input_driven_state_only,train_fit,skew_plane_1,condition_3,condition_span_radians,1.4858467560034212
test,input_driven_state_only,train_fit,skew_plane_1,condition_4,condition_span_radians,2.214075819479191
test,input_driven_state_only,train_fit,skew_plane_1,condition_5,condition_span_radians,4.8072821768846845
test,input_driven_state_only,train_fit,skew_plane_1,condition_6,condition_span_radians,2.8382359256980494
test,input_driven_state_only,train_fit,skew_plane_1,condition_7,condition_span_radians,1.6194887546965639
test,input_driven_state_only,train_fit,skew_plane_1,skew_generator,signed_rate,0.3199066060490352
test,input_driven_state_only,train_fit,skew_plane_1,skew_generator,absolute_rate,0.3199066060490352
test,input_driven_state_only,train_fit,skew_plane_2,projected_trajectory,plane_occupancy,0.42367346697595631
test,input_driven_state_only,train_fit,skew_plane_2,projected_trajectory,tangential_energy,2.7526091364683087
test,input_driven_state_only,train_fit,skew_plane_2,projected_trajectory,radial_energy,2.6700110983910514
test,input_driven_state_only,train_fit,skew_plane_2,projected_trajectory,tangential_radial_energy_ratio,1.0309354661960135
test,input_driven_state_only,train_fit,skew_plane_2,projected_trajectory,perpendicular_fraction_within_15deg,0.14999999999999999
test,input_driven_state_only,train_fit,skew_plane_2,projected_trajectory,condition_span_mean_radians,0.82430536449284686
test,input_driven_state_only,train_fit,skew_plane_2,projected_trajectory,condition_span_median_radians,0.5488861356588397
test,input_driven_state_only,train_fit,skew_plane_2,projected_trajectory,condition_span_min_radians,0.24125602719967398
test,input_driven_state_only,train_fit,skew_plane_2,projected_trajectory,condition_span_max_radians,3.2157408572743496
test,input_driven_state_only,train_fit,skew_plane_2,projected_trajectory,signed_direction_consistency,1
test,input_driven_state_only,train_fit,skew_plane_2,projected_trajectory,condition_signed_angular_rate_mean,0.65571767853560403
test,input_driven_state_only,train_fit,skew_plane_2,projected_trajectory,condition_signed_angular_rate_sd,1.519039691031651
test,input_driven_state_only,train_fit,skew_plane_2,condition_0,condition_span_radians,0.38714610661123017
test,input_driven_state_only,train_fit,skew_plane_2,condition_1,condition_span_radians,0.24125602719967398
test,input_driven_state_only,train_fit,skew_plane_2,condition_2,condition_span_radians,3.2157408572743496
test,input_driven_state_only,train_fit,skew_plane_2,condition_3,condition_span_radians,0.58885591180285324
test,input_driven_state_only,train_fit,skew_plane_2,condition_4,condition_span_radians,0.56981299600203306
test,input_driven_state_only,train_fit,skew_plane_2,condition_5,condition_span_radians,0.43694353786721152
test,input_driven_state_only,train_fit,skew_plane_2,condition_6,condition_span_radians,0.52795927531564624
test,input_driven_state_only,train_fit,skew_plane_2,condition_7,condition_span_radians,0.62672820386977712
test,input_driven_state_only,train_fit,skew_plane_2,skew_generator,signed_rate,0.058167326505102313
test,input_driven_state_only,train_fit,skew_plane_2,skew_generator,absolute_rate,0.058167326505102313
test,input_driven_state_only,train_fit,fixed_plane,baseline_plane,plane_occupancy,0.69107579042115419
test,input_driven_state_only,train_fit,fixed_plane,baseline_plane,tangential_energy,2.6623366113968872
test,input_driven_state_only,train_fit,fixed_plane,baseline_plane,radial_energy,3.0490822748476365
test,input_driven_state_only,train_fit,fixed_plane,baseline_plane,tangential_radial_energy_ratio,0.87315997779362153
test,input_driven_state_only,train_fit,fixed_plane,baseline_plane,perpendicular_fraction_within_15deg,0.13958333333333334
test,input_driven_state_only,train_fit,fixed_plane,baseline_plane,condition_span_mean_radians,1.1547066936536501
test,input_driven_state_only,train_fit,fixed_plane,baseline_plane,condition_span_median_radians,0.8457701344157873
test,input_driven_state_only,train_fit,fixed_plane,baseline_plane,condition_span_min_radians,0.11893631480471578
test,input_driven_state_only,train_fit,fixed_plane,baseline_plane,condition_span_max_radians,2.3848027151135587
test,input_driven_state_only,train_fit,fixed_plane,baseline_plane,signed_direction_consistency,0.875
test,input_driven_state_only,train_fit,fixed_plane,baseline_plane,condition_signed_angular_rate_mean,-0.083636098291259842
test,input_driven_state_only,train_fit,fixed_plane,baseline_plane,condition_signed_angular_rate_sd,0.59337866728442024
test,input_driven_state_only,train_fit,fixed_plane,condition_0,condition_span_radians,2.3848027151135587
test,input_driven_state_only,train_fit,fixed_plane,condition_1,condition_span_radians,0.11893631480471578
test,input_driven_state_only,train_fit,fixed_plane,condition_2,condition_span_radians,2.3038147724467604
test,input_driven_state_only,train_fit,fixed_plane,condition_3,condition_span_radians,0.46495248122666466
test,input_driven_state_only,train_fit,fixed_plane,condition_4,condition_span_radians,1.8274685171405129
test,input_driven_state_only,train_fit,fixed_plane,condition_5,condition_span_radians,0.44613847966541265
test,input_driven_state_only,train_fit,fixed_plane,condition_6,condition_span_radians,0.61171631199669241
test,input_driven_state_only,train_fit,fixed_plane,condition_7,condition_span_radians,1.0798239568348822
test,input_driven_state_only,train_fit,random_plane_0,baseline_plane,plane_occupancy,0.17674032756024904
test,input_driven_state_only,train_fit,random_plane_0,baseline_plane,tangential_energy,2.5503550805883988
test,input_driven_state_only,train_fit,random_plane_0,baseline_plane,radial_energy,2.5686122558477211
test,input_driven_state_only,train_fit,random_plane_0,baseline_plane,tangential_radial_energy_ratio,0.99289220269904188
test,input_driven_state_only,train_fit,random_plane_0,baseline_plane,perpendicular_fraction_within_15deg,0.14999999999999999
test,input_driven_state_only,train_fit,random_plane_0,baseline_plane,condition_span_mean_radians,1.5210737185113041
test,input_driven_state_only,train_fit,random_plane_0,baseline_plane,condition_span_median_radians,0.87820034420853688
test,input_driven_state_only,train_fit,random_plane_0,baseline_plane,condition_span_min_radians,0.3252729584118822
test,input_driven_state_only,train_fit,random_plane_0,baseline_plane,condition_span_max_radians,3.5415994508765958
test,input_driven_state_only,train_fit,random_plane_0,baseline_plane,signed_direction_consistency,0.75
test,input_driven_state_only,train_fit,random_plane_0,baseline_plane,condition_signed_angular_rate_mean,-0.13694683610150066
test,input_driven_state_only,train_fit,random_plane_0,baseline_plane,condition_signed_angular_rate_sd,0.69930600679106658
test,input_driven_state_only,train_fit,random_plane_0,condition_0,condition_span_radians,0.93504118554904558
test,input_driven_state_only,train_fit,random_plane_0,condition_1,condition_span_radians,2.4470710128177982
test,input_driven_state_only,train_fit,random_plane_0,condition_2,condition_span_radians,3.11799646226478
test,input_driven_state_only,train_fit,random_plane_0,condition_3,condition_span_radians,3.5415994508765958
test,input_driven_state_only,train_fit,random_plane_0,condition_4,condition_span_radians,0.82135950286802828
test,input_driven_state_only,train_fit,random_plane_0,condition_5,condition_span_radians,0.3252729584118822
test,input_driven_state_only,train_fit,random_plane_0,condition_6,condition_span_radians,0.45538195425246819
test,input_driven_state_only,train_fit,random_plane_0,condition_7,condition_span_radians,0.52486722104983408
test,input_driven_state_only,train_fit,random_plane_1,baseline_plane,plane_occupancy,0.43949170658599673
test,input_driven_state_only,train_fit,random_plane_1,baseline_plane,tangential_energy,2.5423610599372108
test,input_driven_state_only,train_fit,random_plane_1,baseline_plane,radial_energy,2.8228748320003691
test,input_driven_state_only,train_fit,random_plane_1,baseline_plane,tangential_radial_energy_ratio,0.9006283350280968
test,input_driven_state_only,train_fit,random_plane_1,baseline_plane,perpendicular_fraction_within_15deg,0.14791666666666667
test,input_driven_state_only,train_fit,random_plane_1,baseline_plane,condition_span_mean_radians,1.1041255592256667
test,input_driven_state_only,train_fit,random_plane_1,baseline_plane,condition_span_median_radians,1.0048496968160929
test,input_driven_state_only,train_fit,random_plane_1,baseline_plane,condition_span_min_radians,0.2421564695684707
test,input_driven_state_only,train_fit,random_plane_1,baseline_plane,condition_span_max_radians,3.1988744686161112
test,input_driven_state_only,train_fit,random_plane_1,baseline_plane,signed_direction_consistency,0.75
test,input_driven_state_only,train_fit,random_plane_1,baseline_plane,condition_signed_angular_rate_mean,-0.091761725891964199
test,input_driven_state_only,train_fit,random_plane_1,baseline_plane,condition_signed_angular_rate_sd,0.5040543101820969
test,input_driven_state_only,train_fit,random_plane_1,condition_0,condition_span_radians,1.3448368552722023
test,input_driven_state_only,train_fit,random_plane_1,condition_1,condition_span_radians,0.2421564695684707
test,input_driven_state_only,train_fit,random_plane_1,condition_2,condition_span_radians,3.1988744686161112
test,input_driven_state_only,train_fit,random_plane_1,condition_3,condition_span_radians,0.51583271961473431
test,input_driven_state_only,train_fit,random_plane_1,condition_4,condition_span_radians,1.0839844942609262
test,input_driven_state_only,train_fit,random_plane_1,condition_5,condition_span_radians,0.40185389304839136
test,input_driven_state_only,train_fit,random_plane_1,condition_6,condition_span_radians,0.92571489937125984
test,input_driven_state_only,train_fit,random_plane_1,condition_7,condition_span_radians,1.1197506740532366
test,input_driven_state_only,train_fit,random_plane_2,baseline_plane,plane_occupancy,0.23981317901806815
test,input_driven_state_only,train_fit,random_plane_2,baseline_plane,tangential_energy,2.6766707402875913
test,input_driven_state_only,train_fit,random_plane_2,baseline_plane,radial_energy,2.8265909147503971
test,input_driven_state_only,train_fit,random_plane_2,baseline_plane,tangential_radial_energy_ratio,0.94696078103115089
test,input_driven_state_only,train_fit,random_plane_2,baseline_plane,perpendicular_fraction_within_15deg,0.12291666666666666
test,input_driven_state_only,train_fit,random_plane_2,baseline_plane,condition_span_mean_radians,0.96725301680513021
test,input_driven_state_only,train_fit,random_plane_2,baseline_plane,condition_span_median_radians,0.9107168970147802
test,input_driven_state_only,train_fit,random_plane_2,baseline_plane,condition_span_min_radians,0.3429927777798063
test,input_driven_state_only,train_fit,random_plane_2,baseline_plane,condition_span_max_radians,1.9734343773857426
test,input_driven_state_only,train_fit,random_plane_2,baseline_plane,signed_direction_consistency,0.625
test,input_driven_state_only,train_fit,random_plane_2,baseline_plane,condition_signed_angular_rate_mean,0.055263710243572829
test,input_driven_state_only,train_fit,random_plane_2,baseline_plane,condition_signed_angular_rate_sd,0.39819718185997799
test,input_driven_state_only,train_fit,random_plane_2,condition_0,condition_span_radians,0.74938343026654186
test,input_driven_state_only,train_fit,random_plane_2,condition_1,condition_span_radians,0.3429927777798063
test,input_driven_state_only,train_fit,random_plane_2,condition_2,condition_span_radians,1.0607953228350833
test,input_driven_state_only,train_fit,random_plane_2,condition_3,condition_span_radians,0.53375922728846481
test,input_driven_state_only,train_fit,random_plane_2,condition_4,condition_span_radians,0.90838925798326464
test,input_driven_state_only,train_fit,random_plane_2,condition_5,condition_span_radians,1.256225204855842
test,input_driven_state_only,train_fit,random_plane_2,condition_6,condition_span_radians,0.91304453604629576
test,input_driven_state_only,train_fit,random_plane_2,condition_7,condition_span_radians,1.9734343773857426
test,input_driven_state_only,train_fit,random_plane_3,baseline_plane,plane_occupancy,0.23639083901932942
test,input_driven_state_only,train_fit,random_plane_3,baseline_plane,tangential_energy,2.4972981741455325
test,input_driven_state_only,train_fit,random_plane_3,baseline_plane,radial_energy,2.7550809105812766
test,input_driven_state_only,train_fit,random_plane_3,baseline_plane,tangential_radial_energy_ratio,0.90643369657649864
test,input_driven_state_only,train_fit,random_plane_3,baseline_plane,perpendicular_fraction_within_15deg,0.18124999999999999
test,input_driven_state_only,train_fit,random_plane_3,baseline_plane,condition_span_mean_radians,0.97793942962683633
test,input_driven_state_only,train_fit,random_plane_3,baseline_plane,condition_span_median_radians,0.83339666963898007
test,input_driven_state_only,train_fit,random_plane_3,baseline_plane,condition_span_min_radians,0.37872308701105356
test,input_driven_state_only,train_fit,random_plane_3,baseline_plane,condition_span_max_radians,2.2176379446326533
test,input_driven_state_only,train_fit,random_plane_3,baseline_plane,signed_direction_consistency,0.75
test,input_driven_state_only,train_fit,random_plane_3,baseline_plane,condition_signed_angular_rate_mean,0.047257342253765877
test,input_driven_state_only,train_fit,random_plane_3,baseline_plane,condition_signed_angular_rate_sd,0.42306983019799771
test,input_driven_state_only,train_fit,random_plane_3,condition_0,condition_span_radians,0.50578929013664253
test,input_driven_state_only,train_fit,random_plane_3,condition_1,condition_span_radians,0.37872308701105356
test,input_driven_state_only,train_fit,random_plane_3,condition_2,condition_span_radians,0.81312731042080777
test,input_driven_state_only,train_fit,random_plane_3,condition_3,condition_span_radians,0.55899710933967661
test,input_driven_state_only,train_fit,random_plane_3,condition_4,condition_span_radians,0.98383503858922228
test,input_driven_state_only,train_fit,random_plane_3,condition_5,condition_span_radians,0.85366602885715226
test,input_driven_state_only,train_fit,random_plane_3,condition_6,condition_span_radians,2.2176379446326533
test,input_driven_state_only,train_fit,random_plane_3,condition_7,condition_span_radians,1.5117396280274826
test,input_driven_state_only,train_fit,random_plane_4,baseline_plane,plane_occupancy,0.18235074156507622
test,input_driven_state_only,train_fit,random_plane_4,baseline_plane,tangential_energy,2.5593402791420932
test,input_driven_state_only,train_fit,random_plane_4,baseline_plane,radial_energy,2.8286700795976327
test,input_driven_state_only,train_fit,random_plane_4,baseline_plane,tangential_radial_energy_ratio,0.90478571453131407
test,input_driven_state_only,train_fit,random_plane_4,baseline_plane,perpendicular_fraction_within_15deg,0.14166666666666666
test,input_driven_state_only,train_fit,random_plane_4,baseline_plane,condition_span_mean_radians,1.222256946263709
test,input_driven_state_only,train_fit,random_plane_4,baseline_plane,condition_span_median_radians,0.79282379650471535
test,input_driven_state_only,train_fit,random_plane_4,baseline_plane,condition_span_min_radians,0.3809877142959428
test,input_driven_state_only,train_fit,random_plane_4,baseline_plane,condition_span_max_radians,3.1246091465793313
test,input_driven_state_only,train_fit,random_plane_4,baseline_plane,signed_direction_consistency,0.625
test,input_driven_state_only,train_fit,random_plane_4,baseline_plane,condition_signed_angular_rate_mean,0.019799963375730246
test,input_driven_state_only,train_fit,random_plane_4,baseline_plane,condition_signed_angular_rate_sd,0.324752273573298
test,input_driven_state_only,train_fit,random_plane_4,condition_0,condition_span_radians,0.68521831305015701
test,input_driven_state_only,train_fit,random_plane_4,condition_1,condition_span_radians,0.3809877142959428
test,input_driven_state_only,train_fit,random_plane_4,condition_2,condition_span_radians,0.7484978842707557
test,input_driven_state_only,train_fit,random_plane_4,condition_3,condition_span_radians,0.83714970873867489
test,input_driven_state_only,train_fit,random_plane_4,condition_4,condition_span_radians,1.2312006680959593
test,input_driven_state_only,train_fit,random_plane_4,condition_5,condition_span_radians,2.0988758116615247
test,input_driven_state_only,train_fit,random_plane_4,condition_6,condition_span_radians,3.1246091465793313
test,input_driven_state_only,train_fit,random_plane_4,condition_7,condition_span_radians,0.67151632341732492
train,input_driven_input_aware,train_fit,unrestricted_affine,derivative_secant,derivative_mse,1.8524935333093746
train,input_driven_input_aware,train_fit,unrestricted_affine,derivative_secant,derivative_r2,0.05832767328864652
train,input_driven_input_aware,train_fit,skew_constrained,derivative_secant,derivative_mse,1.9745498142771911
train,input_driven_input_aware,train_fit,skew_constrained,derivative_secant,derivative_r2,-0.0037168197268675485
train,input_driven_input_aware,train_fit,symmetric_constrained,derivative_secant,derivative_mse,1.8861161982557848
train,input_driven_input_aware,train_fit,symmetric_constrained,derivative_secant,derivative_r2,0.041236367672177976
train,input_driven_input_aware,train_fit,input_aware_affine,derivative_secant,derivative_mse,1.7593181759091538
train,input_driven_input_aware,train_fit,input_aware_affine,derivative_secant,derivative_r2,0.10569121546441018
validation,input_driven_input_aware,train_fit,unrestricted_affine,derivative_secant,derivative_mse,3.4397097717709437
validation,input_driven_input_aware,train_fit,unrestricted_affine,derivative_secant,derivative_r2,0.045171139711817632
validation,input_driven_input_aware,train_fit,skew_constrained,derivative_secant,derivative_mse,3.6120954947251955
validation,input_driven_input_aware,train_fit,skew_constrained,derivative_secant,derivative_r2,-0.0026814043397749288
validation,input_driven_input_aware,train_fit,symmetric_constrained,derivative_secant,derivative_mse,3.4718157548944717
validation,input_driven_input_aware,train_fit,symmetric_constrained,derivative_secant,derivative_r2,0.036258841492399441
validation,input_driven_input_aware,train_fit,input_aware_affine,derivative_secant,derivative_mse,3.3428372820366552
validation,input_driven_input_aware,train_fit,input_aware_affine,derivative_secant,derivative_r2,0.072061969201378751
test,input_driven_input_aware,train_fit,unrestricted_affine,derivative_secant,derivative_mse,2.5032894764220113
test,input_driven_input_aware,train_fit,unrestricted_affine,derivative_secant,derivative_r2,0.046456454394891877
test,input_driven_input_aware,train_fit,skew_constrained,derivative_secant,derivative_mse,2.636635216685725
test,input_driven_input_aware,train_fit,skew_constrained,derivative_secant,derivative_r2,-0.0043370999103569119
test,input_driven_input_aware,train_fit,symmetric_constrained,derivative_secant,derivative_mse,2.5347605189030968
test,input_driven_input_aware,train_fit,symmetric_constrained,derivative_secant,derivative_r2,0.03446862409641771
test,input_driven_input_aware,train_fit,input_aware_affine,derivative_secant,derivative_mse,2.4130184219264548
test,input_driven_input_aware,train_fit,input_aware_affine,derivative_secant,derivative_r2,0.080842162552078878
test,input_driven_input_aware,train_fit,skew_plane_1,projected_trajectory,plane_occupancy,0.17127674181320529
test,input_driven_input_aware,train_fit,skew_plane_1,projected_trajectory,tangential_energy,2.6553988615258688
test,input_driven_input_aware,train_fit,skew_plane_1,projected_trajectory,radial_energy,2.8255762689013362
test,input_driven_input_aware,train_fit,skew_plane_1,projected_trajectory,tangential_radial_energy_ratio,0.93977249552650111
test,input_driven_input_aware,train_fit,skew_plane_1,projected_trajectory,perpendicular_fraction_within_15deg,0.17083333333333334
test,input_driven_input_aware,train_fit,skew_plane_1,projected_trajectory,condition_span_mean_radians,2.1800838389319921
test,input_driven_input_aware,train_fit,skew_plane_1,projected_trajectory,condition_span_median_radians,1.9167822870878775
test,input_driven_input_aware,train_fit,skew_plane_1,projected_trajectory,condition_span_min_radians,0.80163314438738997
test,input_driven_input_aware,train_fit,skew_plane_1,projected_trajectory,condition_span_max_radians,4.8072821768846845
test,input_driven_input_aware,train_fit,skew_plane_1,projected_trajectory,signed_direction_consistency,0.875
test,input_driven_input_aware,train_fit,skew_plane_1,projected_trajectory,condition_signed_angular_rate_mean,0.31150596507132144
test,input_driven_input_aware,train_fit,skew_plane_1,projected_trajectory,condition_signed_angular_rate_sd,0.78504815994221677
test,input_driven_input_aware,train_fit,skew_plane_1,condition_0,condition_span_radians,2.4575890962554428
test,input_driven_input_aware,train_fit,skew_plane_1,condition_1,condition_span_radians,0.80163314438738997
test,input_driven_input_aware,train_fit,skew_plane_1,condition_2,condition_span_radians,1.2165190380511979
test,input_driven_input_aware,train_fit,skew_plane_1,condition_3,condition_span_radians,1.4858467560034212
test,input_driven_input_aware,train_fit,skew_plane_1,condition_4,condition_span_radians,2.214075819479191
test,input_driven_input_aware,train_fit,skew_plane_1,condition_5,condition_span_radians,4.8072821768846845
test,input_driven_input_aware,train_fit,skew_plane_1,condition_6,condition_span_radians,2.8382359256980494
test,input_driven_input_aware,train_fit,skew_plane_1,condition_7,condition_span_radians,1.6194887546965639
test,input_driven_input_aware,train_fit,skew_plane_1,skew_generator,signed_rate,0.3199066060490352
test,input_driven_input_aware,train_fit,skew_plane_1,skew_generator,absolute_rate,0.3199066060490352
test,input_driven_input_aware,train_fit,skew_plane_2,projected_trajectory,plane_occupancy,0.42367346697595631
test,input_driven_input_aware,train_fit,skew_plane_2,projected_trajectory,tangential_energy,2.7526091364683087
test,input_driven_input_aware,train_fit,skew_plane_2,projected_trajectory,radial_energy,2.6700110983910514
test,input_driven_input_aware,train_fit,skew_plane_2,projected_trajectory,tangential_radial_energy_ratio,1.0309354661960135
test,input_driven_input_aware,train_fit,skew_plane_2,projected_trajectory,perpendicular_fraction_within_15deg,0.14999999999999999
test,input_driven_input_aware,train_fit,skew_plane_2,projected_trajectory,condition_span_mean_radians,0.82430536449284686
test,input_driven_input_aware,train_fit,skew_plane_2,projected_trajectory,condition_span_median_radians,0.5488861356588397
test,input_driven_input_aware,train_fit,skew_plane_2,projected_trajectory,condition_span_min_radians,0.24125602719967398
test,input_driven_input_aware,train_fit,skew_plane_2,projected_trajectory,condition_span_max_radians,3.2157408572743496
test,input_driven_input_aware,train_fit,skew_plane_2,projected_trajectory,signed_direction_consistency,1
test,input_driven_input_aware,train_fit,skew_plane_2,projected_trajectory,condition_signed_angular_rate_mean,0.65571767853560403
test,input_driven_input_aware,train_fit,skew_plane_2,projected_trajectory,condition_signed_angular_rate_sd,1.519039691031651
test,input_driven_input_aware,train_fit,skew_plane_2,condition_0,condition_span_radians,0.38714610661123017
test,input_driven_input_aware,train_fit,skew_plane_2,condition_1,condition_span_radians,0.24125602719967398
test,input_driven_input_aware,train_fit,skew_plane_2,condition_2,condition_span_radians,3.2157408572743496
test,input_driven_input_aware,train_fit,skew_plane_2,condition_3,condition_span_radians,0.58885591180285324
test,input_driven_input_aware,train_fit,skew_plane_2,condition_4,condition_span_radians,0.56981299600203306
test,input_driven_input_aware,train_fit,skew_plane_2,condition_5,condition_span_radians,0.43694353786721152
test,input_driven_input_aware,train_fit,skew_plane_2,condition_6,condition_span_radians,0.52795927531564624
test,input_driven_input_aware,train_fit,skew_plane_2,condition_7,condition_span_radians,0.62672820386977712
test,input_driven_input_aware,train_fit,skew_plane_2,skew_generator,signed_rate,0.058167326505102313
test,input_driven_input_aware,train_fit,skew_plane_2,skew_generator,absolute_rate,0.058167326505102313
test,input_driven_input_aware,train_fit,fixed_plane,baseline_plane,plane_occupancy,0.69107579042115419
test,input_driven_input_aware,train_fit,fixed_plane,baseline_plane,tangential_energy,2.6623366113968872
test,input_driven_input_aware,train_fit,fixed_plane,baseline_plane,radial_energy,3.0490822748476365
test,input_driven_input_aware,train_fit,fixed_plane,baseline_plane,tangential_radial_energy_ratio,0.87315997779362153
test,input_driven_input_aware,train_fit,fixed_plane,baseline_plane,perpendicular_fraction_within_15deg,0.13958333333333334
test,input_driven_input_aware,train_fit,fixed_plane,baseline_plane,condition_span_mean_radians,1.1547066936536501
test,input_driven_input_aware,train_fit,fixed_plane,baseline_plane,condition_span_median_radians,0.8457701344157873
test,input_driven_input_aware,train_fit,fixed_plane,baseline_plane,condition_span_min_radians,0.11893631480471578
test,input_driven_input_aware,train_fit,fixed_plane,baseline_plane,condition_span_max_radians,2.3848027151135587
test,input_driven_input_aware,train_fit,fixed_plane,baseline_plane,signed_direction_consistency,0.875
test,input_driven_input_aware,train_fit,fixed_plane,baseline_plane,condition_signed_angular_rate_mean,-0.083636098291259842
test,input_driven_input_aware,train_fit,fixed_plane,baseline_plane,condition_signed_angular_rate_sd,0.59337866728442024
test,input_driven_input_aware,train_fit,fixed_plane,condition_0,condition_span_radians,2.3848027151135587
test,input_driven_input_aware,train_fit,fixed_plane,condition_1,condition_span_radians,0.11893631480471578
test,input_driven_input_aware,train_fit,fixed_plane,condition_2,condition_span_radians,2.3038147724467604
test,input_driven_input_aware,train_fit,fixed_plane,condition_3,condition_span_radians,0.46495248122666466
test,input_driven_input_aware,train_fit,fixed_plane,condition_4,condition_span_radians,1.8274685171405129
test,input_driven_input_aware,train_fit,fixed_plane,condition_5,condition_span_radians,0.44613847966541265
test,input_driven_input_aware,train_fit,fixed_plane,condition_6,condition_span_radians,0.61171631199669241
test,input_driven_input_aware,train_fit,fixed_plane,condition_7,condition_span_radians,1.0798239568348822
test,input_driven_input_aware,train_fit,random_plane_0,baseline_plane,plane_occupancy,0.17674032756024904
test,input_driven_input_aware,train_fit,random_plane_0,baseline_plane,tangential_energy,2.5503550805883988
test,input_driven_input_aware,train_fit,random_plane_0,baseline_plane,radial_energy,2.5686122558477211
test,input_driven_input_aware,train_fit,random_plane_0,baseline_plane,tangential_radial_energy_ratio,0.99289220269904188
test,input_driven_input_aware,train_fit,random_plane_0,baseline_plane,perpendicular_fraction_within_15deg,0.14999999999999999
test,input_driven_input_aware,train_fit,random_plane_0,baseline_plane,condition_span_mean_radians,1.5210737185113041
test,input_driven_input_aware,train_fit,random_plane_0,baseline_plane,condition_span_median_radians,0.87820034420853688
test,input_driven_input_aware,train_fit,random_plane_0,baseline_plane,condition_span_min_radians,0.3252729584118822
test,input_driven_input_aware,train_fit,random_plane_0,baseline_plane,condition_span_max_radians,3.5415994508765958
test,input_driven_input_aware,train_fit,random_plane_0,baseline_plane,signed_direction_consistency,0.75
test,input_driven_input_aware,train_fit,random_plane_0,baseline_plane,condition_signed_angular_rate_mean,-0.13694683610150066
test,input_driven_input_aware,train_fit,random_plane_0,baseline_plane,condition_signed_angular_rate_sd,0.69930600679106658
test,input_driven_input_aware,train_fit,random_plane_0,condition_0,condition_span_radians,0.93504118554904558
test,input_driven_input_aware,train_fit,random_plane_0,condition_1,condition_span_radians,2.4470710128177982
test,input_driven_input_aware,train_fit,random_plane_0,condition_2,condition_span_radians,3.11799646226478
test,input_driven_input_aware,train_fit,random_plane_0,condition_3,condition_span_radians,3.5415994508765958
test,input_driven_input_aware,train_fit,random_plane_0,condition_4,condition_span_radians,0.82135950286802828
test,input_driven_input_aware,train_fit,random_plane_0,condition_5,condition_span_radians,0.3252729584118822
test,input_driven_input_aware,train_fit,random_plane_0,condition_6,condition_span_radians,0.45538195425246819
test,input_driven_input_aware,train_fit,random_plane_0,condition_7,condition_span_radians,0.52486722104983408
test,input_driven_input_aware,train_fit,random_plane_1,baseline_plane,plane_occupancy,0.43949170658599673
test,input_driven_input_aware,train_fit,random_plane_1,baseline_plane,tangential_energy,2.5423610599372108
test,input_driven_input_aware,train_fit,random_plane_1,baseline_plane,radial_energy,2.8228748320003691
test,input_driven_input_aware,train_fit,random_plane_1,baseline_plane,tangential_radial_energy_ratio,0.9006283350280968
test,input_driven_input_aware,train_fit,random_plane_1,baseline_plane,perpendicular_fraction_within_15deg,0.14791666666666667
test,input_driven_input_aware,train_fit,random_plane_1,baseline_plane,condition_span_mean_radians,1.1041255592256667
test,input_driven_input_aware,train_fit,random_plane_1,baseline_plane,condition_span_median_radians,1.0048496968160929
test,input_driven_input_aware,train_fit,random_plane_1,baseline_plane,condition_span_min_radians,0.2421564695684707
test,input_driven_input_aware,train_fit,random_plane_1,baseline_plane,condition_span_max_radians,3.1988744686161112
test,input_driven_input_aware,train_fit,random_plane_1,baseline_plane,signed_direction_consistency,0.75
test,input_driven_input_aware,train_fit,random_plane_1,baseline_plane,condition_signed_angular_rate_mean,-0.091761725891964199
test,input_driven_input_aware,train_fit,random_plane_1,baseline_plane,condition_signed_angular_rate_sd,0.5040543101820969
test,input_driven_input_aware,train_fit,random_plane_1,condition_0,condition_span_radians,1.3448368552722023
test,input_driven_input_aware,train_fit,random_plane_1,condition_1,condition_span_radians,0.2421564695684707
test,input_driven_input_aware,train_fit,random_plane_1,condition_2,condition_span_radians,3.1988744686161112
test,input_driven_input_aware,train_fit,random_plane_1,condition_3,condition_span_radians,0.51583271961473431
test,input_driven_input_aware,train_fit,random_plane_1,condition_4,condition_span_radians,1.0839844942609262
test,input_driven_input_aware,train_fit,random_plane_1,condition_5,condition_span_radians,0.40185389304839136
test,input_driven_input_aware,train_fit,random_plane_1,condition_6,condition_span_radians,0.92571489937125984
test,input_driven_input_aware,train_fit,random_plane_1,condition_7,condition_span_radians,1.1197506740532366
test,input_driven_input_aware,train_fit,random_plane_2,baseline_plane,plane_occupancy,0.23981317901806815
test,input_driven_input_aware,train_fit,random_plane_2,baseline_plane,tangential_energy,2.6766707402875913
test,input_driven_input_aware,train_fit,random_plane_2,baseline_plane,radial_energy,2.8265909147503971
test,input_driven_input_aware,train_fit,random_plane_2,baseline_plane,tangential_radial_energy_ratio,0.94696078103115089
test,input_driven_input_aware,train_fit,random_plane_2,baseline_plane,perpendicular_fraction_within_15deg,0.12291666666666666
test,input_driven_input_aware,train_fit,random_plane_2,baseline_plane,condition_span_mean_radians,0.96725301680513021
test,input_driven_input_aware,train_fit,random_plane_2,baseline_plane,condition_span_median_radians,0.9107168970147802
test,input_driven_input_aware,train_fit,random_plane_2,baseline_plane,condition_span_min_radians,0.3429927777798063
test,input_driven_input_aware,train_fit,random_plane_2,baseline_plane,condition_span_max_radians,1.9734343773857426
test,input_driven_input_aware,train_fit,random_plane_2,baseline_plane,signed_direction_consistency,0.625
test,input_driven_input_aware,train_fit,random_plane_2,baseline_plane,condition_signed_angular_rate_mean,0.055263710243572829
test,input_driven_input_aware,train_fit,random_plane_2,baseline_plane,condition_signed_angular_rate_sd,0.39819718185997799
test,input_driven_input_aware,train_fit,random_plane_2,condition_0,condition_span_radians,0.74938343026654186
test,input_driven_input_aware,train_fit,random_plane_2,condition_1,condition_span_radians,0.3429927777798063
test,input_driven_input_aware,train_fit,random_plane_2,condition_2,condition_span_radians,1.0607953228350833
test,input_driven_input_aware,train_fit,random_plane_2,condition_3,condition_span_radians,0.53375922728846481
test,input_driven_input_aware,train_fit,random_plane_2,condition_4,condition_span_radians,0.90838925798326464
test,input_driven_input_aware,train_fit,random_plane_2,condition_5,condition_span_radians,1.256225204855842
test,input_driven_input_aware,train_fit,random_plane_2,condition_6,condition_span_radians,0.91304453604629576
test,input_driven_input_aware,train_fit,random_plane_2,condition_7,condition_span_radians,1.9734343773857426
test,input_driven_input_aware,train_fit,random_plane_3,baseline_plane,plane_occupancy,0.23639083901932942
test,input_driven_input_aware,train_fit,random_plane_3,baseline_plane,tangential_energy,2.4972981741455325
test,input_driven_input_aware,train_fit,random_plane_3,baseline_plane,radial_energy,2.7550809105812766
test,input_driven_input_aware,train_fit,random_plane_3,baseline_plane,tangential_radial_energy_ratio,0.90643369657649864
test,input_driven_input_aware,train_fit,random_plane_3,baseline_plane,perpendicular_fraction_within_15deg,0.18124999999999999
test,input_driven_input_aware,train_fit,random_plane_3,baseline_plane,condition_span_mean_radians,0.97793942962683633
test,input_driven_input_aware,train_fit,random_plane_3,baseline_plane,condition_span_median_radians,0.83339666963898007
test,input_driven_input_aware,train_fit,random_plane_3,baseline_plane,condition_span_min_radians,0.37872308701105356
test,input_driven_input_aware,train_fit,random_plane_3,baseline_plane,condition_span_max_radians,2.2176379446326533
test,input_driven_input_aware,train_fit,random_plane_3,baseline_plane,signed_direction_consistency,0.75
test,input_driven_input_aware,train_fit,random_plane_3,baseline_plane,condition_signed_angular_rate_mean,0.047257342253765877
test,input_driven_input_aware,train_fit,random_plane_3,baseline_plane,condition_signed_angular_rate_sd,0.42306983019799771
test,input_driven_input_aware,train_fit,random_plane_3,condition_0,condition_span_radians,0.50578929013664253
test,input_driven_input_aware,train_fit,random_plane_3,condition_1,condition_span_radians,0.37872308701105356
test,input_driven_input_aware,train_fit,random_plane_3,condition_2,condition_span_radians,0.81312731042080777
test,input_driven_input_aware,train_fit,random_plane_3,condition_3,condition_span_radians,0.55899710933967661
test,input_driven_input_aware,train_fit,random_plane_3,condition_4,condition_span_radians,0.98383503858922228
test,input_driven_input_aware,train_fit,random_plane_3,condition_5,condition_span_radians,0.85366602885715226
test,input_driven_input_aware,train_fit,random_plane_3,condition_6,condition_span_radians,2.2176379446326533
test,input_driven_input_aware,train_fit,random_plane_3,condition_7,condition_span_radians,1.5117396280274826
test,input_driven_input_aware,train_fit,random_plane_4,baseline_plane,plane_occupancy,0.18235074156507622
test,input_driven_input_aware,train_fit,random_plane_4,baseline_plane,tangential_energy,2.5593402791420932
test,input_driven_input_aware,train_fit,random_plane_4,baseline_plane,radial_energy,2.8286700795976327
test,input_driven_input_aware,train_fit,random_plane_4,baseline_plane,tangential_radial_energy_ratio,0.90478571453131407
test,input_driven_input_aware,train_fit,random_plane_4,baseline_plane,perpendicular_fraction_within_15deg,0.14166666666666666
test,input_driven_input_aware,train_fit,random_plane_4,baseline_plane,condition_span_mean_radians,1.222256946263709
test,input_driven_input_aware,train_fit,random_plane_4,baseline_plane,condition_span_median_radians,0.79282379650471535
test,input_driven_input_aware,train_fit,random_plane_4,baseline_plane,condition_span_min_radians,0.3809877142959428
test,input_driven_input_aware,train_fit,random_plane_4,baseline_plane,condition_span_max_radians,3.1246091465793313
test,input_driven_input_aware,train_fit,random_plane_4,baseline_plane,signed_direction_consistency,0.625
test,input_driven_input_aware,train_fit,random_plane_4,baseline_plane,condition_signed_angular_rate_mean,0.019799963375730246
test,input_driven_input_aware,train_fit,random_plane_4,baseline_plane,condition_signed_angular_rate_sd,0.324752273573298
test,input_driven_input_aware,train_fit,random_plane_4,condition_0,condition_span_radians,0.68521831305015701
test,input_driven_input_aware,train_fit,random_plane_4,condition_1,condition_span_radians,0.3809877142959428
test,input_driven_input_aware,train_fit,random_plane_4,condition_2,condition_span_radians,0.7484978842707557
test,input_driven_input_aware,train_fit,random_plane_4,condition_3,condition_span_radians,0.83714970873867489
test,input_driven_input_aware,train_fit,random_plane_4,condition_4,condition_span_radians,1.2312006680959593
test,input_driven_input_aware,train_fit,random_plane_4,condition_5,condition_span_radians,2.0988758116615247
test,input_driven_input_aware,train_fit,random_plane_4,condition_6,condition_span_radians,3.1246091465793313
test,input_driven_input_aware,train_fit,random_plane_4,condition_7,condition_span_radians,0.67151632341732492
train,input_driven_input_aware,expected_coefficient_oracle,input_aware_affine,known_euler_model,M_error,2.6140068071782285
train,input_driven_input_aware,expected_coefficient_oracle,input_aware_affine,known_euler_model,G_error,0.20712104978863241
train,input_driven_input_aware,expected_coefficient_oracle,input_aware_affine,known_euler_model,intercept_error,0.032980020948940703
train,input_driven_input_aware,expected_coefficient_oracle,input_aware_affine,known_euler_model,euler_local_consistency_max_abs,2.3314683517128287e-14
train,nonorthogonal_mixing,train_fit,unrestricted,heldout_derivative,derivative_mse,1.5761734746566984
train,nonorthogonal_mixing,train_fit,unrestricted,heldout_derivative,derivative_r2,0.61576503484550971
train,nonorthogonal_mixing,train_fit,skew_constrained,heldout_derivative,derivative_mse,2.2403673988377104
train,nonorthogonal_mixing,train_fit,skew_constrained,heldout_derivative,derivative_r2,0.45384978032753798
train,nonorthogonal_mixing,train_fit,symmetric_constrained,heldout_derivative,derivative_mse,4.0341618655467295
train,nonorthogonal_mixing,train_fit,symmetric_constrained,heldout_derivative,derivative_r2,0.01656380546973979
validation,nonorthogonal_mixing,train_fit,unrestricted,heldout_derivative,derivative_mse,4.0352253324634599
validation,nonorthogonal_mixing,train_fit,unrestricted,heldout_derivative,derivative_r2,0.38282615412485477
validation,nonorthogonal_mixing,train_fit,skew_constrained,heldout_derivative,derivative_mse,4.6936364467465932
validation,nonorthogonal_mixing,train_fit,skew_constrained,heldout_derivative,derivative_r2,0.28212443709806712
validation,nonorthogonal_mixing,train_fit,symmetric_constrained,heldout_derivative,derivative_mse,6.4750041283286492
validation,nonorthogonal_mixing,train_fit,symmetric_constrained,heldout_derivative,derivative_r2,0.0096703726088087638
test,nonorthogonal_mixing,train_fit,unrestricted,heldout_derivative,derivative_mse,2.9535476816604
test,nonorthogonal_mixing,train_fit,unrestricted,heldout_derivative,derivative_r2,0.46085979163324375
test,nonorthogonal_mixing,train_fit,skew_constrained,heldout_derivative,derivative_mse,3.6159342322391113
test,nonorthogonal_mixing,train_fit,skew_constrained,heldout_derivative,derivative_r2,0.33994783713329779
test,nonorthogonal_mixing,train_fit,symmetric_constrained,heldout_derivative,derivative_mse,5.4084846667859479
test,nonorthogonal_mixing,train_fit,symmetric_constrained,heldout_derivative,derivative_r2,0.012735914742324939
test,nonorthogonal_mixing,train_fit,skew_plane_1,projected_trajectory,plane_occupancy,0.4593261732564124
test,nonorthogonal_mixing,train_fit,skew_plane_1,projected_trajectory,tangential_energy,15.158634477480694
test,nonorthogonal_mixing,train_fit,skew_plane_1,projected_trajectory,radial_energy,4.6320981636996557
test,nonorthogonal_mixing,train_fit,skew_plane_1,projected_trajectory,tangential_radial_energy_ratio,3.2725201284105552
test,nonorthogonal_mixing,train_fit,skew_plane_1,projected_trajectory,perpendicular_fraction_within_15deg,0.29375000000000001
test,nonorthogonal_mixing,train_fit,skew_plane_1,projected_trajectory,condition_span_mean_radians,4.755615149063968
test,nonorthogonal_mixing,train_fit,skew_plane_1,projected_trajectory,condition_span_median_radians,4.630168335604913
test,nonorthogonal_mixing,train_fit,skew_plane_1,projected_trajectory,condition_span_min_radians,4.3987268107942832
test,nonorthogonal_mixing,train_fit,skew_plane_1,projected_trajectory,condition_span_max_radians,5.2551337450175062
test,nonorthogonal_mixing,train_fit,skew_plane_1,projected_trajectory,signed_direction_consistency,1
test,nonorthogonal_mixing,train_fit,skew_plane_1,projected_trajectory,condition_signed_angular_rate_mean,2.012569418315179
test,nonorthogonal_mixing,train_fit,skew_plane_1,projected_trajectory,condition_signed_angular_rate_sd,0.11708411022358242
test,nonorthogonal_mixing,train_fit,skew_plane_1,condition_0,condition_span_radians,5.2551337450175062
test,nonorthogonal_mixing,train_fit,skew_plane_1,condition_1,condition_span_radians,4.5838823981622578
test,nonorthogonal_mixing,train_fit,skew_plane_1,condition_2,condition_span_radians,4.6236978627572212
test,nonorthogonal_mixing,train_fit,skew_plane_1,condition_3,condition_span_radians,4.3987268107942832
test,nonorthogonal_mixing,train_fit,skew_plane_1,condition_4,condition_span_radians,4.5476922509632018
test,nonorthogonal_mixing,train_fit,skew_plane_1,condition_5,condition_span_radians,4.8227409587710532
test,nonorthogonal_mixing,train_fit,skew_plane_1,condition_6,condition_span_radians,4.6366388084526049
test,nonorthogonal_mixing,train_fit,skew_plane_1,condition_7,condition_span_radians,5.1764083575936182
test,nonorthogonal_mixing,train_fit,skew_plane_1,skew_generator,signed_rate,1.7758029276145497
test,nonorthogonal_mixing,train_fit,skew_plane_1,skew_generator,absolute_rate,1.7758029276145497
test,nonorthogonal_mixing,train_fit,skew_plane_2,projected_trajectory,plane_occupancy,0.44112938235191385
test,nonorthogonal_mixing,train_fit,skew_plane_2,projected_trajectory,tangential_energy,3.7825110962649098
test,nonorthogonal_mixing,train_fit,skew_plane_2,projected_trajectory,radial_energy,3.4666673276176918
test,nonorthogonal_mixing,train_fit,skew_plane_2,projected_trajectory,tangential_radial_energy_ratio,1.0911087620467659
test,nonorthogonal_mixing,train_fit,skew_plane_2,projected_trajectory,perpendicular_fraction_within_15deg,0.19583333333333333
test,nonorthogonal_mixing,train_fit,skew_plane_2,projected_trajectory,condition_span_mean_radians,1.4899349809358982
test,nonorthogonal_mixing,train_fit,skew_plane_2,projected_trajectory,condition_span_median_radians,1.4132491595233259
test,nonorthogonal_mixing,train_fit,skew_plane_2,projected_trajectory,condition_span_min_radians,0.99022578020317331
test,nonorthogonal_mixing,train_fit,skew_plane_2,projected_trajectory,condition_span_max_radians,2.1799939799527861
test,nonorthogonal_mixing,train_fit,skew_plane_2,projected_trajectory,signed_direction_consistency,1
test,nonorthogonal_mixing,train_fit,skew_plane_2,projected_trajectory,condition_signed_angular_rate_mean,0.63411938586472694
test,nonorthogonal_mixing,train_fit,skew_plane_2,projected_trajectory,condition_signed_angular_rate_sd,0.15794900435267875
test,nonorthogonal_mixing,train_fit,skew_plane_2,condition_0,condition_span_radians,1.7887374007968175
test,nonorthogonal_mixing,train_fit,skew_plane_2,condition_1,condition_span_radians,1.2931569986196938
test,nonorthogonal_mixing,train_fit,skew_plane_2,condition_2,condition_span_radians,2.1799939799527861
test,nonorthogonal_mixing,train_fit,skew_plane_2,condition_3,condition_span_radians,1.5333413204269579
test,nonorthogonal_mixing,train_fit,skew_plane_2,condition_4,condition_span_radians,1.6846321200594478
test,nonorthogonal_mixing,train_fit,skew_plane_2,condition_5,condition_span_radians,1.2733188464888259
test,nonorthogonal_mixing,train_fit,skew_plane_2,condition_6,condition_span_radians,1.1760734009394815
test,nonorthogonal_mixing,train_fit,skew_plane_2,condition_7,condition_span_radians,0.99022578020317331
test,nonorthogonal_mixing,train_fit,skew_plane_2,skew_generator,signed_rate,0.49694704608333368
test,nonorthogonal_mixing,train_fit,skew_plane_2,skew_generator,absolute_rate,0.49694704608333368
test,nonorthogonal_mixing,train_fit,skew_plane_1,mapped_nonorthogonal_true_plane_1,plane_max_angle_degrees,7.2850692463685292
test,nonorthogonal_mixing,train_fit,skew_plane_1,mapped_nonorthogonal_true_plane_1,plane_rms_sine_error,0.091830584575776142
test,nonorthogonal_mixing,train_fit,skew_plane_1,mapped_nonorthogonal_true_plane_1,plane_projector_frobenius_error,0.18366116915155187
test,nonorthogonal_mixing,train_fit,skew_plane_2,mapped_nonorthogonal_true_plane_2,plane_max_angle_degrees,19.162196777064395
test,nonorthogonal_mixing,train_fit,skew_plane_2,mapped_nonorthogonal_true_plane_2,plane_rms_sine_error,0.27637956325680885
test,nonorthogonal_mixing,train_fit,skew_plane_2,mapped_nonorthogonal_true_plane_2,plane_projector_frobenius_error,0.55275912651361769
test,nonorthogonal_mixing,train_fit,fixed_plane,baseline_plane,plane_occupancy,0.79058751792970927
test,nonorthogonal_mixing,train_fit,fixed_plane,baseline_plane,tangential_energy,9.8430927785575015
test,nonorthogonal_mixing,train_fit,fixed_plane,baseline_plane,radial_energy,7.6233598146754087
test,nonorthogonal_mixing,train_fit,fixed_plane,baseline_plane,tangential_radial_energy_ratio,1.2911751534551705
test,nonorthogonal_mixing,train_fit,fixed_plane,baseline_plane,perpendicular_fraction_within_15deg,0.16666666666666666
test,nonorthogonal_mixing,train_fit,fixed_plane,baseline_plane,condition_span_mean_radians,2.3582858625339758
test,nonorthogonal_mixing,train_fit,fixed_plane,baseline_plane,condition_span_median_radians,2.1913462390238867
test,nonorthogonal_mixing,train_fit,fixed_plane,baseline_plane,condition_span_min_radians,1.0233139321252107
test,nonorthogonal_mixing,train_fit,fixed_plane,baseline_plane,condition_span_max_radians,4.2181105826935372
test,nonorthogonal_mixing,train_fit,fixed_plane,baseline_plane,signed_direction_consistency,0.5
test,nonorthogonal_mixing,train_fit,fixed_plane,baseline_plane,condition_signed_angular_rate_mean,-0.016973023540425541
test,nonorthogonal_mixing,train_fit,fixed_plane,baseline_plane,condition_signed_angular_rate_sd,0.49411948162912395
test,nonorthogonal_mixing,train_fit,fixed_plane,condition_0,condition_span_radians,2.5804356267597557
test,nonorthogonal_mixing,train_fit,fixed_plane,condition_1,condition_span_radians,2.2775929395349439
test,nonorthogonal_mixing,train_fit,fixed_plane,condition_2,condition_span_radians,4.2181105826935372
test,nonorthogonal_mixing,train_fit,fixed_plane,condition_3,condition_span_radians,2.5600338532850846
test,nonorthogonal_mixing,train_fit,fixed_plane,condition_4,condition_span_radians,2.0000514133334759
test,nonorthogonal_mixing,train_fit,fixed_plane,condition_5,condition_span_radians,1.0233139321252107
test,nonorthogonal_mixing,train_fit,fixed_plane,condition_6,condition_span_radians,2.1016490140269681
test,nonorthogonal_mixing,train_fit,fixed_plane,condition_7,condition_span_radians,2.1050995385128295
test,nonorthogonal_mixing,train_fit,random_plane_0,baseline_plane,plane_occupancy,0.1521347671136507
test,nonorthogonal_mixing,train_fit,random_plane_0,baseline_plane,tangential_energy,4.4479391894180536
test,nonorthogonal_mixing,train_fit,random_plane_0,baseline_plane,radial_energy,4.2388243078791668
test,nonorthogonal_mixing,train_fit,random_plane_0,baseline_plane,tangential_radial_energy_ratio,1.049333226939881
test,nonorthogonal_mixing,train_fit,random_plane_0,baseline_plane,perpendicular_fraction_within_15deg,0.16666666666666666
test,nonorthogonal_mixing,train_fit,random_plane_0,baseline_plane,condition_span_mean_radians,3.4111962415165094
test,nonorthogonal_mixing,train_fit,random_plane_0,baseline_plane,condition_span_median_radians,3.461612848068909
test,nonorthogonal_mixing,train_fit,random_plane_0,baseline_plane,condition_span_min_radians,1.160150589884503
test,nonorthogonal_mixing,train_fit,random_plane_0,baseline_plane,condition_span_max_radians,5.7932135284094786
test,nonorthogonal_mixing,train_fit,random_plane_0,baseline_plane,signed_direction_consistency,0.875
test,nonorthogonal_mixing,train_fit,random_plane_0,baseline_plane,condition_signed_angular_rate_mean,-0.87213159286447706
test,nonorthogonal_mixing,train_fit,random_plane_0,baseline_plane,condition_signed_angular_rate_sd,1.2088618453709084
test,nonorthogonal_mixing,train_fit,random_plane_0,condition_0,condition_span_radians,5.7932135284094786
test,nonorthogonal_mixing,train_fit,random_plane_0,condition_1,condition_span_radians,4.5726275049089837
test,nonorthogonal_mixing,train_fit,random_plane_0,condition_2,condition_span_radians,2.1967055133322759
test,nonorthogonal_mixing,train_fit,random_plane_0,condition_3,condition_span_radians,3.7082720929326514
test,nonorthogonal_mixing,train_fit,random_plane_0,condition_4,condition_span_radians,1.160150589884503
test,nonorthogonal_mixing,train_fit,random_plane_0,condition_5,condition_span_radians,1.2139883842134145
test,nonorthogonal_mixing,train_fit,random_plane_0,condition_6,condition_span_radians,5.429658715245604
test,nonorthogonal_mixing,train_fit,random_plane_0,condition_7,condition_span_radians,3.2149536032051662
test,nonorthogonal_mixing,train_fit,random_plane_1,baseline_plane,plane_occupancy,0.50338764876805009
test,nonorthogonal_mixing,train_fit,random_plane_1,baseline_plane,tangential_energy,7.9394222233054927
test,nonorthogonal_mixing,train_fit,random_plane_1,baseline_plane,radial_energy,7.5779883501656498
test,nonorthogonal_mixing,train_fit,random_plane_1,baseline_plane,tangential_radial_energy_ratio,1.0476952268119999
test,nonorthogonal_mixing,train_fit,random_plane_1,baseline_plane,perpendicular_fraction_within_15deg,0.16041666666666668
test,nonorthogonal_mixing,train_fit,random_plane_1,baseline_plane,condition_span_mean_radians,2.9092830620591243
test,nonorthogonal_mixing,train_fit,random_plane_1,baseline_plane,condition_span_median_radians,2.4417391925295027
test,nonorthogonal_mixing,train_fit,random_plane_1,baseline_plane,condition_span_min_radians,1.6330050799293669
test,nonorthogonal_mixing,train_fit,random_plane_1,baseline_plane,condition_span_max_radians,5.9212326035764855
test,nonorthogonal_mixing,train_fit,random_plane_1,baseline_plane,signed_direction_consistency,0.875
test,nonorthogonal_mixing,train_fit,random_plane_1,baseline_plane,condition_signed_angular_rate_mean,-0.61860149113936136
test,nonorthogonal_mixing,train_fit,random_plane_1,baseline_plane,condition_signed_angular_rate_sd,1.0841702050231785
test,nonorthogonal_mixing,train_fit,random_plane_1,condition_0,condition_span_radians,5.9212326035764855
test,nonorthogonal_mixing,train_fit,random_plane_1,condition_1,condition_span_radians,2.4496415499786703
test,nonorthogonal_mixing,train_fit,random_plane_1,condition_2,condition_span_radians,3.9171781258318754
test,nonorthogonal_mixing,train_fit,random_plane_1,condition_3,condition_span_radians,2.9083450194801603
test,nonorthogonal_mixing,train_fit,random_plane_1,condition_4,condition_span_radians,1.8343885215626581
test,nonorthogonal_mixing,train_fit,random_plane_1,condition_5,condition_span_radians,1.6330050799293669
test,nonorthogonal_mixing,train_fit,random_plane_1,condition_6,condition_span_radians,2.4338368350803345
test,nonorthogonal_mixing,train_fit,random_plane_1,condition_7,condition_span_radians,2.1766367610334405
test,nonorthogonal_mixing,train_fit,random_plane_2,baseline_plane,plane_occupancy,0.23611311609277624
test,nonorthogonal_mixing,train_fit,random_plane_2,baseline_plane,tangential_energy,3.8654265279048503
test,nonorthogonal_mixing,train_fit,random_plane_2,baseline_plane,radial_energy,4.0464342438553533
test,nonorthogonal_mixing,train_fit,random_plane_2,baseline_plane,tangential_radial_energy_ratio,0.95526735267590979
test,nonorthogonal_mixing,train_fit,random_plane_2,baseline_plane,perpendicular_fraction_within_15deg,0.18541666666666667
test,nonorthogonal_mixing,train_fit,random_plane_2,baseline_plane,condition_span_mean_radians,1.8665686792838221
test,nonorthogonal_mixing,train_fit,random_plane_2,baseline_plane,condition_span_median_radians,1.9720203255686954
test,nonorthogonal_mixing,train_fit,random_plane_2,baseline_plane,condition_span_min_radians,0.94357724614958172
test,nonorthogonal_mixing,train_fit,random_plane_2,baseline_plane,condition_span_max_radians,2.7717850336992793
test,nonorthogonal_mixing,train_fit,random_plane_2,baseline_plane,signed_direction_consistency,0.75
test,nonorthogonal_mixing,train_fit,random_plane_2,baseline_plane,condition_signed_angular_rate_mean,0.45082569511714798
test,nonorthogonal_mixing,train_fit,random_plane_2,baseline_plane,condition_signed_angular_rate_sd,0.28865570296850357
test,nonorthogonal_mixing,train_fit,random_plane_2,condition_0,condition_span_radians,2.7717850336992793
test,nonorthogonal_mixing,train_fit,random_plane_2,condition_1,condition_span_radians,2.1161457679136761
test,nonorthogonal_mixing,train_fit,random_plane_2,condition_2,condition_span_radians,2.1719261576680395
test,nonorthogonal_mixing,train_fit,random_plane_2,condition_3,condition_span_radians,2.5759352401847986
test,nonorthogonal_mixing,train_fit,random_plane_2,condition_4,condition_span_radians,1.1963784274604892
test,nonorthogonal_mixing,train_fit,random_plane_2,condition_5,condition_span_radians,1.3289066779709986
test,nonorthogonal_mixing,train_fit,random_plane_2,condition_6,condition_span_radians,0.94357724614958172
test,nonorthogonal_mixing,train_fit,random_plane_2,condition_7,condition_span_radians,1.8278948832237147
test,nonorthogonal_mixing,train_fit,random_plane_3,baseline_plane,plane_occupancy,0.22412553915408301
test,nonorthogonal_mixing,train_fit,random_plane_3,baseline_plane,tangential_energy,4.4704163580309446
test,nonorthogonal_mixing,train_fit,random_plane_3,baseline_plane,radial_energy,4.7498292975259142
test,nonorthogonal_mixing,train_fit,random_plane_3,baseline_plane,tangential_radial_energy_ratio,0.94117410921682809
test,nonorthogonal_mixing,train_fit,random_plane_3,baseline_plane,perpendicular_fraction_within_15deg,0.16666666666666666
test,nonorthogonal_mixing,train_fit,random_plane_3,baseline_plane,condition_span_mean_radians,2.7126112527794022
test,nonorthogonal_mixing,train_fit,random_plane_3,baseline_plane,condition_span_median_radians,2.7503114580980146
test,nonorthogonal_mixing,train_fit,random_plane_3,baseline_plane,condition_span_min_radians,1.0163791902458397
test,nonorthogonal_mixing,train_fit,random_plane_3,baseline_plane,condition_span_max_radians,4.5988462897067741
test,nonorthogonal_mixing,train_fit,random_plane_3,baseline_plane,signed_direction_consistency,1
test,nonorthogonal_mixing,train_fit,random_plane_3,baseline_plane,condition_signed_angular_rate_mean,-0.43251550053748017
test,nonorthogonal_mixing,train_fit,random_plane_3,baseline_plane,condition_signed_angular_rate_sd,0.72208223462306587
test,nonorthogonal_mixing,train_fit,random_plane_3,condition_0,condition_span_radians,2.8779953229163193
test,nonorthogonal_mixing,train_fit,random_plane_3,condition_1,condition_span_radians,4.5988462897067741
test,nonorthogonal_mixing,train_fit,random_plane_3,condition_2,condition_span_radians,3.0132828050850851
test,nonorthogonal_mixing,train_fit,random_plane_3,condition_3,condition_span_radians,2.7825910158883516
test,nonorthogonal_mixing,train_fit,random_plane_3,condition_4,condition_span_radians,1.0163791902458397
test,nonorthogonal_mixing,train_fit,random_plane_3,condition_5,condition_span_radians,2.2864088041148047
test,nonorthogonal_mixing,train_fit,random_plane_3,condition_6,condition_span_radians,2.7180319003076772
test,nonorthogonal_mixing,train_fit,random_plane_3,condition_7,condition_span_radians,2.4073546939703649
test,nonorthogonal_mixing,train_fit,random_plane_4,baseline_plane,plane_occupancy,0.17194890238089947
test,nonorthogonal_mixing,train_fit,random_plane_4,baseline_plane,tangential_energy,4.2375266922345549
test,nonorthogonal_mixing,train_fit,random_plane_4,baseline_plane,radial_energy,4.1864781880424324
test,nonorthogonal_mixing,train_fit,random_plane_4,baseline_plane,tangential_radial_energy_ratio,1.0121936630024562
test,nonorthogonal_mixing,train_fit,random_plane_4,baseline_plane,perpendicular_fraction_within_15deg,0.15833333333333333
test,nonorthogonal_mixing,train_fit,random_plane_4,baseline_plane,condition_span_mean_radians,2.0798439461215592
test,nonorthogonal_mixing,train_fit,random_plane_4,baseline_plane,condition_span_median_radians,2.1752415011538906
test,nonorthogonal_mixing,train_fit,random_plane_4,baseline_plane,condition_span_min_radians,0.89299345811380015
test,nonorthogonal_mixing,train_fit,random_plane_4,baseline_plane,condition_span_max_radians,3.0583594325720407
test,nonorthogonal_mixing,train_fit,random_plane_4,baseline_plane,signed_direction_consistency,1
test,nonorthogonal_mixing,train_fit,random_plane_4,baseline_plane,condition_signed_angular_rate_mean,0.40489446190625622
test,nonorthogonal_mixing,train_fit,random_plane_4,baseline_plane,condition_signed_angular_rate_sd,0.53914942530883803
test,nonorthogonal_mixing,train_fit,random_plane_4,condition_0,condition_span_radians,1.4212568604068747
test,nonorthogonal_mixing,train_fit,random_plane_4,condition_1,condition_span_radians,2.1513964635070564
test,nonorthogonal_mixing,train_fit,random_plane_4,condition_2,condition_span_radians,2.8686533571422439
test,nonorthogonal_mixing,train_fit,random_plane_4,condition_3,condition_span_radians,3.0583594325720407
test,nonorthogonal_mixing,train_fit,random_plane_4,condition_4,condition_span_radians,1.0032123959811035
test,nonorthogonal_mixing,train_fit,random_plane_4,condition_5,condition_span_radians,0.89299345811380015
test,nonorthogonal_mixing,train_fit,random_plane_4,condition_6,condition_span_radians,2.1990865388007252
test,nonorthogonal_mixing,train_fit,random_plane_4,condition_7,condition_span_radians,3.0437930624486271
train,covariance_condition_shuffle,train_fit,unrestricted,heldout_derivative,derivative_mse,2.4035532121258063
train,covariance_condition_shuffle,train_fit,unrestricted,heldout_derivative,derivative_r2,0.14225734419981628
train,covariance_condition_shuffle,train_fit,skew_constrained,heldout_derivative,derivative_mse,2.4862476724170315
train,covariance_condition_shuffle,train_fit,skew_constrained,heldout_derivative,derivative_r2,0.11274663246174566
train,covariance_condition_shuffle,train_fit,symmetric_constrained,heldout_derivative,derivative_mse,2.7558869246746664
train,covariance_condition_shuffle,train_fit,symmetric_constrained,heldout_derivative,derivative_r2,0.016521973414199698
validation,covariance_condition_shuffle,train_fit,unrestricted,heldout_derivative,derivative_mse,5.1848258266495124
validation,covariance_condition_shuffle,train_fit,unrestricted,heldout_derivative,derivative_r2,-0.018951994685800111
validation,covariance_condition_shuffle,train_fit,skew_constrained,heldout_derivative,derivative_mse,5.0910373262614899
validation,covariance_condition_shuffle,train_fit,skew_constrained,heldout_derivative,derivative_r2,-0.00052013549821361416
validation,covariance_condition_shuffle,train_fit,symmetric_constrained,heldout_derivative,derivative_mse,5.0723918289223162
validation,covariance_condition_shuffle,train_fit,symmetric_constrained,heldout_derivative,derivative_r2,0.003144185607426464
test,covariance_condition_shuffle,train_fit,unrestricted,heldout_derivative,derivative_mse,4.3028531552901832
test,covariance_condition_shuffle,train_fit,unrestricted,heldout_derivative,derivative_r2,-0.12462869086534489
test,covariance_condition_shuffle,train_fit,skew_constrained,heldout_derivative,derivative_mse,4.1017605254856795
test,covariance_condition_shuffle,train_fit,skew_constrained,heldout_derivative,derivative_r2,-0.072069485882562567
test,covariance_condition_shuffle,train_fit,symmetric_constrained,heldout_derivative,derivative_mse,3.8852719821850314
test,covariance_condition_shuffle,train_fit,symmetric_constrained,heldout_derivative,derivative_r2,-0.015486279751017573
test,covariance_condition_shuffle,train_fit,skew_plane_1,projected_trajectory,plane_occupancy,0.34154746279100578
test,covariance_condition_shuffle,train_fit,skew_plane_1,projected_trajectory,tangential_energy,3.7639736178365575
test,covariance_condition_shuffle,train_fit,skew_plane_1,projected_trajectory,radial_energy,3.9982322795823628
test,covariance_condition_shuffle,train_fit,skew_plane_1,projected_trajectory,tangential_radial_energy_ratio,0.94140944163197171
test,covariance_condition_shuffle,train_fit,skew_plane_1,projected_trajectory,perpendicular_fraction_within_15deg,0.14374999999999999
test,covariance_condition_shuffle,train_fit,skew_plane_1,projected_trajectory,condition_span_mean_radians,2.8820998700938079
test,covariance_condition_shuffle,train_fit,skew_plane_1,projected_trajectory,condition_span_median_radians,3.1494219551913778
test,covariance_condition_shuffle,train_fit,skew_plane_1,projected_trajectory,condition_span_min_radians,0.87331396138522788
test,covariance_condition_shuffle,train_fit,skew_plane_1,projected_trajectory,condition_span_max_radians,5.3891417857456902
test,covariance_condition_shuffle,train_fit,skew_plane_1,projected_trajectory,signed_direction_consistency,0.625
test,covariance_condition_shuffle,train_fit,skew_plane_1,projected_trajectory,condition_signed_angular_rate_mean,-0.31275645939837304
test,covariance_condition_shuffle,train_fit,skew_plane_1,projected_trajectory,condition_signed_angular_rate_sd,0.58823501462383565
test,covariance_condition_shuffle,train_fit,skew_plane_1,condition_0,condition_span_radians,1.0138181199844674
test,covariance_condition_shuffle,train_fit,skew_plane_1,condition_1,condition_span_radians,2.9153595641055285
test,covariance_condition_shuffle,train_fit,skew_plane_1,condition_2,condition_span_radians,2.2233619964696114
test,covariance_condition_shuffle,train_fit,skew_plane_1,condition_3,condition_span_radians,3.3834843462772275
test,covariance_condition_shuffle,train_fit,skew_plane_1,condition_4,condition_span_radians,3.7724465481588467
test,covariance_condition_shuffle,train_fit,skew_plane_1,condition_5,condition_span_radians,5.3891417857456902
test,covariance_condition_shuffle,train_fit,skew_plane_1,condition_6,condition_span_radians,0.87331396138522788
test,covariance_condition_shuffle,train_fit,skew_plane_1,condition_7,condition_span_radians,3.4858726386238645
test,covariance_condition_shuffle,train_fit,skew_plane_1,skew_generator,signed_rate,1.0551518821371886
test,covariance_condition_shuffle,train_fit,skew_plane_1,skew_generator,absolute_rate,1.0551518821371886
test,covariance_condition_shuffle,train_fit,skew_plane_2,projected_trajectory,plane_occupancy,0.42279946964115739
test,covariance_condition_shuffle,train_fit,skew_plane_2,projected_trajectory,tangential_energy,4.3115754004845011
test,covariance_condition_shuffle,train_fit,skew_plane_2,projected_trajectory,radial_energy,3.3978170362744931
test,covariance_condition_shuffle,train_fit,skew_plane_2,projected_trajectory,tangential_radial_energy_ratio,1.2689251229406662
test,covariance_condition_shuffle,train_fit,skew_plane_2,projected_trajectory,perpendicular_fraction_within_15deg,0.16250000000000001
test,covariance_condition_shuffle,train_fit,skew_plane_2,projected_trajectory,condition_span_mean_radians,2.9147788967829675
test,covariance_condition_shuffle,train_fit,skew_plane_2,projected_trajectory,condition_span_median_radians,2.7838602247655153
test,covariance_condition_shuffle,train_fit,skew_plane_2,projected_trajectory,condition_span_min_radians,1.293582652226811
test,covariance_condition_shuffle,train_fit,skew_plane_2,projected_trajectory,condition_span_max_radians,4.6578133620945374
test,covariance_condition_shuffle,train_fit,skew_plane_2,projected_trajectory,signed_direction_consistency,0.5
test,covariance_condition_shuffle,train_fit,skew_plane_2,projected_trajectory,condition_signed_angular_rate_mean,0.36042465809284807
test,covariance_condition_shuffle,train_fit,skew_plane_2,projected_trajectory,condition_signed_angular_rate_sd,1.1836579982846778
test,covariance_condition_shuffle,train_fit,skew_plane_2,condition_0,condition_span_radians,3.0173201052035181
test,covariance_condition_shuffle,train_fit,skew_plane_2,condition_1,condition_span_radians,4.315705586970398
test,covariance_condition_shuffle,train_fit,skew_plane_2,condition_2,condition_span_radians,2.6112186219464872
test,covariance_condition_shuffle,train_fit,skew_plane_2,condition_3,condition_span_radians,4.6578133620945374
test,covariance_condition_shuffle,train_fit,skew_plane_2,condition_4,condition_span_radians,1.293582652226811
test,covariance_condition_shuffle,train_fit,skew_plane_2,condition_5,condition_span_radians,2.3706375978116778
test,covariance_condition_shuffle,train_fit,skew_plane_2,condition_6,condition_span_radians,2.0954514204257668
test,covariance_condition_shuffle,train_fit,skew_plane_2,condition_7,condition_span_radians,2.9565018275845429
test,covariance_condition_shuffle,train_fit,skew_plane_2,skew_generator,signed_rate,0.63325874612065602
test,covariance_condition_shuffle,train_fit,skew_plane_2,skew_generator,absolute_rate,0.63325874612065602
test,covariance_condition_shuffle,train_fit,skew_plane_1,true_positive_pca_plane_1,plane_max_angle_degrees,43.088639943973007
test,covariance_condition_shuffle,train_fit,skew_plane_1,true_positive_pca_plane_1,plane_rms_sine_error,0.62592322437679959
test,covariance_condition_shuffle,train_fit,skew_plane_1,true_positive_pca_plane_1,plane_projector_frobenius_error,1.2518464487535992
test,covariance_condition_shuffle,train_fit,skew_plane_1,true_positive_pca_plane_1,signed_rate_error,-0.94484811786281142
test,covariance_condition_shuffle,train_fit,skew_plane_1,true_positive_pca_plane_1,absolute_rate_error,0.94484811786281142
test,covariance_condition_shuffle,train_fit,skew_plane_1,true_positive_pca_plane_1,relative_rate_error,0.47242405893140571
test,covariance_condition_shuffle,train_fit,skew_plane_2,true_positive_pca_plane_2,plane_max_angle_degrees,79.787363158298902
test,covariance_condition_shuffle,train_fit,skew_plane_2,true_positive_pca_plane_2,plane_rms_sine_error,0.81520303511332215
test,covariance_condition_shuffle,train_fit,skew_plane_2,true_positive_pca_plane_2,plane_projector_frobenius_error,1.6304060702266443
test,covariance_condition_shuffle,train_fit,skew_plane_2,true_positive_pca_plane_2,signed_rate_error,-0.066741253879343931
test,covariance_condition_shuffle,train_fit,skew_plane_2,true_positive_pca_plane_2,absolute_rate_error,0.066741253879343931
test,covariance_condition_shuffle,train_fit,skew_plane_2,true_positive_pca_plane_2,relative_rate_error,0.095344648399062759
test,covariance_condition_shuffle,train_fit,fixed_plane,baseline_plane,plane_occupancy,0.48063829521297391
test,covariance_condition_shuffle,train_fit,fixed_plane,baseline_plane,tangential_energy,4.3054276548142765
test,covariance_condition_shuffle,train_fit,fixed_plane,baseline_plane,radial_energy,3.9504239651045499
test,covariance_condition_shuffle,train_fit,fixed_plane,baseline_plane,tangential_radial_energy_ratio,1.0898647063823013
test,covariance_condition_shuffle,train_fit,fixed_plane,baseline_plane,perpendicular_fraction_within_15deg,0.17916666666666667
test,covariance_condition_shuffle,train_fit,fixed_plane,baseline_plane,condition_span_mean_radians,2.7440931854825941
test,covariance_condition_shuffle,train_fit,fixed_plane,baseline_plane,condition_span_median_radians,2.7920706165618752
test,covariance_condition_shuffle,train_fit,fixed_plane,baseline_plane,condition_span_min_radians,1.4006403061241008
test,covariance_condition_shuffle,train_fit,fixed_plane,baseline_plane,condition_span_max_radians,3.8099261117207774
test,covariance_condition_shuffle,train_fit,fixed_plane,baseline_plane,signed_direction_consistency,0.75
test,covariance_condition_shuffle,train_fit,fixed_plane,baseline_plane,condition_signed_angular_rate_mean,0.45748083594689865
test,covariance_condition_shuffle,train_fit,fixed_plane,baseline_plane,condition_signed_angular_rate_sd,1.0619541420676819
test,covariance_condition_shuffle,train_fit,fixed_plane,condition_0,condition_span_radians,3.8099261117207774
test,covariance_condition_shuffle,train_fit,fixed_plane,condition_1,condition_span_radians,2.6067599165941306
test,covariance_condition_shuffle,train_fit,fixed_plane,condition_2,condition_span_radians,1.4807658411316145
test,covariance_condition_shuffle,train_fit,fixed_plane,condition_3,condition_span_radians,3.5358010505035815
test,covariance_condition_shuffle,train_fit,fixed_plane,condition_4,condition_span_radians,1.4006403061241008
test,covariance_condition_shuffle,train_fit,fixed_plane,condition_5,condition_span_radians,3.5347110246627995
test,covariance_condition_shuffle,train_fit,fixed_plane,condition_6,condition_span_radians,2.8672551927689103
test,covariance_condition_shuffle,train_fit,fixed_plane,condition_7,condition_span_radians,2.7168860403548405
test,covariance_condition_shuffle,train_fit,random_plane_0,baseline_plane,plane_occupancy,0.2442588688123333
test,covariance_condition_shuffle,train_fit,random_plane_0,baseline_plane,tangential_energy,3.5642376140711152
test,covariance_condition_shuffle,train_fit,random_plane_0,baseline_plane,radial_energy,3.9001576898092103
test,covariance_condition_shuffle,train_fit,random_plane_0,baseline_plane,tangential_radial_energy_ratio,0.91387012976018211
test,covariance_condition_shuffle,train_fit,random_plane_0,baseline_plane,perpendicular_fraction_within_15deg,0.14999999999999999
test,covariance_condition_shuffle,train_fit,random_plane_0,baseline_plane,condition_span_mean_radians,2.6037429881396168
test,covariance_condition_shuffle,train_fit,random_plane_0,baseline_plane,condition_span_median_radians,2.4953705307568805
test,covariance_condition_shuffle,train_fit,random_plane_0,baseline_plane,condition_span_min_radians,1.4051115060538031
test,covariance_condition_shuffle,train_fit,random_plane_0,baseline_plane,condition_span_max_radians,4.1350947714552113
test,covariance_condition_shuffle,train_fit,random_plane_0,baseline_plane,signed_direction_consistency,0.5
test,covariance_condition_shuffle,train_fit,random_plane_0,baseline_plane,condition_signed_angular_rate_mean,0.18746538286004433
test,covariance_condition_shuffle,train_fit,random_plane_0,baseline_plane,condition_signed_angular_rate_sd,0.87810582532765191
test,covariance_condition_shuffle,train_fit,random_plane_0,condition_0,condition_span_radians,2.6355390665600127
test,covariance_condition_shuffle,train_fit,random_plane_0,condition_1,condition_span_radians,1.8326360469827732
test,covariance_condition_shuffle,train_fit,random_plane_0,condition_2,condition_span_radians,2.2397583424944751
test,covariance_condition_shuffle,train_fit,random_plane_0,condition_3,condition_span_radians,1.4051115060538031
test,covariance_condition_shuffle,train_fit,random_plane_0,condition_4,condition_span_radians,4.1350947714552113
test,covariance_condition_shuffle,train_fit,random_plane_0,condition_5,condition_span_radians,3.051960992623501
test,covariance_condition_shuffle,train_fit,random_plane_0,condition_6,condition_span_radians,2.3552019949537479
test,covariance_condition_shuffle,train_fit,random_plane_0,condition_7,condition_span_radians,3.174641183993407
test,covariance_condition_shuffle,train_fit,random_plane_1,baseline_plane,plane_occupancy,0.36744845290511008
test,covariance_condition_shuffle,train_fit,random_plane_1,baseline_plane,tangential_energy,5.0617723792345677
test,covariance_condition_shuffle,train_fit,random_plane_1,baseline_plane,radial_energy,4.0847945743252119
test,covariance_condition_shuffle,train_fit,random_plane_1,baseline_plane,tangential_radial_energy_ratio,1.2391742808928765
test,covariance_condition_shuffle,train_fit,random_plane_1,baseline_plane,perpendicular_fraction_within_15deg,0.17708333333333334
test,covariance_condition_shuffle,train_fit,random_plane_1,baseline_plane,condition_span_mean_radians,3.4671226143612852
test,covariance_condition_shuffle,train_fit,random_plane_1,baseline_plane,condition_span_median_radians,3.0556326690856332
test,covariance_condition_shuffle,train_fit,random_plane_1,baseline_plane,condition_span_min_radians,1.7501925835283778
test,covariance_condition_shuffle,train_fit,random_plane_1,baseline_plane,condition_span_max_radians,5.6642833253290812
test,covariance_condition_shuffle,train_fit,random_plane_1,baseline_plane,signed_direction_consistency,0.75
test,covariance_condition_shuffle,train_fit,random_plane_1,baseline_plane,condition_signed_angular_rate_mean,1.1340120567138361
test,covariance_condition_shuffle,train_fit,random_plane_1,baseline_plane,condition_signed_angular_rate_sd,0.99988248858745632
test,covariance_condition_shuffle,train_fit,random_plane_1,condition_0,condition_span_radians,2.8797901849440821
test,covariance_condition_shuffle,train_fit,random_plane_1,condition_1,condition_span_radians,1.898175464953952
test,covariance_condition_shuffle,train_fit,random_plane_1,condition_2,condition_span_radians,3.2314751532271839
test,covariance_condition_shuffle,train_fit,random_plane_1,condition_3,condition_span_radians,5.6642833253290812
test,covariance_condition_shuffle,train_fit,random_plane_1,condition_4,condition_span_radians,1.7501925835283778
test,covariance_condition_shuffle,train_fit,random_plane_1,condition_5,condition_span_radians,5.3317124334637365
test,covariance_condition_shuffle,train_fit,random_plane_1,condition_6,condition_span_radians,4.195920260048541
test,covariance_condition_shuffle,train_fit,random_plane_1,condition_7,condition_span_radians,2.7854315093953286
test,covariance_condition_shuffle,train_fit,random_plane_2,baseline_plane,plane_occupancy,0.28568567998935956
test,covariance_condition_shuffle,train_fit,random_plane_2,baseline_plane,tangential_energy,4.0432140122790434
test,covariance_condition_shuffle,train_fit,random_plane_2,baseline_plane,radial_energy,4.1268908403914493
test,covariance_condition_shuffle,train_fit,random_plane_2,baseline_plane,tangential_radial_energy_ratio,0.97972400256061321
test,covariance_condition_shuffle,train_fit,random_plane_2,baseline_plane,perpendicular_fraction_within_15deg,0.14583333333333334
test,covariance_condition_shuffle,train_fit,random_plane_2,baseline_plane,condition_span_mean_radians,3.8824089197011191
test,covariance_condition_shuffle,train_fit,random_plane_2,baseline_plane,condition_span_median_radians,3.8224866360127656
test,covariance_condition_shuffle,train_fit,random_plane_2,baseline_plane,condition_span_min_radians,1.8331362649517726
test,covariance_condition_shuffle,train_fit,random_plane_2,baseline_plane,condition_span_max_radians,6.1291025284233154
test,covariance_condition_shuffle,train_fit,random_plane_2,baseline_plane,signed_direction_consistency,0.5
test,covariance_condition_shuffle,train_fit,random_plane_2,baseline_plane,condition_signed_angular_rate_mean,-0.075279535301025713
test,covariance_condition_shuffle,train_fit,random_plane_2,baseline_plane,condition_signed_angular_rate_sd,1.9920893867925016
test,covariance_condition_shuffle,train_fit,random_plane_2,condition_0,condition_span_radians,4.1140002463702459
test,covariance_condition_shuffle,train_fit,random_plane_2,condition_1,condition_span_radians,5.7090013979560439
test,covariance_condition_shuffle,train_fit,random_plane_2,condition_2,condition_span_radians,3.5309730256552858
test,covariance_condition_shuffle,train_fit,random_plane_2,condition_3,condition_span_radians,1.8850480806114149
test,covariance_condition_shuffle,train_fit,random_plane_2,condition_4,condition_span_radians,6.1291025284233154
test,covariance_condition_shuffle,train_fit,random_plane_2,condition_5,condition_span_radians,5.9183197635835043
test,covariance_condition_shuffle,train_fit,random_plane_2,condition_6,condition_span_radians,1.9396900500573691
test,covariance_condition_shuffle,train_fit,random_plane_2,condition_7,condition_span_radians,1.8331362649517726
test,covariance_condition_shuffle,train_fit,random_plane_3,baseline_plane,plane_occupancy,0.24567257064943465
test,covariance_condition_shuffle,train_fit,random_plane_3,baseline_plane,tangential_energy,4.0165828400777865
test,covariance_condition_shuffle,train_fit,random_plane_3,baseline_plane,radial_energy,3.6319583292133664
test,covariance_condition_shuffle,train_fit,random_plane_3,baseline_plane,tangential_radial_energy_ratio,1.1059000340864937
test,covariance_condition_shuffle,train_fit,random_plane_3,baseline_plane,perpendicular_fraction_within_15deg,0.19375000000000001
test,covariance_condition_shuffle,train_fit,random_plane_3,baseline_plane,condition_span_mean_radians,3.332121827596862
test,covariance_condition_shuffle,train_fit,random_plane_3,baseline_plane,condition_span_median_radians,3.587750530963087
test,covariance_condition_shuffle,train_fit,random_plane_3,baseline_plane,condition_span_min_radians,2.2397977704606697
test,covariance_condition_shuffle,train_fit,random_plane_3,baseline_plane,condition_span_max_radians,4.416309185868645
test,covariance_condition_shuffle,train_fit,random_plane_3,baseline_plane,signed_direction_consistency,0.75
test,covariance_condition_shuffle,train_fit,random_plane_3,baseline_plane,condition_signed_angular_rate_mean,0.51173992614831754
test,covariance_condition_shuffle,train_fit,random_plane_3,baseline_plane,condition_signed_angular_rate_sd,1.024255227351482
test,covariance_condition_shuffle,train_fit,random_plane_3,condition_0,condition_span_radians,3.5954574728386728
test,covariance_condition_shuffle,train_fit,random_plane_3,condition_1,condition_span_radians,2.6494316038847066
test,covariance_condition_shuffle,train_fit,random_plane_3,condition_2,condition_span_radians,2.2397977704606697
test,covariance_condition_shuffle,train_fit,random_plane_3,condition_3,condition_span_radians,2.7025150996748484
test,covariance_condition_shuffle,train_fit,random_plane_3,condition_4,condition_span_radians,3.8576462211442655
test,covariance_condition_shuffle,train_fit,random_plane_3,condition_5,condition_span_radians,4.416309185868645
test,covariance_condition_shuffle,train_fit,random_plane_3,condition_6,condition_span_radians,3.5800435890875013
test,covariance_condition_shuffle,train_fit,random_plane_3,condition_7,condition_span_radians,3.6157736778155876
test,covariance_condition_shuffle,train_fit,random_plane_4,baseline_plane,plane_occupancy,0.23393171263802409
test,covariance_condition_shuffle,train_fit,random_plane_4,baseline_plane,tangential_energy,3.4933318692703987
test,covariance_condition_shuffle,train_fit,random_plane_4,baseline_plane,radial_energy,3.645636372254673
test,covariance_condition_shuffle,train_fit,random_plane_4,baseline_plane,tangential_radial_energy_ratio,0.95822279365451901
test,covariance_condition_shuffle,train_fit,random_plane_4,baseline_plane,perpendicular_fraction_within_15deg,0.15625
test,covariance_condition_shuffle,train_fit,random_plane_4,baseline_plane,condition_span_mean_radians,2.8622856787609159
test,covariance_condition_shuffle,train_fit,random_plane_4,baseline_plane,condition_span_median_radians,2.9180692173884895
test,covariance_condition_shuffle,train_fit,random_plane_4,baseline_plane,condition_span_min_radians,1.9274732272981518
test,covariance_condition_shuffle,train_fit,random_plane_4,baseline_plane,condition_span_max_radians,3.7030491831428689
test,covariance_condition_shuffle,train_fit,random_plane_4,baseline_plane,signed_direction_consistency,0.5
test,covariance_condition_shuffle,train_fit,random_plane_4,baseline_plane,condition_signed_angular_rate_mean,0.26435409142218486
test,covariance_condition_shuffle,train_fit,random_plane_4,baseline_plane,condition_signed_angular_rate_sd,0.80026181678258146
test,covariance_condition_shuffle,train_fit,random_plane_4,condition_0,condition_span_radians,3.2582324258682869
test,covariance_condition_shuffle,train_fit,random_plane_4,condition_1,condition_span_radians,2.0538711740922517
test,covariance_condition_shuffle,train_fit,random_plane_4,condition_2,condition_span_radians,3.7030491831428689
test,covariance_condition_shuffle,train_fit,random_plane_4,condition_3,condition_span_radians,1.9274732272981518
test,covariance_condition_shuffle,train_fit,random_plane_4,condition_4,condition_span_radians,2.9365862718525055
test,covariance_condition_shuffle,train_fit,random_plane_4,condition_5,condition_span_radians,2.5222424195346242
test,covariance_condition_shuffle,train_fit,random_plane_4,condition_6,condition_span_radians,2.8995521629244738
test,covariance_condition_shuffle,train_fit,random_plane_4,condition_7,condition_span_radians,3.5972785653741663
validation,covariance_condition_shuffle,independent_fit,skew_plane_1,train_validation_observed_space_stability,plane_angle_degrees,68.352237731653958
validation,covariance_condition_shuffle,independent_fit,skew_plane_1,train_validation_observed_space_stability,signed_rate_difference,0.01677238773045775
validation,covariance_condition_shuffle,independent_fit,skew_plane_2,train_validation_observed_space_stability,plane_angle_degrees,72.045222698990386
validation,covariance_condition_shuffle,independent_fit,skew_plane_2,train_validation_observed_space_stability,signed_rate_difference,-0.013471061613356539
test,covariance_condition_shuffle,independent_fit,skew_plane_1,train_test_observed_space_stability,plane_angle_degrees,84.153093743837474
test,covariance_condition_shuffle,independent_fit,skew_plane_1,train_test_observed_space_stability,signed_rate_difference,-0.52937442039335525
test,covariance_condition_shuffle,independent_fit,skew_plane_2,train_test_observed_space_stability,plane_angle_degrees,79.95303989354295
test,covariance_condition_shuffle,independent_fit,skew_plane_2,train_test_observed_space_stability,signed_rate_difference,0.42210893864795285
train,covariance_condition_shuffle,leave_one_condition_out,skew_plane_1,held_out_condition_0,plane_angle_degrees,14.32863496254784
train,covariance_condition_shuffle,leave_one_condition_out,skew_plane_1,held_out_condition_0,absolute_rate_change,0.058546152711915322
train,covariance_condition_shuffle,leave_one_condition_out,skew_plane_2,held_out_condition_0,plane_angle_degrees,29.285377092921458
train,covariance_condition_shuffle,leave_one_condition_out,skew_plane_2,held_out_condition_0,absolute_rate_change,0.095255317463154854
train,covariance_condition_shuffle,leave_one_condition_out,skew_plane_1,held_out_condition_1,plane_angle_degrees,27.897073033467976
train,covariance_condition_shuffle,leave_one_condition_out,skew_plane_1,held_out_condition_1,absolute_rate_change,0.03481404567956492
train,covariance_condition_shuffle,leave_one_condition_out,skew_plane_2,held_out_condition_1,plane_angle_degrees,20.543354524720453
train,covariance_condition_shuffle,leave_one_condition_out,skew_plane_2,held_out_condition_1,absolute_rate_change,0.048970948342607623
train,covariance_condition_shuffle,leave_one_condition_out,skew_plane_1,held_out_condition_2,plane_angle_degrees,16.972268024393141
train,covariance_condition_shuffle,leave_one_condition_out,skew_plane_1,held_out_condition_2,absolute_rate_change,0.0972412573303858
train,covariance_condition_shuffle,leave_one_condition_out,skew_plane_2,held_out_condition_2,plane_angle_degrees,62.977423735934771
train,covariance_condition_shuffle,leave_one_condition_out,skew_plane_2,held_out_condition_2,absolute_rate_change,0.02722055522871647
train,covariance_condition_shuffle,leave_one_condition_out,skew_plane_1,held_out_condition_3,plane_angle_degrees,37.600845748916868
train,covariance_condition_shuffle,leave_one_condition_out,skew_plane_1,held_out_condition_3,absolute_rate_change,0.057872644072284429
train,covariance_condition_shuffle,leave_one_condition_out,skew_plane_2,held_out_condition_3,plane_angle_degrees,51.862568092351459
train,covariance_condition_shuffle,leave_one_condition_out,skew_plane_2,held_out_condition_3,absolute_rate_change,0.093549052490984996
train,covariance_condition_shuffle,leave_one_condition_out,skew_plane_1,held_out_condition_4,plane_angle_degrees,60.505865968009537
train,covariance_condition_shuffle,leave_one_condition_out,skew_plane_1,held_out_condition_4,absolute_rate_change,0.25225682537057437
train,covariance_condition_shuffle,leave_one_condition_out,skew_plane_2,held_out_condition_4,plane_angle_degrees,60.83832865317077
train,covariance_condition_shuffle,leave_one_condition_out,skew_plane_2,held_out_condition_4,absolute_rate_change,0.02020268476599707
train,covariance_condition_shuffle,leave_one_condition_out,skew_plane_1,held_out_condition_5,plane_angle_degrees,21.108256842471622
train,covariance_condition_shuffle,leave_one_condition_out,skew_plane_1,held_out_condition_5,absolute_rate_change,0.011649855114637342
train,covariance_condition_shuffle,leave_one_condition_out,skew_plane_2,held_out_condition_5,plane_angle_degrees,22.225139080224672
train,covariance_condition_shuffle,leave_one_condition_out,skew_plane_2,held_out_condition_5,absolute_rate_change,0.045767364394474042
train,covariance_condition_shuffle,leave_one_condition_out,skew_plane_1,held_out_condition_6,plane_angle_degrees,33.17501294742506
train,covariance_condition_shuffle,leave_one_condition_out,skew_plane_1,held_out_condition_6,absolute_rate_change,0.063044106325439886
train,covariance_condition_shuffle,leave_one_condition_out,skew_plane_2,held_out_condition_6,plane_angle_degrees,54.020607302155611
train,covariance_condition_shuffle,leave_one_condition_out,skew_plane_2,held_out_condition_6,absolute_rate_change,0.10615895752806348
train,covariance_condition_shuffle,leave_one_condition_out,skew_plane_1,held_out_condition_7,plane_angle_degrees,24.474349582483079
train,covariance_condition_shuffle,leave_one_condition_out,skew_plane_1,held_out_condition_7,absolute_rate_change,0.11940306479530149
train,covariance_condition_shuffle,leave_one_condition_out,skew_plane_2,held_out_condition_7,plane_angle_degrees,74.972671364592443
train,covariance_condition_shuffle,leave_one_condition_out,skew_plane_2,held_out_condition_7,absolute_rate_change,0.069729830509595803
test,covariance_condition_shuffle,frozen_training_plane_single_trial,skew_plane_1,test_trials,tangential_energy,20.64795082226485
test,covariance_condition_shuffle,frozen_training_plane_single_trial,skew_plane_1,test_trials,radial_energy,18.144492351889905
test,covariance_condition_shuffle,frozen_training_plane_single_trial,skew_plane_1,test_trials,tangential_radial_energy_ratio,1.186497523733794
test,covariance_condition_shuffle,frozen_training_plane_single_trial,skew_plane_1,test_trials,perpendicular_fraction_within_15deg,0.18363095238095237
test,covariance_condition_shuffle,frozen_training_plane_single_trial,skew_plane_2,test_trials,tangential_energy,19.701859641435654
test,covariance_condition_shuffle,frozen_training_plane_single_trial,skew_plane_2,test_trials,radial_energy,17.526439414318258
test,covariance_condition_shuffle,frozen_training_plane_single_trial,skew_plane_2,test_trials,tangential_radial_energy_ratio,1.1628679344114516
test,covariance_condition_shuffle,frozen_training_plane_single_trial,skew_plane_2,test_trials,perpendicular_fraction_within_15deg,0.17232142857142857
