dt,sigma,replicate,model,output,feature,coefficient,true_coefficient
0.025,0,0,cubic,dx,1,0.000107609453823,0
0.025,0,0,cubic,dx,x,0.99455570848,1
0.025,0,0,cubic,dx,y,-1.99656219775,-2
0.025,0,0,cubic,dx,x2,-0.00017346334826,0
0.025,0,0,cubic,dx,xy,0.000229611667716,0
0.025,0,0,cubic,dx,y2,-0.000215633970635,0
0.025,0,0,cubic,dx,x3,-0.994919460093,-1
0.025,0,0,cubic,dx,x2y,-0.00335375875723,0
0.025,0,0,cubic,dx,xy2,-0.995130920332,-1
0.025,0,0,cubic,dx,y3,-0.00332376291192,0
0.025,0,0,cubic,dy,1,0.000858879364336,0
0.025,0,0,cubic,dy,x,1.99522674192,2
0.025,0,0,cubic,dy,y,0.994952263315,1
0.025,0,0,cubic,dy,x2,-0.00080560803756,0
0.025,0,0,cubic,dy,xy,0.000346090561328,0
0.025,0,0,cubic,dy,y2,-0.00079431084203,0
0.025,0,0,cubic,dy,x3,0.00478372762161,0
0.025,0,0,cubic,dy,x2y,-0.995516960765,-1
0.025,0,0,cubic,dy,xy2,0.0045832669749,0
0.025,0,0,cubic,dy,y3,-0.995323627098,-1
0.025,0,0,affine,dx,1,0.00454077765704,0
0.025,0,0,affine,dx,x,0.0186670978018,1
0.025,0,0,affine,dx,y,-1.99883180879,-2
0.025,0,0,affine,dx,x2,0,0
0.025,0,0,affine,dx,xy,0,0
0.025,0,0,affine,dx,y2,0,0
0.025,0,0,affine,dx,x3,0,-1
0.025,0,0,affine,dx,x2y,0,0
0.025,0,0,affine,dx,xy2,0,-1
0.025,0,0,affine,dx,y3,0,0
0.025,0,0,affine,dy,1,0.0201178981787,0
0.025,0,0,affine,dy,x,2.00109771572,2
0.025,0,0,affine,dy,y,0.0168112750913,1
0.025,0,0,affine,dy,x2,0,0
0.025,0,0,affine,dy,xy,0,0
0.025,0,0,affine,dy,y2,0,0
0.025,0,0,affine,dy,x3,0,0
0.025,0,0,affine,dy,x2y,0,-1
0.025,0,0,affine,dy,xy2,0,0
0.025,0,0,affine,dy,y3,0,-1
0.025,0,0,permuted,dx,1,-0.118864139434,0
0.025,0,0,permuted,dx,x,0.183191132078,1
0.025,0,0,permuted,dx,y,-0.184797529158,-2
0.025,0,0,permuted,dx,x2,0.0464186909194,0
0.025,0,0,permuted,dx,xy,-0.0680889403427,0
0.025,0,0,permuted,dx,y2,0.0106325743868,0
0.025,0,0,permuted,dx,x3,-0.102193503732,-1
0.025,0,0,permuted,dx,x2y,0.233428278931,0
0.025,0,0,permuted,dx,xy2,-0.442196005154,-1
0.025,0,0,permuted,dx,y3,0.252036071418,0
0.025,0,0,permuted,dy,1,0.117470271207,0
0.025,0,0,permuted,dy,x,0.114084791527,2
0.025,0,0,permuted,dy,y,0.00484135679009,1
0.025,0,0,permuted,dy,x2,-0.0744226217703,0
0.025,0,0,permuted,dy,xy,-0.063680084153,0
0.025,0,0,permuted,dy,y2,-0.107371173467,0
0.025,0,0,permuted,dy,x3,-0.087411186018,0
0.025,0,0,permuted,dy,x2y,-0.20025086055,-1
0.025,0,0,permuted,dy,xy2,-0.319535800818,0
0.025,0,0,permuted,dy,y3,-0.0140898831701,-1
0.025,0.02,0,cubic,dx,1,-0.00406300360989,0
0.025,0.02,0,cubic,dx,x,0.994449578663,1
0.025,0.02,0,cubic,dx,y,-2.00038409176,-2
0.025,0.02,0,cubic,dx,x2,0.00189280842562,0
0.025,0.02,0,cubic,dx,xy,-0.00490409341477,0
0.025,0.02,0,cubic,dx,y2,0.00624612493691,0
0.025,0.02,0,cubic,dx,x3,-0.991815104472,-1
0.025,0.02,0,cubic,dx,x2y,-0.0142414093457,0
0.025,0.02,0,cubic,dx,xy2,-1.00315010629,-1
0.025,0.02,0,cubic,dx,y3,0.00263920933435,0
0.025,0.02,0,cubic,dy,1,0.000621027277785,0
0.025,0.02,0,cubic,dy,x,1.99670675817,2
0.025,0.02,0,cubic,dy,y,0.986525285566,1
0.025,0.02,0,cubic,dy,x2,-0.00150202940412,0
0.025,0.02,0,cubic,dy,xy,0.00498266931727,0
0.025,0.02,0,cubic,dy,y2,0.000235582263623,0
0.025,0.02,0,cubic,dy,x3,0.000669383074127,0
0.025,0.02,0,cubic,dy,x2y,-0.976315173757,-1
0.025,0.02,0,cubic,dy,xy2,0.0127742448487,0
0.025,0.02,0,cubic,dy,y3,-0.985954717678,-1
0.025,0.02,0,affine,dx,1,0.00401834642775,0
0.025,0.02,0,affine,dx,x,0.0176343794935,1
0.025,0.02,0,affine,dx,y,-2.00105996352,-2
0.025,0.02,0,affine,dx,x2,0,0
0.025,0.02,0,affine,dx,xy,0,0
0.025,0.02,0,affine,dx,y2,0,0
0.025,0.02,0,affine,dx,x3,0,-1
0.025,0.02,0,affine,dx,x2y,0,0
0.025,0.02,0,affine,dx,xy2,0,-1
0.025,0.02,0,affine,dx,y3,0,0
0.025,0.02,0,affine,dy,1,0.0201032747029,0
0.025,0.02,0,affine,dy,x,2.00142038506,2
0.025,0.02,0,affine,dy,y,0.0195356668137,1
0.025,0.02,0,affine,dy,x2,0,0
0.025,0.02,0,affine,dy,xy,0,0
0.025,0.02,0,affine,dy,y2,0,0
0.025,0.02,0,affine,dy,x3,0,0
0.025,0.02,0,affine,dy,x2y,0,-1
0.025,0.02,0,affine,dy,xy2,0,0
0.025,0.02,0,affine,dy,y3,0,-1
0.025,0.02,0,permuted,dx,1,-0.155299132148,0
0.025,0.02,0,permuted,dx,x,-0.0867738486134,1
0.025,0.02,0,permuted,dx,y,-0.0658423562451,-2
0.025,0.02,0,permuted,dx,x2,0.0521632421005,0
0.025,0.02,0,permuted,dx,xy,-0.0983153638998,0
0.025,0.02,0,permuted,dx,y2,0.0912970449665,0
0.025,0.02,0,permuted,dx,x3,0.0660306056525,-1
0.025,0.02,0,permuted,dx,x2y,0.042611117822,0
0.025,0.02,0,permuted,dx,xy2,0.228950453604,-1
0.025,0.02,0,permuted,dx,y3,-3.16941840402e-05,0
0.025,0.02,0,permuted,dy,1,0.182015340781,0
0.025,0.02,0,permuted,dy,x,-0.0424825693935,2
0.025,0.02,0,permuted,dy,y,-0.0709182096486,1
0.025,0.02,0,permuted,dy,x2,-0.195486033797,0
0.025,0.02,0,permuted,dy,xy,0.0348086034369,0
0.025,0.02,0,permuted,dy,y2,-0.120230381771,0
0.025,0.02,0,permuted,dy,x3,-0.0748091912949,0
0.025,0.02,0,permuted,dy,x2y,0.213189582236,-1
0.025,0.02,0,permuted,dy,xy2,0.120274893864,0
0.025,0.02,0,permuted,dy,y3,0.0708919130048,-1
0.025,0.02,1,cubic,dx,1,-0.000510813836353,0
0.025,0.02,1,cubic,dx,x,1.0047755417,1
0.025,0.02,1,cubic,dx,y,-1.99880823534,-2
0.025,0.02,1,cubic,dx,x2,-0.000749522555046,0
0.025,0.02,1,cubic,dx,xy,-0.00162435794427,0
0.025,0.02,1,cubic,dx,y2,0.00120780086386,0
0.025,0.02,1,cubic,dx,x3,-1.00107272451,-1
0.025,0.02,1,cubic,dx,x2y,-0.0181079333438,0
0.025,0.02,1,cubic,dx,xy2,-1.01299955325,-1
0.025,0.02,1,cubic,dx,y3,0.00270293723005,0
0.025,0.02,1,cubic,dy,1,0.00592284709346,0
0.025,0.02,1,cubic,dy,x,1.98533794141,2
0.025,0.02,1,cubic,dy,y,0.989718022142,1
0.025,0.02,1,cubic,dy,x2,-0.00429109775699,0
0.025,0.02,1,cubic,dy,xy,0.00329376772227,0
0.025,0.02,1,cubic,dy,y2,-0.00803179034147,0
0.025,0.02,1,cubic,dy,x3,0.0154184430787,0
0.025,0.02,1,cubic,dy,x2y,-0.990368859887,-1
0.025,0.02,1,cubic,dy,xy2,0.0052729480944,0
0.025,0.02,1,cubic,dy,y3,-0.990427780614,-1
0.025,0.02,1,affine,dx,1,0.00431656325137,0
0.025,0.02,1,affine,dx,x,0.0191755141713,1
0.025,0.02,1,affine,dx,y,-1.99968416679,-2
0.025,0.02,1,affine,dx,x2,0,0
0.025,0.02,1,affine,dx,xy,0,0
0.025,0.02,1,affine,dx,y2,0,0
0.025,0.02,1,affine,dx,x3,0,-1
0.025,0.02,1,affine,dx,x2y,0,0
0.025,0.02,1,affine,dx,xy2,0,-1
0.025,0.02,1,affine,dx,y3,0,0
0.025,0.02,1,affine,dy,1,0.0201707847803,0
0.025,0.02,1,affine,dy,x,1.99974644316,2
0.025,0.02,1,affine,dy,y,0.0178604191864,1
0.025,0.02,1,affine,dy,x2,0,0
0.025,0.02,1,affine,dy,xy,0,0
0.025,0.02,1,affine,dy,y2,0,0
0.025,0.02,1,affine,dy,x3,0,0
0.025,0.02,1,affine,dy,x2y,0,-1
0.025,0.02,1,affine,dy,xy2,0,0
0.025,0.02,1,affine,dy,y3,0,-1
0.025,0.02,1,permuted,dx,1,-0.152371365533,0
0.025,0.02,1,permuted,dx,x,-0.132479180008,1
0.025,0.02,1,permuted,dx,y,0.141728326041,-2
0.025,0.02,1,permuted,dx,x2,0.08121580812,0
0.025,0.02,1,permuted,dx,xy,0.0640176141204,0
0.025,0.02,1,permuted,dx,y2,0.0422022983197,0
0.025,0.02,1,permuted,dx,x3,0.145226651231,-1
0.025,0.02,1,permuted,dx,x2y,-0.12090299778,0
0.025,0.02,1,permuted,dx,xy2,0.237539286097,-1
0.025,0.02,1,permuted,dx,y3,-0.142413923349,0
0.025,0.02,1,permuted,dy,1,0.0125902004092,0
0.025,0.02,1,permuted,dy,x,0.283931914696,2
0.025,0.02,1,permuted,dy,y,0.126073347556,1
0.025,0.02,1,permuted,dy,x2,0.060874695072,0
0.025,0.02,1,permuted,dy,xy,-0.107475102343,0
0.025,0.02,1,permuted,dy,y2,-0.0225980876181,0
0.025,0.02,1,permuted,dy,x3,-0.313572905963,0
0.025,0.02,1,permuted,dy,x2y,0.00656250240702,-1
0.025,0.02,1,permuted,dy,xy2,-0.137941601064,0
0.025,0.02,1,permuted,dy,y3,-0.126019866924,-1
0.025,0.02,2,cubic,dx,1,0.0105370990218,0
0.025,0.02,2,cubic,dx,x,0.982948401437,1
0.025,0.02,2,cubic,dx,y,-2.01065272381,-2
0.025,0.02,2,cubic,dx,x2,-0.0134063974531,0
0.025,0.02,2,cubic,dx,xy,0.00518788605552,0
0.025,0.02,2,cubic,dx,y2,-0.00846829182231,0
0.025,0.02,2,cubic,dx,x3,-0.986529210632,-1
0.025,0.02,2,cubic,dx,x2y,-0.0124726256892,0
0.025,0.02,2,cubic,dx,xy2,-0.974305787511,-1
0.025,0.02,2,cubic,dx,y3,0.0190485475121,0
0.025,0.02,2,cubic,dy,1,-0.000859399246597,0
0.025,0.02,2,cubic,dy,x,1.99177724207,2
0.025,0.02,2,cubic,dy,y,0.980378361257,1
0.025,0.02,2,cubic,dy,x2,0.0024905453566,0
0.025,0.02,2,cubic,dy,xy,0.0066881915709,0
0.025,0.02,2,cubic,dy,y2,-0.000744912305959,0
0.025,0.02,2,cubic,dy,x3,0.00326452453393,0
0.025,0.02,2,cubic,dy,x2y,-0.969085933532,-1
0.025,0.02,2,cubic,dy,xy2,0.0191913364581,0
0.025,0.02,2,cubic,dy,y3,-0.980146494322,-1
0.025,0.02,2,affine,dx,1,0.00471060642546,0
0.025,0.02,2,affine,dx,x,0.0180785635567,1
0.025,0.02,2,affine,dx,y,-1.99802404683,-2
0.025,0.02,2,affine,dx,x2,0,0
0.025,0.02,2,affine,dx,xy,0,0
0.025,0.02,2,affine,dx,y2,0,0
0.025,0.02,2,affine,dx,x3,0,-1
0.025,0.02,2,affine,dx,x2y,0,0
0.025,0.02,2,affine,dx,xy2,0,-1
0.025,0.02,2,affine,dx,y3,0,0
0.025,0.02,2,affine,dy,1,0.0193502984855,0
0.025,0.02,2,affine,dy,x,2.00029424933,2
0.025,0.02,2,affine,dy,y,0.0191918626273,1
0.025,0.02,2,affine,dy,x2,0,0
0.025,0.02,2,affine,dy,xy,0,0
0.025,0.02,2,affine,dy,y2,0,0
0.025,0.02,2,affine,dy,x3,0,0
0.025,0.02,2,affine,dy,x2y,0,-1
0.025,0.02,2,affine,dy,xy2,0,0
0.025,0.02,2,affine,dy,y3,0,-1
0.025,0.02,2,permuted,dx,1,-0.143971562593,0
0.025,0.02,2,permuted,dx,x,-0.177750388174,1
0.025,0.02,2,permuted,dx,y,-0.198844602817,-2
0.025,0.02,2,permuted,dx,x2,0.0377445502762,0
0.025,0.02,2,permuted,dx,xy,-0.0292626871638,0
0.025,0.02,2,permuted,dx,y2,0.086143574527,0
0.025,0.02,2,permuted,dx,x3,0.129608173266,-1
0.025,0.02,2,permuted,dx,x2y,0.296360738348,0
0.025,0.02,2,permuted,dx,xy2,0.104228051296,-1
0.025,0.02,2,permuted,dx,y3,0.156134877749,0
0.025,0.02,2,permuted,dy,1,0.0947867590218,0
0.025,0.02,2,permuted,dy,x,0.0686233655884,2
0.025,0.02,2,permuted,dy,y,-0.135972174535,1
0.025,0.02,2,permuted,dy,x2,-0.0143576496898,0
0.025,0.02,2,permuted,dy,xy,-0.0503952120146,0
0.025,0.02,2,permuted,dy,y2,-0.108601166285,0
0.025,0.02,2,permuted,dy,x3,-0.118650347881,0
0.025,0.02,2,permuted,dy,x2y,0.279991562064,-1
0.025,0.02,2,permuted,dy,xy2,-0.123972920795,0
0.025,0.02,2,permuted,dy,y3,0.101344131154,-1
0.025,0.02,3,cubic,dx,1,-0.000627278258509,0
0.025,0.02,3,cubic,dx,x,0.984894483233,1
0.025,0.02,3,cubic,dx,y,-2.01268830311,-2
0.025,0.02,3,cubic,dx,x2,0.000532651068722,0
0.025,0.02,3,cubic,dx,xy,0.00673634615338,0
0.025,0.02,3,cubic,dx,y2,0.00041900858725,0
0.025,0.02,3,cubic,dx,x3,-0.98517251038,-1
0.025,0.02,3,cubic,dx,x2y,0.0157485018481,0
0.025,0.02,3,cubic,dx,xy2,-0.989277885754,-1
0.025,0.02,3,cubic,dx,y3,0.0111784755233,0
0.025,0.02,3,cubic,dy,1,0.00123456390839,0
0.025,0.02,3,cubic,dy,x,1.98263542393,2
0.025,0.02,3,cubic,dy,y,0.980323604425,1
0.025,0.02,3,cubic,dy,x2,-0.00068157359075,0
0.025,0.02,3,cubic,dy,xy,-0.00168214989647,0
0.025,0.02,3,cubic,dy,y2,0.00159260215311,0
0.025,0.02,3,cubic,dy,x3,0.0211635611288,0
0.025,0.02,3,cubic,dy,x2y,-0.971290106675,-1
0.025,0.02,3,cubic,dy,xy2,0.00958135964605,0
0.025,0.02,3,cubic,dy,y3,-0.983832087897,-1
0.025,0.02,3,affine,dx,1,0.00419925098175,0
0.025,0.02,3,affine,dx,x,0.0173088207918,1
0.025,0.02,3,affine,dx,y,-1.99950166868,-2
0.025,0.02,3,affine,dx,x2,0,0
0.025,0.02,3,affine,dx,xy,0,0
0.025,0.02,3,affine,dx,y2,0,0
0.025,0.02,3,affine,dx,x3,0,-1
0.025,0.02,3,affine,dx,x2y,0,0
0.025,0.02,3,affine,dx,xy2,0,-1
0.025,0.02,3,affine,dx,y3,0,0
0.025,0.02,3,affine,dy,1,0.02083847695,0
0.025,0.02,3,affine,dy,x,2.00191912228,2
0.025,0.02,3,affine,dy,y,0.0162007007676,1
0.025,0.02,3,affine,dy,x2,0,0
0.025,0.02,3,affine,dy,xy,0,0
0.025,0.02,3,affine,dy,y2,0,0
0.025,0.02,3,affine,dy,x3,0,0
0.025,0.02,3,affine,dy,x2y,0,-1
0.025,0.02,3,affine,dy,xy2,0,0
0.025,0.02,3,affine,dy,y3,0,-1
0.025,0.02,3,permuted,dx,1,-0.106332134703,0
0.025,0.02,3,permuted,dx,x,-0.214854617399,1
0.025,0.02,3,permuted,dx,y,0.104003060755,-2
0.025,0.02,3,permuted,dx,x2,0.0276662557906,0
0.025,0.02,3,permuted,dx,xy,-0.0572869592872,0
0.025,0.02,3,permuted,dx,y2,-0.00110889592461,0
0.025,0.02,3,permuted,dx,x3,0.198417794706,-1
0.025,0.02,3,permuted,dx,x2y,-0.172051099956,0
0.025,0.02,3,permuted,dx,xy2,0.293603972304,-1
0.025,0.02,3,permuted,dx,y3,-0.0862527979512,0
0.025,0.02,3,permuted,dy,1,0.0957221671765,0
0.025,0.02,3,permuted,dy,x,-0.0961740454664,2
0.025,0.02,3,permuted,dy,y,0.026989017956,1
0.025,0.02,3,permuted,dy,x2,-0.0930173685417,0
0.025,0.02,3,permuted,dy,xy,0.069250635229,0
0.025,0.02,3,permuted,dy,y2,-0.0410297478767,0
0.025,0.02,3,permuted,dy,x3,0.161858095751,0
0.025,0.02,3,permuted,dy,x2y,0.121512021226,-1
0.025,0.02,3,permuted,dy,xy2,-0.0433816515972,0
0.025,0.02,3,permuted,dy,y3,-0.042878659584,-1
0.025,0.02,4,cubic,dx,1,0.00443263445706,0
0.025,0.02,4,cubic,dx,x,1.00021869266,1
0.025,0.02,4,cubic,dx,y,-2.00523941347,-2
0.025,0.02,4,cubic,dx,x2,-0.00767089248919,0
0.025,0.02,4,cubic,dx,xy,0.00755480175494,0
0.025,0.02,4,cubic,dx,y2,-0.00257096468357,0
0.025,0.02,4,cubic,dx,x3,-0.9989511292,-1
0.025,0.02,4,cubic,dx,x2y,0.0229488454736,0
0.025,0.02,4,cubic,dx,xy2,-1.00299186638,-1
0.025,0.02,4,cubic,dx,y3,0.000111273895615,0
0.025,0.02,4,cubic,dy,1,-0.00533264625129,0
0.025,0.02,4,cubic,dy,x,1.97865023218,2
0.025,0.02,4,cubic,dy,y,0.991925961152,1
0.025,0.02,4,cubic,dy,x2,0.00436529813659,0
0.025,0.02,4,cubic,dy,xy,0.00450553908113,0
0.025,0.02,4,cubic,dy,y2,0.00911622304728,0
0.025,0.02,4,cubic,dy,x3,0.0277006152288,0
0.025,0.02,4,cubic,dy,x2y,-0.982846502982,-1
0.025,0.02,4,cubic,dy,xy2,0.00633723732967,0
0.025,0.02,4,cubic,dy,y3,-0.99681528452,-1
0.025,0.02,4,affine,dx,1,0.00463416270703,0
0.025,0.02,4,affine,dx,x,0.0195956326482,1
0.025,0.02,4,affine,dx,y,-1.99856243074,-2
0.025,0.02,4,affine,dx,x2,0,0
0.025,0.02,4,affine,dx,xy,0,0
0.025,0.02,4,affine,dx,y2,0,0
0.025,0.02,4,affine,dx,x3,0,-1
0.025,0.02,4,affine,dx,x2y,0,0
0.025,0.02,4,affine,dx,xy2,0,-1
0.025,0.02,4,affine,dx,y3,0,0
0.025,0.02,4,affine,dy,1,0.0207230583609,0
0.025,0.02,4,affine,dy,x,2.0014609269,2
0.025,0.02,4,affine,dy,y,0.0148608049212,1
0.025,0.02,4,affine,dy,x2,0,0
0.025,0.02,4,affine,dy,xy,0,0
0.025,0.02,4,affine,dy,y2,0,0
0.025,0.02,4,affine,dy,x3,0,0
0.025,0.02,4,affine,dy,x2y,0,-1
0.025,0.02,4,affine,dy,xy2,0,0
0.025,0.02,4,affine,dy,y3,0,-1
0.025,0.02,4,permuted,dx,1,-0.007126600008,0
0.025,0.02,4,permuted,dx,x,0.214879236405,1
0.025,0.02,4,permuted,dx,y,-0.195295676197,-2
0.025,0.02,4,permuted,dx,x2,-0.134473219007,0
0.025,0.02,4,permuted,dx,xy,-0.0191527996104,0
0.025,0.02,4,permuted,dx,y2,-0.0485134635068,0
0.025,0.02,4,permuted,dx,x3,-0.190109320962,-1
0.025,0.02,4,permuted,dx,x2y,0.0755244121706,0
0.025,0.02,4,permuted,dx,xy2,-0.104232282397,-1
0.025,0.02,4,permuted,dx,y3,0.27443573621,0
0.025,0.02,4,permuted,dy,1,0.131013443189,0
0.025,0.02,4,permuted,dy,x,0.190088429915,2
0.025,0.02,4,permuted,dy,y,0.0776960897796,1
0.025,0.02,4,permuted,dy,x2,-0.064805206937,0
0.025,0.02,4,permuted,dy,xy,0.0194573409027,0
0.025,0.02,4,permuted,dy,y2,-0.153030668223,0
0.025,0.02,4,permuted,dy,x3,-0.165829578806,0
0.025,0.02,4,permuted,dy,x2y,-0.112904301463,-1
0.025,0.02,4,permuted,dy,xy2,-0.316653381455,0
0.025,0.02,4,permuted,dy,y3,-0.0515779072521,-1
0.025,0.02,5,cubic,dx,1,0.00987533816924,0
0.025,0.02,5,cubic,dx,x,0.975594617665,1
0.025,0.02,5,cubic,dx,y,-2.01339657219,-2
0.025,0.02,5,cubic,dx,x2,-0.0112789218636,0
0.025,0.02,5,cubic,dx,xy,0.00328846755148,0
0.025,0.02,5,cubic,dx,y2,-0.00858391979109,0
0.025,0.02,5,cubic,dx,x3,-0.975933570126,-1
0.025,0.02,5,cubic,dx,x2y,0.00435620584597,0
0.025,0.02,5,cubic,dx,xy2,-0.969900561744,-1
0.025,0.02,5,cubic,dx,y3,0.0176422095868,0
0.025,0.02,5,cubic,dy,1,0.00867355533672,0
0.025,0.02,5,cubic,dy,x,1.98802948897,2
0.025,0.02,5,cubic,dy,y,0.984044507328,1
0.025,0.02,5,cubic,dy,x2,-0.00915776816032,0
0.025,0.02,5,cubic,dy,xy,-0.000678295799931,0
0.025,0.02,5,cubic,dy,y2,-0.0105742073515,0
0.025,0.02,5,cubic,dy,x3,0.0084547713878,0
0.025,0.02,5,cubic,dy,x2y,-0.99029840395,-1
0.025,0.02,5,cubic,dy,xy2,0.0288367305747,0
0.025,0.02,5,cubic,dy,y3,-0.984348349935,-1
0.025,0.02,5,affine,dx,1,0.00482616996451,0
0.025,0.02,5,affine,dx,x,0.0212009940221,1
0.025,0.02,5,affine,dx,y,-1.99828872647,-2
0.025,0.02,5,affine,dx,x2,0,0
0.025,0.02,5,affine,dx,xy,0,0
0.025,0.02,5,affine,dx,y2,0,0
0.025,0.02,5,affine,dx,x3,0,-1
0.025,0.02,5,affine,dx,x2y,0,0
0.025,0.02,5,affine,dx,xy2,0,-1
0.025,0.02,5,affine,dx,y3,0,0
0.025,0.02,5,affine,dy,1,0.0194449154341,0
0.025,0.02,5,affine,dy,x,2.00221434516,2
0.025,0.02,5,affine,dy,y,0.0154003386598,1
0.025,0.02,5,affine,dy,x2,0,0
0.025,0.02,5,affine,dy,xy,0,0
0.025,0.02,5,affine,dy,y2,0,0
0.025,0.02,5,affine,dy,x3,0,0
0.025,0.02,5,affine,dy,x2y,0,-1
0.025,0.02,5,affine,dy,xy2,0,0
0.025,0.02,5,affine,dy,y3,0,-1
0.025,0.02,5,permuted,dx,1,-0.0962247998624,0
0.025,0.02,5,permuted,dx,x,-0.251571646777,1
0.025,0.02,5,permuted,dx,y,0.130155157465,-2
0.025,0.02,5,permuted,dx,x2,-0.00372788912763,0
0.025,0.02,5,permuted,dx,xy,0.00949277442806,0
0.025,0.02,5,permuted,dx,y2,0.00747301706679,0
0.025,0.02,5,permuted,dx,x3,0.243069872945,-1
0.025,0.02,5,permuted,dx,x2y,-0.140582941835,0
0.025,0.02,5,permuted,dx,xy2,0.122731730459,-1
0.025,0.02,5,permuted,dx,y3,-0.130368869874,0
0.025,0.02,5,permuted,dy,1,-0.0651318776541,0
0.025,0.02,5,permuted,dy,x,-0.0458014250107,2
0.025,0.02,5,permuted,dy,y,-0.143655406453,1
0.025,0.02,5,permuted,dy,x2,0.103146659692,0
0.025,0.02,5,permuted,dy,xy,0.125469259507,0
0.025,0.02,5,permuted,dy,y2,0.113639580945,0
0.025,0.02,5,permuted,dy,x3,0.0565247125911,0
0.025,0.02,5,permuted,dy,x2y,0.182998547396,-1
0.025,0.02,5,permuted,dy,xy2,0.0161453480785,0
0.025,0.02,5,permuted,dy,y3,0.18538082878,-1
0.025,0.02,6,cubic,dx,1,-0.0124726713492,0
0.025,0.02,6,cubic,dx,x,0.987591520214,1
0.025,0.02,6,cubic,dx,y,-1.98215708028,-2
0.025,0.02,6,cubic,dx,x2,0.0116008633195,0
0.025,0.02,6,cubic,dx,xy,0.0037282342551,0
0.025,0.02,6,cubic,dx,y2,0.0137018265073,0
0.025,0.02,6,cubic,dx,x3,-0.992188201429,-1
0.025,0.02,6,cubic,dx,x2y,-0.0407247052232,0
0.025,0.02,6,cubic,dx,xy2,-0.975041053311,-1
0.025,0.02,6,cubic,dx,y3,-0.00738191283342,0
0.025,0.02,6,cubic,dy,1,0.00140277300522,0
0.025,0.02,6,cubic,dy,x,2.00644459664,2
0.025,0.02,6,cubic,dy,y,1.0038921643,1
0.025,0.02,6,cubic,dy,x2,-0.0040712124745,0
0.025,0.02,6,cubic,dy,xy,-0.000561505834946,0
0.025,0.02,6,cubic,dy,y2,-0.000490963105977,0
0.025,0.02,6,cubic,dy,x3,-0.00990711066341,0
0.025,0.02,6,cubic,dy,x2y,-0.993172450884,-1
0.025,0.02,6,cubic,dy,xy2,0.0149714276553,0
0.025,0.02,6,cubic,dy,y3,-1.01108293605,-1
0.025,0.02,6,affine,dx,1,0.00437838221737,0
0.025,0.02,6,affine,dx,x,0.0187422511854,1
0.025,0.02,6,affine,dx,y,-1.99692161155,-2
0.025,0.02,6,affine,dx,x2,0,0
0.025,0.02,6,affine,dx,xy,0,0
0.025,0.02,6,affine,dx,y2,0,0
0.025,0.02,6,affine,dx,x3,0,-1
0.025,0.02,6,affine,dx,x2y,0,0
0.025,0.02,6,affine,dx,xy2,0,-1
0.025,0.02,6,affine,dx,y3,0,0
0.025,0.02,6,affine,dy,1,0.0188540578905,0
0.025,0.02,6,affine,dy,x,2.00425614493,2
0.025,0.02,6,affine,dy,y,0.015262499216,1
0.025,0.02,6,affine,dy,x2,0,0
0.025,0.02,6,affine,dy,xy,0,0
0.025,0.02,6,affine,dy,y2,0,0
0.025,0.02,6,affine,dy,x3,0,0
0.025,0.02,6,affine,dy,x2y,0,-1
0.025,0.02,6,affine,dy,xy2,0,0
0.025,0.02,6,affine,dy,y3,0,-1
0.025,0.02,6,permuted,dx,1,-0.136051493145,0
0.025,0.02,6,permuted,dx,x,0.029410011456,1
0.025,0.02,6,permuted,dx,y,-0.187909308564,-2
0.025,0.02,6,permuted,dx,x2,0.0860865345388,0
0.025,0.02,6,permuted,dx,xy,-0.109198891976,0
0.025,0.02,6,permuted,dx,y2,0.0204669908946,0
0.025,0.02,6,permuted,dx,x3,-0.0915562277177,-1
0.025,0.02,6,permuted,dx,x2y,0.238622967744,0
0.025,0.02,6,permuted,dx,xy2,0.138235137407,-1
0.025,0.02,6,permuted,dx,y3,0.133278692511,0
0.025,0.02,6,permuted,dy,1,0.0202951253255,0
0.025,0.02,6,permuted,dy,x,0.236103498122,2
0.025,0.02,6,permuted,dy,y,0.0296611492556,1
0.025,0.02,6,permuted,dy,x2,-0.0457162259241,0
0.025,0.02,6,permuted,dy,xy,-0.0182417462555,0
0.025,0.02,6,permuted,dy,y2,0.0667769678753,0
0.025,0.02,6,permuted,dy,x3,-0.216755215631,0
0.025,0.02,6,permuted,dy,x2y,-0.0309590431278,-1
0.025,0.02,6,permuted,dy,xy2,-0.207510572782,0
0.025,0.02,6,permuted,dy,y3,0.00992783216732,-1
0.025,0.02,7,cubic,dx,1,-0.00641256843999,0
0.025,0.02,7,cubic,dx,x,1.01416931119,1
0.025,0.02,7,cubic,dx,y,-2.00807882506,-2
0.025,0.02,7,cubic,dx,x2,0.00791075596702,0
0.025,0.02,7,cubic,dx,xy,-0.00872684566265,0
0.025,0.02,7,cubic,dx,y2,0.00309825165831,0
0.025,0.02,7,cubic,dx,x3,-1.01080907556,-1
0.025,0.02,7,cubic,dx,x2y,0.0263647913641,0
0.025,0.02,7,cubic,dx,xy2,-1.0193502912,-1
0.025,0.02,7,cubic,dx,y3,0.00742228625714,0
0.025,0.02,7,cubic,dy,1,-0.000781297664294,0
0.025,0.02,7,cubic,dy,x,1.99451127816,2
0.025,0.02,7,cubic,dy,y,0.985402010541,1
0.025,0.02,7,cubic,dy,x2,-0.000992053333383,0
0.025,0.02,7,cubic,dy,xy,-0.00366802532801,0
0.025,0.02,7,cubic,dy,y2,0.00652411074704,0
0.025,0.02,7,cubic,dy,x3,0.00460870401838,0
0.025,0.02,7,cubic,dy,x2y,-0.972913259616,-1
0.025,0.02,7,cubic,dy,xy2,0.00575751437742,0
0.025,0.02,7,cubic,dy,y3,-0.99127786735,-1
0.025,0.02,7,affine,dx,1,0.00308247599709,0
0.025,0.02,7,affine,dx,x,0.0212918188728,1
0.025,0.02,7,affine,dx,y,-1.99643429631,-2
0.025,0.02,7,affine,dx,x2,0,0
0.025,0.02,7,affine,dx,xy,0,0
0.025,0.02,7,affine,dx,y2,0,0
0.025,0.02,7,affine,dx,x3,0,-1
0.025,0.02,7,affine,dx,x2y,0,0
0.025,0.02,7,affine,dx,xy2,0,-1
0.025,0.02,7,affine,dx,y3,0,0
0.025,0.02,7,affine,dy,1,0.021295803776,0
0.025,0.02,7,affine,dy,x,1.99950138953,2
0.025,0.02,7,affine,dy,y,0.0149283679312,1
0.025,0.02,7,affine,dy,x2,0,0
0.025,0.02,7,affine,dy,xy,0,0
0.025,0.02,7,affine,dy,y2,0,0
0.025,0.02,7,affine,dy,x3,0,0
0.025,0.02,7,affine,dy,x2y,0,-1
0.025,0.02,7,affine,dy,xy2,0,0
0.025,0.02,7,affine,dy,y3,0,-1
0.025,0.02,7,permuted,dx,1,-0.113436577687,0
0.025,0.02,7,permuted,dx,x,-0.109049268416,1
0.025,0.02,7,permuted,dx,y,-0.0610539243592,-2
0.025,0.02,7,permuted,dx,x2,0.0548238439626,0
0.025,0.02,7,permuted,dx,xy,-0.04709224406,0
0.025,0.02,7,permuted,dx,y2,-0.00754681155387,0
0.025,0.02,7,permuted,dx,x3,0.143433895384,-1
0.025,0.02,7,permuted,dx,x2y,0.0928499619688,0
0.025,0.02,7,permuted,dx,xy2,0.179332391091,-1
0.025,0.02,7,permuted,dx,y3,0.0375851513149,0
0.025,0.02,7,permuted,dy,1,0.0827474078039,0
0.025,0.02,7,permuted,dy,x,0.220158465309,2
0.025,0.02,7,permuted,dy,y,-0.0476768354766,1
0.025,0.02,7,permuted,dy,x2,-0.029050476083,0
0.025,0.02,7,permuted,dy,xy,0.0672492394602,0
0.025,0.02,7,permuted,dy,y2,-0.077671225171,0
0.025,0.02,7,permuted,dy,x3,-0.215536570665,0
0.025,0.02,7,permuted,dy,x2y,-0.00527907871915,-1
0.025,0.02,7,permuted,dy,xy2,-0.32753020131,0
0.025,0.02,7,permuted,dy,y3,0.0729224936531,-1
0.025,0.02,8,cubic,dx,1,-0.00345907365986,0
0.025,0.02,8,cubic,dx,x,0.981503340273,1
0.025,0.02,8,cubic,dx,y,-1.99762640694,-2
0.025,0.02,8,cubic,dx,x2,0.0016053404752,0
0.025,0.02,8,cubic,dx,xy,0.00017865748272,0
0.025,0.02,8,cubic,dx,y2,0.00600929369472,0
0.025,0.02,8,cubic,dx,x3,-0.974999874297,-1
0.025,0.02,8,cubic,dx,x2y,-0.00432581379829,0
0.025,0.02,8,cubic,dx,xy2,-0.998326254115,-1
0.025,0.02,8,cubic,dx,y3,-0.00118963734636,0
0.025,0.02,8,cubic,dy,1,0.00829195213471,0
0.025,0.02,8,cubic,dy,x,2.00348423085,2
0.025,0.02,8,cubic,dy,y,0.976644286564,1
0.025,0.02,8,cubic,dy,x2,-0.0102955898325,0
0.025,0.02,8,cubic,dy,xy,0.00324183704481,0
0.025,0.02,8,cubic,dy,y2,-0.00653081180733,0
0.025,0.02,8,cubic,dy,x3,-0.000983440280601,0
0.025,0.02,8,cubic,dy,x2y,-0.988218893917,-1
0.025,0.02,8,cubic,dy,xy2,-0.00336815755111,0
0.025,0.02,8,cubic,dy,y3,-0.974810293842,-1
0.025,0.02,8,affine,dx,1,0.00488495826613,0
0.025,0.02,8,affine,dx,x,0.0182448171735,1
0.025,0.02,8,affine,dx,y,-1.99900503302,-2
0.025,0.02,8,affine,dx,x2,0,0
0.025,0.02,8,affine,dx,xy,0,0
0.025,0.02,8,affine,dx,y2,0,0
0.025,0.02,8,affine,dx,x3,0,-1
0.025,0.02,8,affine,dx,x2y,0,0
0.025,0.02,8,affine,dx,xy2,0,-1
0.025,0.02,8,affine,dx,y3,0,0
0.025,0.02,8,affine,dy,1,0.0206280634454,0
0.025,0.02,8,affine,dy,x,2.00267357691,2
0.025,0.02,8,affine,dy,y,0.0161427350421,1
0.025,0.02,8,affine,dy,x2,0,0
0.025,0.02,8,affine,dy,xy,0,0
0.025,0.02,8,affine,dy,y2,0,0
0.025,0.02,8,affine,dy,x3,0,0
0.025,0.02,8,affine,dy,x2y,0,-1
0.025,0.02,8,affine,dy,xy2,0,0
0.025,0.02,8,affine,dy,y3,0,-1
0.025,0.02,8,permuted,dx,1,-0.0016423943984,0
0.025,0.02,8,permuted,dx,x,0.196388480436,1
0.025,0.02,8,permuted,dx,y,-0.0247186921371,-2
0.025,0.02,8,permuted,dx,x2,-0.0440045881755,0
0.025,0.02,8,permuted,dx,xy,0.0703146547524,0
0.025,0.02,8,permuted,dx,y2,-0.157558692059,0
0.025,0.02,8,permuted,dx,x3,-0.159732071791,-1
0.025,0.02,8,permuted,dx,x2y,0.189701761225,0
0.025,0.02,8,permuted,dx,xy2,-0.190570089696,-1
0.025,0.02,8,permuted,dx,y3,0.0704428217165,0
0.025,0.02,8,permuted,dy,1,0.107617705755,0
0.025,0.02,8,permuted,dy,x,-0.0539991462193,2
0.025,0.02,8,permuted,dy,y,-0.354555758029,1
0.025,0.02,8,permuted,dy,x2,-0.0515871435349,0
0.025,0.02,8,permuted,dy,xy,0.0826285510331,0
0.025,0.02,8,permuted,dy,y2,-0.0872350128414,0
0.025,0.02,8,permuted,dy,x3,0.0751827195321,0
0.025,0.02,8,permuted,dy,x2y,0.292125540222,-1
0.025,0.02,8,permuted,dy,xy2,-0.0664433935993,0
0.025,0.02,8,permuted,dy,y3,0.296979874123,-1
0.025,0.02,9,cubic,dx,1,0.00143172894679,0
0.025,0.02,9,cubic,dx,x,0.983210149491,1
0.025,0.02,9,cubic,dx,y,-1.99725775166,-2
0.025,0.02,9,cubic,dx,x2,0.00179530609373,0
0.025,0.02,9,cubic,dx,xy,0.00531811519283,0
0.025,0.02,9,cubic,dx,y2,0.000561581484727,0
0.025,0.02,9,cubic,dx,x3,-0.981502292794,-1
0.025,0.02,9,cubic,dx,x2y,-0.0047212275324,0
0.025,0.02,9,cubic,dx,xy2,-0.998248356037,-1
0.025,0.02,9,cubic,dx,y3,0.000114486594942,0
0.025,0.02,9,cubic,dy,1,0.00220711037259,0
0.025,0.02,9,cubic,dy,x,2.02044837256,2
0.025,0.02,9,cubic,dy,y,1.00207693538,1
0.025,0.02,9,cubic,dy,x2,-0.00562614673644,0
0.025,0.02,9,cubic,dy,xy,0.0020864660119,0
0.025,0.02,9,cubic,dy,y2,0.000434571195017,0
0.025,0.02,9,cubic,dy,x3,-0.019945976063,0
0.025,0.02,9,cubic,dy,x2y,-1.01362498088,-1
0.025,0.02,9,cubic,dy,xy2,-0.0186339199419,0
0.025,0.02,9,cubic,dy,y3,-0.996910240063,-1
0.025,0.02,9,affine,dx,1,0.00663678934489,0
0.025,0.02,9,affine,dx,x,0.0169883802465,1
0.025,0.02,9,affine,dx,y,-1.99693609539,-2
0.025,0.02,9,affine,dx,x2,0,0
0.025,0.02,9,affine,dx,xy,0,0
0.025,0.02,9,affine,dx,y2,0,0
0.025,0.02,9,affine,dx,x3,0,-1
0.025,0.02,9,affine,dx,x2y,0,0
0.025,0.02,9,affine,dx,xy2,0,-1
0.025,0.02,9,affine,dx,y3,0,0
0.025,0.02,9,affine,dy,1,0.0192977524212,0
0.025,0.02,9,affine,dy,x,2.0027719073,2
0.025,0.02,9,affine,dy,y,0.0181506004641,1
0.025,0.02,9,affine,dy,x2,0,0
0.025,0.02,9,affine,dy,xy,0,0
0.025,0.02,9,affine,dy,y2,0,0
0.025,0.02,9,affine,dy,x3,0,0
0.025,0.02,9,affine,dy,x2y,0,-1
0.025,0.02,9,affine,dy,xy2,0,0
0.025,0.02,9,affine,dy,y3,0,-1
0.025,0.02,9,permuted,dx,1,-0.0884857551384,0
0.025,0.02,9,permuted,dx,x,0.0320150071742,1
0.025,0.02,9,permuted,dx,y,-0.0954299201991,-2
0.025,0.02,9,permuted,dx,x2,0.00532904382828,0
0.025,0.02,9,permuted,dx,xy,-0.00566652484846,0
0.025,0.02,9,permuted,dx,y2,-0.00949721158738,0
0.025,0.02,9,permuted,dx,x3,-0.0161669884413,-1
0.025,0.02,9,permuted,dx,x2y,0.0571626834749,0
0.025,0.02,9,permuted,dx,xy2,-0.143883835394,-1
0.025,0.02,9,permuted,dx,y3,0.0966324225119,0
0.025,0.02,9,permuted,dy,1,0.0102753941197,0
0.025,0.02,9,permuted,dy,x,0.0644435831455,2
0.025,0.02,9,permuted,dy,y,-0.0830561888897,1
0.025,0.02,9,permuted,dy,x2,0.0132938485118,0
0.025,0.02,9,permuted,dy,xy,0.0990109754003,0
0.025,0.02,9,permuted,dy,y2,0.0429469570949,0
0.025,0.02,9,permuted,dy,x3,-0.0473172629958,0
0.025,0.02,9,permuted,dy,x2y,0.0762568009283,-1
0.025,0.02,9,permuted,dy,xy2,-0.0551851552077,0
0.025,0.02,9,permuted,dy,y3,0.045648360785,-1
0.025,0.05,0,cubic,dx,1,-0.00864158967234,0
0.025,0.05,0,cubic,dx,x,0.974768031817,1
0.025,0.05,0,cubic,dx,y,-2.01868495177,-2
0.025,0.05,0,cubic,dx,x2,0.00337794009945,0
0.025,0.05,0,cubic,dx,xy,-0.0113632268176,0
0.025,0.05,0,cubic,dx,y2,0.0145770108651,0
0.025,0.05,0,cubic,dx,x3,-0.966416976344,-1
0.025,0.05,0,cubic,dx,x2y,-0.0161846986429,0
0.025,0.05,0,cubic,dx,xy2,-0.99430009541,-1
0.025,0.05,0,cubic,dx,y3,0.0249284977333,0
0.025,0.05,0,cubic,dy,1,0.00104330206821,0
0.025,0.05,0,cubic,dy,x,2.01964508309,2
0.025,0.05,0,cubic,dy,y,0.964954062164,1
0.025,0.05,0,cubic,dy,x2,-0.00316489297581,0
0.025,0.05,0,cubic,dy,xy,0.0106477319718,0
0.025,0.05,0,cubic,dy,y2,0.00105751910854,0
0.025,0.05,0,cubic,dy,x3,-0.0276646379006,0
0.025,0.05,0,cubic,dy,x2y,-0.937649427874,-1
0.025,0.05,0,cubic,dy,xy2,0.00466895714437,0
0.025,0.05,0,cubic,dy,y3,-0.962079211425,-1
0.025,0.05,0,affine,dx,1,0.00319381185193,0
0.025,0.05,0,affine,dx,x,0.0161330979503,1
0.025,0.05,0,affine,dx,y,-2.00360247077,-2
0.025,0.05,0,affine,dx,x2,0,0
0.025,0.05,0,affine,dx,xy,0,0
0.025,0.05,0,affine,dx,y2,0,0
0.025,0.05,0,affine,dx,x3,0,-1
0.025,0.05,0,affine,dx,x2y,0,0
0.025,0.05,0,affine,dx,xy2,0,-1
0.025,0.05,0,affine,dx,y3,0,0
0.025,0.05,0,affine,dy,1,0.0200932944233,0
0.025,0.05,0,affine,dy,x,2.0011202902,2
0.025,0.05,0,affine,dy,y,0.023542622362,1
0.025,0.05,0,affine,dy,x2,0,0
0.025,0.05,0,affine,dy,xy,0,0
0.025,0.05,0,affine,dy,y2,0,0
0.025,0.05,0,affine,dy,x3,0,0
0.025,0.05,0,affine,dy,x2y,0,-1
0.025,0.05,0,affine,dy,xy2,0,0
0.025,0.05,0,affine,dy,y3,0,-1
0.025,0.05,0,permuted,dx,1,-0.0703806707911,0
0.025,0.05,0,permuted,dx,x,-0.178750612224,1
0.025,0.05,0,permuted,dx,y,0.100766937409,-2
0.025,0.05,0,permuted,dx,x2,-0.0266562168793,0
0.025,0.05,0,permuted,dx,xy,-0.0368507020465,0
0.025,0.05,0,permuted,dx,y2,-0.0311246898263,0
0.025,0.05,0,permuted,dx,x3,0.200817103891,-1
0.025,0.05,0,permuted,dx,x2y,-0.211554871169,0
0.025,0.05,0,permuted,dx,xy2,0.143696791812,-1
0.025,0.05,0,permuted,dx,y3,-0.0070819205786,0
0.025,0.05,0,permuted,dy,1,0.0604568797889,0
0.025,0.05,0,permuted,dy,x,-0.223002113058,2
0.025,0.05,0,permuted,dy,y,-0.0799352270785,1
0.025,0.05,0,permuted,dy,x2,-0.0285294787702,0
0.025,0.05,0,permuted,dy,xy,0.0119382702834,0
0.025,0.05,0,permuted,dy,y2,-0.0264702410054,0
0.025,0.05,0,permuted,dy,x3,0.258808849252,0
0.025,0.05,0,permuted,dy,x2y,0.196092645348,-1
0.025,0.05,0,permuted,dy,xy2,0.108688506627,0
0.025,0.05,0,permuted,dy,y3,0.145944207535,-1
0.025,0.05,1,cubic,dx,1,-0.000496271077779,0
0.025,0.05,1,cubic,dx,x,1.00654769112,1
0.025,0.05,1,cubic,dx,y,-2.01039981466,-2
0.025,0.05,1,cubic,dx,x2,-0.00252430590822,0
0.025,0.05,1,cubic,dx,xy,-0.0038914161185,0
0.025,0.05,1,cubic,dx,y2,0.00274572907495,0
0.025,0.05,1,cubic,dx,x3,-0.995757293188,-1
0.025,0.05,1,cubic,dx,x2y,-0.031516653907,0
0.025,0.05,1,cubic,dx,xy2,-1.02449327368,-1
0.025,0.05,1,cubic,dx,y3,0.0207139466055,0
0.025,0.05,1,cubic,dy,1,0.0140605534331,0
0.025,0.05,1,cubic,dy,x,1.98542984949,2
0.025,0.05,1,cubic,dy,y,0.970758523214,1
0.025,0.05,1,cubic,dy,x2,-0.0101094548324,0
0.025,0.05,1,cubic,dy,xy,0.0069486690325,0
0.025,0.05,1,cubic,dy,y2,-0.0190299297263,0
0.025,0.05,1,cubic,dy,x3,0.0152816398098,0
0.025,0.05,1,cubic,dy,x2y,-0.970514186671,-1
0.025,0.05,1,cubic,dy,xy2,-0.00864009267695,0
0.025,0.05,1,cubic,dy,y3,-0.97092996749,-1
0.025,0.05,1,affine,dx,1,0.00395388682623,0
0.025,0.05,1,affine,dx,x,0.0199144946178,1
0.025,0.05,1,affine,dx,y,-2.00041981829,-2
0.025,0.05,1,affine,dx,x2,0,0
0.025,0.05,1,affine,dx,xy,0,0
0.025,0.05,1,affine,dx,y2,0,0
0.025,0.05,1,affine,dx,x3,0,-1
0.025,0.05,1,affine,dx,x2y,0,0
0.025,0.05,1,affine,dx,xy2,0,-1
0.025,0.05,1,affine,dx,y3,0,0
0.025,0.05,1,affine,dy,1,0.0202528682647,0
0.025,0.05,1,affine,dy,x,1.99713592351,2
0.025,0.05,1,affine,dy,y,0.0194449026726,1
0.025,0.05,1,affine,dy,x2,0,0
0.025,0.05,1,affine,dy,xy,0,0
0.025,0.05,1,affine,dy,y2,0,0
0.025,0.05,1,affine,dy,x3,0,0
0.025,0.05,1,affine,dy,x2y,0,-1
0.025,0.05,1,affine,dy,xy2,0,0
0.025,0.05,1,affine,dy,y3,0,-1
0.025,0.05,1,permuted,dx,1,-0.0353764331995,0
0.025,0.05,1,permuted,dx,x,0.119095830199,1
0.025,0.05,1,permuted,dx,y,-0.00707093548777,-2
0.025,0.05,1,permuted,dx,x2,-0.0187834154097,0
0.025,0.05,1,permuted,dx,xy,-0.0682130872411,0
0.025,0.05,1,permuted,dx,y2,-0.108121392892,0
0.025,0.05,1,permuted,dx,x3,-0.154384793937,-1
0.025,0.05,1,permuted,dx,x2y,-0.0123763973807,0
0.025,0.05,1,permuted,dx,xy2,-0.211976055322,-1
0.025,0.05,1,permuted,dx,y3,0.0344628644431,0
0.025,0.05,1,permuted,dy,1,-0.0398799743215,0
0.025,0.05,1,permuted,dy,x,0.193576961928,2
0.025,0.05,1,permuted,dy,y,-0.255597823841,1
0.025,0.05,1,permuted,dy,x2,0.0910432196456,0
0.025,0.05,1,permuted,dy,xy,0.00172603886931,0
0.025,0.05,1,permuted,dy,y2,0.0777421437642,0
0.025,0.05,1,permuted,dy,x3,-0.166043062381,0
0.025,0.05,1,permuted,dy,x2y,0.374131550702,-1
0.025,0.05,1,permuted,dy,xy2,-0.218949036941,0
0.025,0.05,1,permuted,dy,y3,0.240936083865,-1
0.025,0.05,2,cubic,dx,1,0.0280168113325,0
0.025,0.05,2,cubic,dx,x,0.95059012129,1
0.025,0.05,2,cubic,dx,y,-2.04384713744,-2
0.025,0.05,2,cubic,dx,x2,-0.0349545428311,0
0.025,0.05,2,cubic,dx,xy,0.0129123435639,0
0.025,0.05,2,cubic,dx,y2,-0.0225022546504,0
0.025,0.05,2,cubic,dx,x3,-0.957490919456,-1
0.025,0.05,2,cubic,dx,x2y,-0.0151778056578,0
0.025,0.05,2,cubic,dx,xy2,-0.92766718572,-1
0.025,0.05,2,cubic,dx,y3,0.0657796824097,0
0.025,0.05,2,cubic,dy,1,-0.00368555075928,0
0.025,0.05,2,cubic,dy,x,1.99872951134,2
0.025,0.05,2,cubic,dy,y,0.945574063987,1
0.025,0.05,2,cubic,dy,x2,0.00798330546003,0
0.025,0.05,2,cubic,dy,xy,0.0156803618567,0
0.025,0.05,2,cubic,dy,y2,-0.000240707670093,0
0.025,0.05,2,cubic,dy,x3,-0.0122737634411,0
0.025,0.05,2,cubic,dy,x2y,-0.914328647914,-1
0.025,0.05,2,cubic,dy,xy2,0.0291510039526,0
0.025,0.05,2,cubic,dy,y3,-0.943925519576,-1
0.025,0.05,2,affine,dx,1,0.00493982037723,0
0.025,0.05,2,affine,dx,x,0.017263528313,1
0.025,0.05,2,affine,dx,y,-1.99626787088,-2
0.025,0.05,2,affine,dx,x2,0,0
0.025,0.05,2,affine,dx,xy,0,0
0.025,0.05,2,affine,dx,y2,0,0
0.025,0.05,2,affine,dx,x3,0,-1
0.025,0.05,2,affine,dx,x2y,0,0
0.025,0.05,2,affine,dx,xy2,0,-1
0.025,0.05,2,affine,dx,y3,0,0
0.025,0.05,2,affine,dy,1,0.0182085727525,0
0.025,0.05,2,affine,dy,x,1.9984128172,2
0.025,0.05,2,affine,dy,y,0.0227247376969,1
0.025,0.05,2,affine,dy,x2,0,0
0.025,0.05,2,affine,dy,xy,0,0
0.025,0.05,2,affine,dy,y2,0,0
0.025,0.05,2,affine,dy,x3,0,0
0.025,0.05,2,affine,dy,x2y,0,-1
0.025,0.05,2,affine,dy,xy2,0,0
0.025,0.05,2,affine,dy,y3,0,-1
0.025,0.05,2,permuted,dx,1,-0.116671300027,0
0.025,0.05,2,permuted,dx,x,0.0591686440734,1
0.025,0.05,2,permuted,dx,y,0.134765605505,-2
0.025,0.05,2,permuted,dx,x2,-0.0224625231074,0
0.025,0.05,2,permuted,dx,xy,-0.0500477834153,0
0.025,0.05,2,permuted,dx,y2,0.0666987725004,0
0.025,0.05,2,permuted,dx,x3,-0.0173174243747,-1
0.025,0.05,2,permuted,dx,x2y,-0.105345770839,0
0.025,0.05,2,permuted,dx,xy2,0.0288377143038,-1
0.025,0.05,2,permuted,dx,y3,-0.103520210242,0
0.025,0.05,2,permuted,dy,1,0.0853022422702,0
0.025,0.05,2,permuted,dy,x,0.193576983866,2
0.025,0.05,2,permuted,dy,y,-0.23475953129,1
0.025,0.05,2,permuted,dy,x2,-0.0429707830216,0
0.025,0.05,2,permuted,dy,xy,-0.0725240379623,0
0.025,0.05,2,permuted,dy,y2,-0.0602017599818,0
0.025,0.05,2,permuted,dy,x3,-0.216910235212,0
0.025,0.05,2,permuted,dy,x2y,0.204514050062,-1
0.025,0.05,2,permuted,dy,xy2,-0.270330773946,0
0.025,0.05,2,permuted,dy,y3,0.304638728604,-1
0.025,0.05,3,cubic,dx,1,0.00080024934432,0
0.025,0.05,3,cubic,dx,x,0.955140611129,1
0.025,0.05,3,cubic,dx,y,-2.04960421186,-2
0.025,0.05,3,cubic,dx,x2,-0.000725318343043,0
0.025,0.05,3,cubic,dx,xy,0.0172393760051,0
0.025,0.05,3,cubic,dx,y2,-0.00120308132158,0
0.025,0.05,3,cubic,dx,x3,-0.954258670958,-1
0.025,0.05,3,cubic,dx,x2y,0.0558764144196,0
0.025,0.05,3,cubic,dx,xy2,-0.963390590621,-1
0.025,0.05,3,cubic,dx,y3,0.0469353053428,0
0.025,0.05,3,cubic,dy,1,0.000904504883238,0
0.025,0.05,3,cubic,dy,x,1.98095387874,2
0.025,0.05,3,cubic,dy,y,0.950010102312,1
0.025,0.05,3,cubic,dy,x2,0.000416297907171,0
0.025,0.05,3,cubic,dy,xy,-0.00592277282727,0
0.025,0.05,3,cubic,dy,y2,0.00639698557397,0
0.025,0.05,3,cubic,dy,x3,0.0273334619024,0
0.025,0.05,3,cubic,dy,x2y,-0.926625252402,-1
0.025,0.05,3,cubic,dy,xy2,-0.000693837947583,0
0.025,0.05,3,cubic,dy,y3,-0.956800375132,-1
0.025,0.05,3,affine,dx,1,0.00365794636259,0
0.025,0.05,3,affine,dx,x,0.0152484455433,1
0.025,0.05,3,affine,dx,y,-1.99991194055,-2
0.025,0.05,3,affine,dx,x2,0,0
0.025,0.05,3,affine,dx,xy,0,0
0.025,0.05,3,affine,dx,y2,0,0
0.025,0.05,3,affine,dx,x3,0,-1
0.025,0.05,3,affine,dx,x2y,0,0
0.025,0.05,3,affine,dx,xy2,0,-1
0.025,0.05,3,affine,dx,y3,0,0
0.025,0.05,3,affine,dy,1,0.0219228146383,0
0.025,0.05,3,affine,dy,x,2.00246144338,2
0.025,0.05,3,affine,dy,y,0.0152958807529,1
0.025,0.05,3,affine,dy,x2,0,0
0.025,0.05,3,affine,dy,xy,0,0
0.025,0.05,3,affine,dy,y2,0,0
0.025,0.05,3,affine,dy,x3,0,0
0.025,0.05,3,affine,dy,x2y,0,-1
0.025,0.05,3,affine,dy,xy2,0,0
0.025,0.05,3,affine,dy,y3,0,-1
0.025,0.05,3,permuted,dx,1,-0.103553414699,0
0.025,0.05,3,permuted,dx,x,0.296016006258,1
0.025,0.05,3,permuted,dx,y,-0.224956282172,-2
0.025,0.05,3,permuted,dx,x2,-0.0273413868615,0
0.025,0.05,3,permuted,dx,xy,-0.113839429029,0
0.025,0.05,3,permuted,dx,y2,0.0581898995875,0
0.025,0.05,3,permuted,dx,x3,-0.343488731007,-1
0.025,0.05,3,permuted,dx,x2y,0.166706418762,0
0.025,0.05,3,permuted,dx,xy2,-0.316931433005,-1
0.025,0.05,3,permuted,dx,y3,0.211767560319,0
0.025,0.05,3,permuted,dy,1,0.138747120178,0
0.025,0.05,3,permuted,dy,x,-0.151766663105,2
0.025,0.05,3,permuted,dy,y,0.0332979769131,1
0.025,0.05,3,permuted,dy,x2,-0.126068213242,0
0.025,0.05,3,permuted,dy,xy,-0.0553738418124,0
0.025,0.05,3,permuted,dy,y2,-0.0947868042613,0
0.025,0.05,3,permuted,dy,x3,0.210867231741,0
0.025,0.05,3,permuted,dy,x2y,-0.12469287151,-1
0.025,0.05,3,permuted,dy,xy2,0.149194559343,0
0.025,0.05,3,permuted,dy,y3,-0.0657104341052,-1
0.025,0.05,4,cubic,dx,1,0.013151329206,0
0.025,0.05,4,cubic,dx,x,0.990394750888,1
0.025,0.05,4,cubic,dx,y,-2.03221957042,-2
0.025,0.05,4,cubic,dx,x2,-0.0209005330033,0
0.025,0.05,4,cubic,dx,xy,0.0192782036293,0
0.025,0.05,4,cubic,dx,y2,-0.00817219713328,0
0.025,0.05,4,cubic,dx,x3,-0.985045226751,-1
0.025,0.05,4,cubic,dx,x2y,0.0767446485012,0
0.025,0.05,4,cubic,dx,xy2,-0.995712540588,-1
0.025,0.05,4,cubic,dx,y3,0.0203148815433,0
0.025,0.05,4,cubic,dy,1,-0.0170067024594,0
0.025,0.05,4,cubic,dy,x,1.96956877105,2
0.025,0.05,4,cubic,dy,y,0.97689298009,1
0.025,0.05,4,cubic,dy,x2,0.0153661028223,0
0.025,0.05,4,cubic,dy,xy,0.00940750746461,0
0.025,0.05,4,cubic,dy,y2,0.0262126537632,0
0.025,0.05,4,cubic,dy,x3,0.045115125251,0
0.025,0.05,4,cubic,dy,x2y,-0.952398420443,-1
0.025,0.05,4,cubic,dy,xy2,-0.0070554515104,0
0.025,0.05,4,cubic,dy,y3,-0.98738254416,-1
0.025,0.05,4,affine,dx,1,0.0047357452529,0
0.025,0.05,4,affine,dx,x,0.0210653593057,1
0.025,0.05,4,affine,dx,y,-1.99735774518,-2
0.025,0.05,4,affine,dx,x2,0,0
0.025,0.05,4,affine,dx,xy,0,0
0.025,0.05,4,affine,dx,y2,0,0
0.025,0.05,4,affine,dx,x3,0,-1
0.025,0.05,4,affine,dx,x2y,0,0
0.025,0.05,4,affine,dx,xy2,0,-1
0.025,0.05,4,affine,dx,y3,0,0
0.025,0.05,4,affine,dy,1,0.0216385011689,0
0.025,0.05,4,affine,dy,x,2.00126705062,2
0.025,0.05,4,affine,dy,y,0.0118580595855,1
0.025,0.05,4,affine,dy,x2,0,0
0.025,0.05,4,affine,dy,xy,0,0
0.025,0.05,4,affine,dy,y2,0,0
0.025,0.05,4,affine,dy,x3,0,0
0.025,0.05,4,affine,dy,x2y,0,-1
0.025,0.05,4,affine,dy,xy2,0,0
0.025,0.05,4,affine,dy,y3,0,-1
0.025,0.05,4,permuted,dx,1,-0.161126203808,0
0.025,0.05,4,permuted,dx,x,-0.0240139014144,1
0.025,0.05,4,permuted,dx,y,0.145588158299,-2
0.025,0.05,4,permuted,dx,x2,0.0950925154335,0
0.025,0.05,4,permuted,dx,xy,0.0117495598257,0
0.025,0.05,4,permuted,dx,y2,0.0501562464616,0
0.025,0.05,4,permuted,dx,x3,0.0302261212375,-1
0.025,0.05,4,permuted,dx,x2y,-0.185557222687,0
0.025,0.05,4,permuted,dx,xy2,-0.0100429076876,-1
0.025,0.05,4,permuted,dx,y3,-0.190580941658,0
0.025,0.05,4,permuted,dy,1,0.102521779508,0
0.025,0.05,4,permuted,dy,x,-0.204156464244,2
0.025,0.05,4,permuted,dy,y,0.125742547569,1
0.025,0.05,4,permuted,dy,x2,-0.0938309849665,0
0.025,0.05,4,permuted,dy,xy,-0.133578250027,0
0.025,0.05,4,permuted,dy,y2,-0.0589405989153,0
0.025,0.05,4,permuted,dy,x3,0.278402611153,0
0.025,0.05,4,permuted,dy,x2y,-0.0365930812105,-1
0.025,0.05,4,permuted,dy,xy2,0.0298012576891,0
0.025,0.05,4,permuted,dy,y3,-0.109287523142,-1
0.025,0.05,5,cubic,dx,1,0.0273043374413,0
0.025,0.05,5,cubic,dx,x,0.9272431873,1
0.025,0.05,5,cubic,dx,y,-2.05022290565,-2
0.025,0.05,5,cubic,dx,x2,-0.0306172804738,0
0.025,0.05,5,cubic,dx,xy,0.00920832321594,0
0.025,0.05,5,cubic,dx,y2,-0.023842237519,0
0.025,0.05,5,cubic,dx,x3,-0.926091495827,-1
0.025,0.05,5,cubic,dx,x2y,0.0295983212482,0
0.025,0.05,5,cubic,dx,xy2,-0.910543887344,-1
0.025,0.05,5,cubic,dx,y3,0.0609121977132,0
0.025,0.05,5,cubic,dy,1,0.0190177185815,0
0.025,0.05,5,cubic,dy,x,2.00165865497,2
0.025,0.05,5,cubic,dy,y,0.956999270633,1
0.025,0.05,5,cubic,dy,x2,-0.020021716658,0
0.025,0.05,5,cubic,dy,xy,-0.00343834277531,0
0.025,0.05,5,cubic,dy,y2,-0.0237228915007,0
0.025,0.05,5,cubic,dy,x3,-0.0118914515933,0
0.025,0.05,5,cubic,dy,x2y,-0.971929412785,-1
0.025,0.05,5,cubic,dy,xy2,0.0397661281129,0
0.025,0.05,5,cubic,dy,y3,-0.955591479301,-1
0.025,0.05,5,affine,dx,1,0.00521456110999,0
0.025,0.05,5,affine,dx,x,0.0250127066831,1
0.025,0.05,5,affine,dx,y,-1.99668348444,-2
0.025,0.05,5,affine,dx,x2,0,0
0.025,0.05,5,affine,dx,xy,0,0
0.025,0.05,5,affine,dx,y2,0,0
0.025,0.05,5,affine,dx,x3,0,-1
0.025,0.05,5,affine,dx,x2y,0,0
0.025,0.05,5,affine,dx,xy2,0,-1
0.025,0.05,5,affine,dx,y3,0,0
0.025,0.05,5,affine,dy,1,0.0184370843918,0
0.025,0.05,5,affine,dy,x,2.00311993948,2
0.025,0.05,5,affine,dy,y,0.0133417117054,1
0.025,0.05,5,affine,dy,x2,0,0
0.025,0.05,5,affine,dy,xy,0,0
0.025,0.05,5,affine,dy,y2,0,0
0.025,0.05,5,affine,dy,x3,0,0
0.025,0.05,5,affine,dy,x2y,0,-1
0.025,0.05,5,affine,dy,xy2,0,0
0.025,0.05,5,affine,dy,y3,0,-1
0.025,0.05,5,permuted,dx,1,-0.139554966641,0
0.025,0.05,5,permuted,dx,x,0.0792308789276,1
0.025,0.05,5,permuted,dx,y,0.227747187014,-2
0.025,0.05,5,permuted,dx,x2,0.0514239596134,0
0.025,0.05,5,permuted,dx,xy,0.0968423648993,0
0.025,0.05,5,permuted,dx,y2,0.0367678137628,0
0.025,0.05,5,permuted,dx,x3,-0.0755546963667,-1
0.025,0.05,5,permuted,dx,x2y,-0.293920890144,0
0.025,0.05,5,permuted,dx,xy2,-0.221083721515,-1
0.025,0.05,5,permuted,dx,y3,-0.183815027179,0
0.025,0.05,5,permuted,dy,1,0.0314662143912,0
0.025,0.05,5,permuted,dy,x,-0.157884556995,2
0.025,0.05,5,permuted,dy,y,0.0769436261381,1
0.025,0.05,5,permuted,dy,x2,0.00954470919643,0
0.025,0.05,5,permuted,dy,xy,0.0194371934941,0
0.025,0.05,5,permuted,dy,y2,-0.0107229664306,0
0.025,0.05,5,permuted,dy,x3,0.160482445158,0
0.025,0.05,5,permuted,dy,x2y,-0.0430327982361,-1
0.025,0.05,5,permuted,dy,xy2,0.179543151148,0
0.025,0.05,5,permuted,dy,y3,-0.0486751346515,-1
0.025,0.05,6,cubic,dx,1,-0.0287562705505,0
0.025,0.05,6,cubic,dx,x,0.956321926154,1
0.025,0.05,6,cubic,dx,y,-1.9761771941,-2
0.025,0.05,6,cubic,dx,x2,0.0270098439047,0
0.025,0.05,6,cubic,dx,xy,0.00983426774101,0
0.025,0.05,6,cubic,dx,y2,0.0321388818132,0
0.025,0.05,6,cubic,dx,x3,-0.966068058033,-1
0.025,0.05,6,cubic,dx,x2y,-0.0819109187918,0
0.025,0.05,6,cubic,dx,xy2,-0.922250927115,-1
0.025,0.05,6,cubic,dx,y3,0.00329276536066,0
0.025,0.05,6,cubic,dy,1,0.00114678878682,0
0.025,0.05,6,cubic,dy,x,2.03421588632,2
0.025,0.05,6,cubic,dy,y,1.0021602575,1
0.025,0.05,6,cubic,dy,x2,-0.00735382107939,0
0.025,0.05,6,cubic,dy,xy,-0.00254669473436,0
0.025,0.05,6,cubic,dy,y2,0.0012354326937,0
0.025,0.05,6,cubic,dy,x3,-0.04401351494,0
0.025,0.05,6,cubic,dy,x2y,-0.973239366397,-1
0.025,0.05,6,cubic,dy,xy2,0.0201042990375,0
0.025,0.05,6,cubic,dy,y3,-1.01814138022,-1
0.025,0.05,6,affine,dx,1,0.00410467209377,0
0.025,0.05,6,affine,dx,x,0.0188884142486,1
0.025,0.05,6,affine,dx,y,-1.99343088995,-2
0.025,0.05,6,affine,dx,x2,0,0
0.025,0.05,6,affine,dx,xy,0,0
0.025,0.05,6,affine,dx,y2,0,0
0.025,0.05,6,affine,dx,x3,0,-1
0.025,0.05,6,affine,dx,x2y,0,0
0.025,0.05,6,affine,dx,xy2,0,-1
0.025,0.05,6,affine,dx,y3,0,0
0.025,0.05,6,affine,dy,1,0.0169589305324,0
0.025,0.05,6,affine,dy,x,2.0083158189,2
0.025,0.05,6,affine,dy,y,0.0129580426686,1
0.025,0.05,6,affine,dy,x2,0,0
0.025,0.05,6,affine,dy,xy,0,0
0.025,0.05,6,affine,dy,y2,0,0
0.025,0.05,6,affine,dy,x3,0,0
0.025,0.05,6,affine,dy,x2y,0,-1
0.025,0.05,6,affine,dy,xy2,0,0
0.025,0.05,6,affine,dy,y3,0,-1
0.025,0.05,6,permuted,dx,1,-0.201485525987,0
0.025,0.05,6,permuted,dx,x,-0.0198827260306,1
0.025,0.05,6,permuted,dx,y,-0.0271592911277,-2
0.025,0.05,6,permuted,dx,x2,0.109004393143,0
0.025,0.05,6,permuted,dx,xy,0.0421831667841,0
0.025,0.05,6,permuted,dx,y2,0.130000337598,0
0.025,0.05,6,permuted,dx,x3,0.0696723864702,-1
0.025,0.05,6,permuted,dx,x2y,0.0904166796708,0
0.025,0.05,6,permuted,dx,xy2,0.0122054427971,-1
0.025,0.05,6,permuted,dx,y3,-0.0268080417027,0
0.025,0.05,6,permuted,dy,1,0.0400368973022,0
0.025,0.05,6,permuted,dy,x,-0.229460248088,2
0.025,0.05,6,permuted,dy,y,-0.12214795347,1
0.025,0.05,6,permuted,dy,x2,0.0116736168811,0
0.025,0.05,6,permuted,dy,xy,0.13298106933,0
0.025,0.05,6,permuted,dy,y2,-0.0243184233278,0
0.025,0.05,6,permuted,dy,x3,0.217352382801,0
0.025,0.05,6,permuted,dy,x2y,0.174366231442,-1
0.025,0.05,6,permuted,dy,xy2,0.333022372287,0
0.025,0.05,6,permuted,dy,y3,0.157203957482,-1
0.025,0.05,7,cubic,dx,1,-0.0116706505408,0
0.025,0.05,7,cubic,dx,x,1.02477431786,1
0.025,0.05,7,cubic,dx,y,-2.03806315738,-2
0.025,0.05,7,cubic,dx,x2,0.0156867053786,0
0.025,0.05,7,cubic,dx,xy,-0.0202630453511,0
0.025,0.05,7,cubic,dx,y2,0.00326093474976,0
0.025,0.05,7,cubic,dx,x3,-1.01451745304,-1
0.025,0.05,7,cubic,dx,x2y,0.083765286009,0
0.025,0.05,7,cubic,dx,xy2,-1.03618036192,-1
0.025,0.05,7,cubic,dx,y3,0.0368620298647,0
0.025,0.05,7,cubic,dy,1,-0.000962120580544,0
0.025,0.05,7,cubic,dy,x,2.0046282318,2
0.025,0.05,7,cubic,dy,y,0.958098932134,1
0.025,0.05,7,cubic,dy,x2,-0.00341251778995,0
0.025,0.05,7,cubic,dy,xy,-0.010102867846,0
0.025,0.05,7,cubic,dy,y2,0.0151165037475,0
0.025,0.05,7,cubic,dy,x3,-0.00814180208733,0
0.025,0.05,7,cubic,dy,x2y,-0.926351640766,-1
0.025,0.05,7,cubic,dy,xy2,-0.00303882751663,0
0.025,0.05,7,cubic,dy,y3,-0.970762810261,-1
0.025,0.05,7,affine,dx,1,0.000872926939134,0
0.025,0.05,7,affine,dx,x,0.0252167691318,1
0.025,0.05,7,affine,dx,y,-1.99232698647,-2
0.025,0.05,7,affine,dx,x2,0,0
0.025,0.05,7,affine,dx,xy,0,0
0.025,0.05,7,affine,dx,y2,0,0
0.025,0.05,7,affine,dx,x3,0,-1
0.025,0.05,7,affine,dx,x2y,0,0
0.025,0.05,7,affine,dx,xy2,0,-1
0.025,0.05,7,affine,dx,y3,0,0
0.025,0.05,7,affine,dy,1,0.0230630936049,0
0.025,0.05,7,affine,dy,x,1.99657800413,2
0.025,0.05,7,affine,dy,y,0.0121231964761,1
0.025,0.05,7,affine,dy,x2,0,0
0.025,0.05,7,affine,dy,xy,0,0
0.025,0.05,7,affine,dy,y2,0,0
0.025,0.05,7,affine,dy,x3,0,0
0.025,0.05,7,affine,dy,x2y,0,-1
0.025,0.05,7,affine,dy,xy2,0,0
0.025,0.05,7,affine,dy,y3,0,-1
0.025,0.05,7,permuted,dx,1,-0.0305742682485,0
0.025,0.05,7,permuted,dx,x,0.0710169934339,1
0.025,0.05,7,permuted,dx,y,-0.0407591747326,-2
0.025,0.05,7,permuted,dx,x2,-0.104965601977,0
0.025,0.05,7,permuted,dx,xy,-0.0880449159497,0
0.025,0.05,7,permuted,dx,y2,-0.0357501110642,0
0.025,0.05,7,permuted,dx,x3,-0.12287469077,-1
0.025,0.05,7,permuted,dx,x2y,-0.0433821862749,0
0.025,0.05,7,permuted,dx,xy2,0.0933655781096,-1
0.025,0.05,7,permuted,dx,y3,0.0902710493181,0
0.025,0.05,7,permuted,dy,1,0.0636025855155,0
0.025,0.05,7,permuted,dy,x,0.224679221759,2
0.025,0.05,7,permuted,dy,y,0.0728969061095,1
0.025,0.05,7,permuted,dy,x2,-0.0823450076969,0
0.025,0.05,7,permuted,dy,xy,0.0891117698057,0
0.025,0.05,7,permuted,dy,y2,0.0105401256427,0
0.025,0.05,7,permuted,dy,x3,-0.207961995949,0
0.025,0.05,7,permuted,dy,x2y,-0.0227848112322,-1
0.025,0.05,7,permuted,dy,xy2,-0.25273755183,0
0.025,0.05,7,permuted,dy,y3,-0.00708379692924,-1
0.025,0.05,8,cubic,dx,1,-0.00409667406365,0
0.025,0.05,8,cubic,dx,x,0.947080884242,1
0.025,0.05,8,cubic,dx,y,-2.01218021186,-2
0.025,0.05,8,cubic,dx,x2,-0.000369033695399,0
0.025,0.05,8,cubic,dx,xy,0.00132472733579,0
0.025,0.05,8,cubic,dx,y2,0.0104663806033,0
0.025,0.05,8,cubic,dx,x3,-0.929033402311,-1
0.025,0.05,8,cubic,dx,x2y,0.00707143942726,0
0.025,0.05,8,cubic,dx,xy2,-0.98755283942,-1
0.025,0.05,8,cubic,dx,y3,0.0159888728701,0
0.025,0.05,8,cubic,dy,1,0.0202856783732,0
0.025,0.05,8,cubic,dy,x,2.03603956733,2
0.025,0.05,8,cubic,dy,y,0.93505847735,1
0.025,0.05,8,cubic,dy,x2,-0.0253622836242,0
0.025,0.05,8,cubic,dy,xy,0.00655392288689,0
0.025,0.05,8,cubic,dy,y2,-0.0156727661591,0
0.025,0.05,8,cubic,dy,x3,-0.031449764502,0
0.025,0.05,8,cubic,dy,x2y,-0.961902365712,-1
0.025,0.05,8,cubic,dy,xy2,-0.0353593051312,0
0.025,0.05,8,cubic,dy,y3,-0.928861675349,-1
0.025,0.05,8,affine,dx,1,0.00536522650254,0
0.025,0.05,8,affine,dx,x,0.0175756015585,1
0.025,0.05,8,affine,dx,y,-1.99851795884,-2
0.025,0.05,8,affine,dx,x2,0,0
0.025,0.05,8,affine,dx,xy,0,0
0.025,0.05,8,affine,dx,y2,0,0
0.025,0.05,8,affine,dx,x3,0,-1
0.025,0.05,8,affine,dx,x2y,0,0
0.025,0.05,8,affine,dx,xy2,0,-1
0.025,0.05,8,affine,dx,y3,0,0
0.025,0.05,8,affine,dy,1,0.0213999774352,0
0.025,0.05,8,affine,dy,x,2.00413102599,2
0.025,0.05,8,affine,dy,y,0.0151106188502,1
0.025,0.05,8,affine,dy,x2,0,0
0.025,0.05,8,affine,dy,xy,0,0
0.025,0.05,8,affine,dy,y2,0,0
0.025,0.05,8,affine,dy,x3,0,0
0.025,0.05,8,affine,dy,x2y,0,-1
0.025,0.05,8,affine,dy,xy2,0,0
0.025,0.05,8,affine,dy,y3,0,-1
0.025,0.05,8,permuted,dx,1,-0.139663062109,0
0.025,0.05,8,permuted,dx,x,-0.1585694706,1
0.025,0.05,8,permuted,dx,y,0.128593234368,-2
0.025,0.05,8,permuted,dx,x2,0.0880993434373,0
0.025,0.05,8,permuted,dx,xy,0.0209337218992,0
0.025,0.05,8,permuted,dx,y2,0.00633206723333,0
0.025,0.05,8,permuted,dx,x3,0.187881124744,-1
0.025,0.05,8,permuted,dx,x2y,-0.101738324637,0
0.025,0.05,8,permuted,dx,xy2,0.0811459743284,-1
0.025,0.05,8,permuted,dx,y3,-0.0598983398142,0
0.025,0.05,8,permuted,dy,1,0.0191357180679,0
0.025,0.05,8,permuted,dy,x,-0.126809126171,2
0.025,0.05,8,permuted,dy,y,0.240280056445,1
0.025,0.05,8,permuted,dy,x2,-0.0236377621878,0
0.025,0.05,8,permuted,dy,xy,0.0586742252241,0
0.025,0.05,8,permuted,dy,y2,0.051394794935,0
0.025,0.05,8,permuted,dy,x3,0.0286180609114,0
0.025,0.05,8,permuted,dy,x2y,-0.291628189519,-1
0.025,0.05,8,permuted,dy,xy2,0.151694485368,0
0.025,0.05,8,permuted,dy,y3,-0.262983872734,-1
0.025,0.05,9,cubic,dx,1,0.00629611296142,0
0.025,0.05,9,cubic,dx,x,0.950318728428,1
0.025,0.05,9,cubic,dx,y,-2.010792479,-2
0.025,0.05,9,cubic,dx,x2,0.00201594437034,0
0.025,0.05,9,cubic,dx,xy,0.0140022508429,0
0.025,0.05,9,cubic,dx,y2,-0.00125562260627,0
0.025,0.05,9,cubic,dx,x3,-0.944425860477,-1
0.025,0.05,9,cubic,dx,x2y,0.00671595488055,0
0.025,0.05,9,cubic,dx,xy2,-0.985158854209,-1
0.025,0.05,9,cubic,dx,y3,0.0186453798577,0
0.025,0.05,9,cubic,dy,1,0.00598519428358,0
0.025,0.05,9,cubic,dy,x,2.07378884322,2
0.025,0.05,9,cubic,dy,y,0.997906413399,1
0.025,0.05,9,cubic,dy,x2,-0.0145516888308,0
0.025,0.05,9,cubic,dy,xy,0.00384642514366,0
0.025,0.05,9,cubic,dy,y2,0.000841017000098,0
0.025,0.05,9,cubic,dy,x3,-0.0743901917381,0
0.025,0.05,9,cubic,dy,x2y,-1.02282881118,-1
0.025,0.05,9,cubic,dy,xy2,-0.0676581143636,0
0.025,0.05,9,cubic,dy,y3,-0.984074825005,-1
0.025,0.05,9,affine,dx,1,0.00973998195373,0
0.025,0.05,9,affine,dx,x,0.0144517519011,1
0.025,0.05,9,affine,dx,y,-1.99328856024,-2
0.025,0.05,9,affine,dx,x2,0,0
0.025,0.05,9,affine,dx,xy,0,0
0.025,0.05,9,affine,dx,y2,0,0
0.025,0.05,9,affine,dx,x3,0,-1
0.025,0.05,9,affine,dx,x2y,0,0
0.025,0.05,9,affine,dx,xy2,0,-1
0.025,0.05,9,affine,dx,y3,0,0
0.025,0.05,9,affine,dy,1,0.0180691452515,0
0.025,0.05,9,affine,dy,x,2.00452109545,2
0.025,0.05,9,affine,dy,y,0.0201246216584,1
0.025,0.05,9,affine,dy,x2,0,0
0.025,0.05,9,affine,dy,xy,0,0
0.025,0.05,9,affine,dy,y2,0,0
0.025,0.05,9,affine,dy,x3,0,0
0.025,0.05,9,affine,dy,x2y,0,-1
0.025,0.05,9,affine,dy,xy2,0,0
0.025,0.05,9,affine,dy,y3,0,-1
0.025,0.05,9,permuted,dx,1,-0.0539067092396,0
0.025,0.05,9,permuted,dx,x,-0.115319507471,1
0.025,0.05,9,permuted,dx,y,-0.0505066485751,-2
0.025,0.05,9,permuted,dx,x2,0.000658342948776,0
0.025,0.05,9,permuted,dx,xy,-0.00615175629775,0
0.025,0.05,9,permuted,dx,y2,-0.0723040891195,0
0.025,0.05,9,permuted,dx,x3,0.0554741308567,-1
0.025,0.05,9,permuted,dx,x2y,0.0570838920623,0
0.025,0.05,9,permuted,dx,xy2,0.062128051446,-1
0.025,0.05,9,permuted,dx,y3,-0.00250382811951,0
0.025,0.05,9,permuted,dy,1,0.0997827473305,0
0.025,0.05,9,permuted,dy,x,-0.159756007492,2
0.025,0.05,9,permuted,dy,y,-0.309103679488,1
0.025,0.05,9,permuted,dy,x2,-0.111313354567,0
0.025,0.05,9,permuted,dy,xy,0.0244343115494,0
0.025,0.05,9,permuted,dy,y2,-0.0187057405902,0
0.025,0.05,9,permuted,dy,x3,0.177837404283,0
0.025,0.05,9,permuted,dy,x2y,0.22210187817,-1
0.025,0.05,9,permuted,dy,xy2,0.310044412967,0
0.025,0.05,9,permuted,dy,y3,0.360526701276,-1
0.05,0,0,cubic,dx,1,0.000187067442042,0
0.05,0,0,cubic,dx,x,0.994459256447,1
0.05,0,0,cubic,dx,y,-1.99689734236,-2
0.05,0,0,cubic,dx,x2,-0.00025437646478,0
0.05,0,0,cubic,dx,xy,0.00022928708031,0
0.05,0,0,cubic,dx,y2,-0.000293900639577,0
0.05,0,0,cubic,dx,x3,-0.994874303943,-1
0.05,0,0,cubic,dx,x2y,-0.00302393618126,0
0.05,0,0,cubic,dx,xy2,-0.995070513691,-1
0.05,0,0,cubic,dx,y3,-0.00298990757366,0
0.05,0,0,cubic,dy,1,0.000822145872524,0
0.05,0,0,cubic,dy,x,1.99557883595,2
0.05,0,0,cubic,dy,y,0.994937123962,1
0.05,0,0,cubic,dy,x2,-0.000757491046574,0
0.05,0,0,cubic,dy,xy,0.000340976968294,0
0.05,0,0,cubic,dy,y2,-0.000766350184978,0
0.05,0,0,cubic,dy,x3,0.00444090375881,0
0.05,0,0,cubic,dy,x2y,-0.995559997288,-1
0.05,0,0,cubic,dy,xy2,0.00422494153714,0
0.05,0,0,cubic,dy,y3,-0.995347036807,-1
0.05,0,0,affine,dx,1,0.0048652475143,0
0.05,0,0,affine,dx,x,0.0173835720881,1
0.05,0,0,affine,dx,y,-1.99877680272,-2
0.05,0,0,affine,dx,x2,0,0
0.05,0,0,affine,dx,xy,0,0
0.05,0,0,affine,dx,y2,0,0
0.05,0,0,affine,dx,x3,0,-1
0.05,0,0,affine,dx,x2y,0,0
0.05,0,0,affine,dx,xy2,0,-1
0.05,0,0,affine,dx,y3,0,0
0.05,0,0,affine,dy,1,0.0200189685754,0
0.05,0,0,affine,dy,x,2.00123577445,2
0.05,0,0,affine,dy,y,0.0151979699223,1
0.05,0,0,affine,dy,x2,0,0
0.05,0,0,affine,dy,xy,0,0
0.05,0,0,affine,dy,y2,0,0
0.05,0,0,affine,dy,x3,0,0
0.05,0,0,affine,dy,x2y,0,-1
0.05,0,0,affine,dy,xy2,0,0
0.05,0,0,affine,dy,y3,0,-1
0.05,0,0,permuted,dx,1,-0.110176010966,0
0.05,0,0,permuted,dx,x,0.0188891486919,1
0.05,0,0,permuted,dx,y,-0.000194475325318,-2
0.05,0,0,permuted,dx,x2,-0.0039887031852,0
0.05,0,0,permuted,dx,xy,-0.0742798547033,0
0.05,0,0,permuted,dx,y2,0.0481444732628,0
0.05,0,0,permuted,dx,x3,-0.0596396657071,-1
0.05,0,0,permuted,dx,x2y,-0.117038886282,0
0.05,0,0,permuted,dx,xy2,0.0531471398292,-1
0.05,0,0,permuted,dx,y3,-0.0178455426205,0
0.05,0,0,permuted,dy,1,0.072875527779,0
0.05,0,0,permuted,dy,x,0.0135255190703,2
0.05,0,0,permuted,dy,y,-0.514066170038,1
0.05,0,0,permuted,dy,x2,0.0252590920013,0
0.05,0,0,permuted,dy,xy,0.0284586515771,0
0.05,0,0,permuted,dy,y2,-0.0840838099842,0
0.05,0,0,permuted,dy,x3,-0.121549028373,0
0.05,0,0,permuted,dy,x2y,0.597100034231,-1
0.05,0,0,permuted,dy,xy2,0.177028775901,0
0.05,0,0,permuted,dy,y3,0.445030690241,-1
0.05,0.02,0,cubic,dx,1,-0.00375456000806,0
0.05,0.02,0,cubic,dx,x,0.985905020865,1
0.05,0.02,0,cubic,dx,y,-1.98449063793,-2
0.05,0.02,0,cubic,dx,x2,-0.0020221236624,0
0.05,0.02,0,cubic,dx,xy,-0.00115491887835,0
0.05,0.02,0,cubic,dx,y2,0.0108472466073,0
0.05,0.02,0,cubic,dx,x3,-0.986281933567,-1
0.05,0.02,0,cubic,dx,x2y,-0.0462010810029,0
0.05,0.02,0,cubic,dx,xy2,-0.988448104265,-1
0.05,0.02,0,cubic,dx,y3,-0.00867281275527,0
0.05,0.02,0,cubic,dy,1,-0.000865797609113,0
0.05,0.02,0,cubic,dy,x,2.00011112869,2
0.05,0.02,0,cubic,dy,y,0.975469420636,1
0.05,0.02,0,cubic,dy,x2,0.00310356826197,0
0.05,0.02,0,cubic,dy,xy,0.0188797293614,0
0.05,0.02,0,cubic,dy,y2,0.000706606399577,0
0.05,0.02,0,cubic,dy,x3,-0.00107703186155,0
0.05,0.02,0,cubic,dy,x2y,-0.962311689283,-1
0.05,0.02,0,cubic,dy,xy2,0.0045080669886,0
0.05,0.02,0,cubic,dy,y3,-0.977584034323,-1
0.05,0.02,0,affine,dx,1,0.00551750059105,0
0.05,0.02,0,affine,dx,x,0.0149858835128,1
0.05,0.02,0,affine,dx,y,-2.00092053079,-2
0.05,0.02,0,affine,dx,x2,0,0
0.05,0.02,0,affine,dx,xy,0,0
0.05,0.02,0,affine,dx,y2,0,0
0.05,0.02,0,affine,dx,x3,0,-1
0.05,0.02,0,affine,dx,x2y,0,0
0.05,0.02,0,affine,dx,xy2,0,-1
0.05,0.02,0,affine,dx,y3,0,0
0.05,0.02,0,affine,dy,1,0.0206922463401,0
0.05,0.02,0,affine,dy,x,2.00184823392,2
0.05,0.02,0,affine,dy,y,0.0171188273094,1
0.05,0.02,0,affine,dy,x2,0,0
0.05,0.02,0,affine,dy,xy,0,0
0.05,0.02,0,affine,dy,y2,0,0
0.05,0.02,0,affine,dy,x3,0,0
0.05,0.02,0,affine,dy,x2y,0,-1
0.05,0.02,0,affine,dy,xy2,0,0
0.05,0.02,0,affine,dy,y3,0,-1
0.05,0.02,0,permuted,dx,1,-0.245358200658,0
0.05,0.02,0,permuted,dx,x,-0.0745908149835,1
0.05,0.02,0,permuted,dx,y,-0.177182457705,-2
0.05,0.02,0,permuted,dx,x2,0.183657781815,0
0.05,0.02,0,permuted,dx,xy,0.113273154771,0
0.05,0.02,0,permuted,dx,y2,0.162447827944,0
0.05,0.02,0,permuted,dx,x3,0.0321024636049,-1
0.05,0.02,0,permuted,dx,x2y,0.278056107972,0
0.05,0.02,0,permuted,dx,xy2,0.049897914191,-1
0.05,0.02,0,permuted,dx,y3,0.175014993268,0
0.05,0.02,0,permuted,dy,1,0.094577990568,0
0.05,0.02,0,permuted,dy,x,0.188762604564,2
0.05,0.02,0,permuted,dy,y,-0.102862227463,1
0.05,0.02,0,permuted,dy,x2,-0.0769473784984,0
0.05,0.02,0,permuted,dy,xy,-0.0342290735689,0
0.05,0.02,0,permuted,dy,y2,-0.0468465819779,0
0.05,0.02,0,permuted,dy,x3,-0.18666529005,0
0.05,0.02,0,permuted,dy,x2y,0.197014073568,-1
0.05,0.02,0,permuted,dy,xy2,-0.165018970081,0
0.05,0.02,0,permuted,dy,y3,0.0266571277831,-1
0.05,0.02,1,cubic,dx,1,-0.00177023263824,0
0.05,0.02,1,cubic,dx,x,1.01405111495,1
0.05,0.02,1,cubic,dx,y,-2.00790214063,-2
0.05,0.02,1,cubic,dx,x2,0.000276421200854,0
0.05,0.02,1,cubic,dx,xy,-0.00463104036854,0
0.05,0.02,1,cubic,dx,y2,0.00344298931087,0
0.05,0.02,1,cubic,dx,x3,-1.0083885027,-1
0.05,0.02,1,cubic,dx,x2y,-0.0168562032672,0
0.05,0.02,1,cubic,dx,xy2,-1.02671401176,-1
0.05,0.02,1,cubic,dx,y3,0.0150941031872,0
0.05,0.02,1,cubic,dy,1,0.00416116797022,0
0.05,0.02,1,cubic,dy,x,1.97646803197,2
0.05,0.02,1,cubic,dy,y,0.982343790001,1
0.05,0.02,1,cubic,dy,x2,-0.0050851527379,0
0.05,0.02,1,cubic,dy,xy,0.00696922391335,0
0.05,0.02,1,cubic,dy,y2,-0.00231327938725,0
0.05,0.02,1,cubic,dy,x3,0.0233570688021,0
0.05,0.02,1,cubic,dy,x2y,-0.995603487734,-1
0.05,0.02,1,cubic,dy,xy2,0.0114474444635,0
0.05,0.02,1,cubic,dy,y3,-0.975986114588,-1
0.05,0.02,1,affine,dx,1,0.00487635682319,0
0.05,0.02,1,affine,dx,x,0.0171650578176,1
0.05,0.02,1,affine,dx,y,-1.99826162187,-2
0.05,0.02,1,affine,dx,x2,0,0
0.05,0.02,1,affine,dx,xy,0,0
0.05,0.02,1,affine,dx,y2,0,0
0.05,0.02,1,affine,dx,x3,0,-1
0.05,0.02,1,affine,dx,x2y,0,0
0.05,0.02,1,affine,dx,xy2,0,-1
0.05,0.02,1,affine,dx,y3,0,0
0.05,0.02,1,affine,dy,1,0.0202181234176,0
0.05,0.02,1,affine,dy,x,1.999168092,2
0.05,0.02,1,affine,dy,y,0.0170205850245,1
0.05,0.02,1,affine,dy,x2,0,0
0.05,0.02,1,affine,dy,xy,0,0
0.05,0.02,1,affine,dy,y2,0,0
0.05,0.02,1,affine,dy,x3,0,0
0.05,0.02,1,affine,dy,x2y,0,-1
0.05,0.02,1,affine,dy,xy2,0,0
0.05,0.02,1,affine,dy,y3,0,-1
0.05,0.02,1,permuted,dx,1,0.00159811023276,0
0.05,0.02,1,permuted,dx,x,-0.217586166594,1
0.05,0.02,1,permuted,dx,y,0.0231063406489,-2
0.05,0.02,1,permuted,dx,x2,-0.0856034061912,0
0.05,0.02,1,permuted,dx,xy,-0.0555717666567,0
0.05,0.02,1,permuted,dx,y2,-0.113453915043,0
0.05,0.02,1,permuted,dx,x3,0.253133218822,-1
0.05,0.02,1,permuted,dx,x2y,0.00595225718436,0
0.05,0.02,1,permuted,dx,xy2,0.131311460955,-1
0.05,0.02,1,permuted,dx,y3,-0.0130642947943,0
0.05,0.02,1,permuted,dy,1,0.231635906096,0
0.05,0.02,1,permuted,dy,x,-0.200916083218,2
0.05,0.02,1,permuted,dy,y,0.152150210478,1
0.05,0.02,1,permuted,dy,x2,-0.232048062257,0
0.05,0.02,1,permuted,dy,xy,-0.0573934397337,0
0.05,0.02,1,permuted,dy,y2,-0.204386557928,0
0.05,0.02,1,permuted,dy,x3,0.261386123494,0
0.05,0.02,1,permuted,dy,x2y,-0.142013532902,-1
0.05,0.02,1,permuted,dy,xy2,0.0912367568008,0
0.05,0.02,1,permuted,dy,y3,-0.136014220341,-1
0.05,0.02,2,cubic,dx,1,0.00352153495064,0
0.05,0.02,2,cubic,dx,x,0.977298672653,1
0.05,0.02,2,cubic,dx,y,-2.00067987682,-2
0.05,0.02,2,cubic,dx,x2,-0.00751459549851,0
0.05,0.02,2,cubic,dx,xy,0.00978958346452,0
0.05,0.02,2,cubic,dx,y2,0.000187096746839,0
0.05,0.02,2,cubic,dx,x3,-0.979176315092,-1
0.05,0.02,2,cubic,dx,x2y,-0.00549410942073,0
0.05,0.02,2,cubic,dx,xy2,-0.982996789523,-1
0.05,0.02,2,cubic,dx,y3,0.00108484886577,0
0.05,0.02,2,cubic,dy,1,0.00455389767701,0
0.05,0.02,2,cubic,dy,x,1.97631902929,2
0.05,0.02,2,cubic,dy,y,0.971931829391,1
0.05,0.02,2,cubic,dy,x2,-0.00496481467396,0
0.05,0.02,2,cubic,dy,xy,0.015380202948,0
0.05,0.02,2,cubic,dy,y2,-0.00539451750297,0
0.05,0.02,2,cubic,dy,x3,0.021735696702,0
0.05,0.02,2,cubic,dy,x2y,-0.965736393105,-1
0.05,0.02,2,cubic,dy,xy2,0.0202301223153,0
0.05,0.02,2,cubic,dy,y3,-0.968427805956,-1
0.05,0.02,2,affine,dx,1,0.00511291790354,0
0.05,0.02,2,affine,dx,x,0.0158269624017,1
0.05,0.02,2,affine,dx,y,-1.99974528119,-2
0.05,0.02,2,affine,dx,x2,0,0
0.05,0.02,2,affine,dx,xy,0,0
0.05,0.02,2,affine,dx,y2,0,0
0.05,0.02,2,affine,dx,x3,0,-1
0.05,0.02,2,affine,dx,x2y,0,0
0.05,0.02,2,affine,dx,xy2,0,-1
0.05,0.02,2,affine,dx,y3,0,0
0.05,0.02,2,affine,dy,1,0.0181628213934,0
0.05,0.02,2,affine,dy,x,1.99881256143,2
0.05,0.02,2,affine,dy,y,0.0207162643356,1
0.05,0.02,2,affine,dy,x2,0,0
0.05,0.02,2,affine,dy,xy,0,0
0.05,0.02,2,affine,dy,y2,0,0
0.05,0.02,2,affine,dy,x3,0,0
0.05,0.02,2,affine,dy,x2y,0,-1
0.05,0.02,2,affine,dy,xy2,0,0
0.05,0.02,2,affine,dy,y3,0,-1
0.05,0.02,2,permuted,dx,1,-0.0903740452974,0
0.05,0.02,2,permuted,dx,x,-0.00104099053083,1
0.05,0.02,2,permuted,dx,y,0.00670535338416,-2
0.05,0.02,2,permuted,dx,x2,-0.058397728451,0
0.05,0.02,2,permuted,dx,xy,-0.0331527734716,0
0.05,0.02,2,permuted,dx,y2,0.0560906636223,0
0.05,0.02,2,permuted,dx,x3,0.0833653848474,-1
0.05,0.02,2,permuted,dx,x2y,0.0990943194149,0
0.05,0.02,2,permuted,dx,xy2,-0.0848468050461,-1
0.05,0.02,2,permuted,dx,y3,-0.02121301641,0
0.05,0.02,2,permuted,dy,1,-0.0393225993466,0
0.05,0.02,2,permuted,dy,x,0.056588814153,2
0.05,0.02,2,permuted,dy,y,-0.216329726852,1
0.05,0.02,2,permuted,dy,x2,0.169096663196,0
0.05,0.02,2,permuted,dy,xy,0.00626905901325,0
0.05,0.02,2,permuted,dy,y2,-0.00380927223947,0
0.05,0.02,2,permuted,dy,x3,-0.0424759416904,0
0.05,0.02,2,permuted,dy,x2y,0.231302747134,-1
0.05,0.02,2,permuted,dy,xy2,0.00100390090033,0
0.05,0.02,2,permuted,dy,y3,0.215569349428,-1
0.05,0.02,3,cubic,dx,1,0.00517528499065,0
0.05,0.02,3,cubic,dx,x,0.971297408277,1
0.05,0.02,3,cubic,dx,y,-2.00337026949,-2
0.05,0.02,3,cubic,dx,x2,-0.00601409688263,0
0.05,0.02,3,cubic,dx,xy,0.0145368810456,0
0.05,0.02,3,cubic,dx,y2,-0.00867956116999,0
0.05,0.02,3,cubic,dx,x3,-0.959277140467,-1
0.05,0.02,3,cubic,dx,x2y,0.00235535370228,0
0.05,0.02,3,cubic,dx,xy2,-0.996637044193,-1
0.05,0.02,3,cubic,dx,y3,0.0041226413255,0
0.05,0.02,3,cubic,dy,1,0.00946642569434,0
0.05,0.02,3,cubic,dy,x,1.99579536062,2
0.05,0.02,3,cubic,dy,y,0.95785409918,1
0.05,0.02,3,cubic,dy,x2,-0.00839375610711,0
0.05,0.02,3,cubic,dy,xy,-0.00442886333077,0
0.05,0.02,3,cubic,dy,y2,-0.0114046068657,0
0.05,0.02,3,cubic,dy,x3,0.00858706036797,0
0.05,0.02,3,cubic,dy,x2y,-0.961409155378,-1
0.05,0.02,3,cubic,dy,xy2,-0.00787293776533,0
0.05,0.02,3,cubic,dy,y3,-0.956662096523,-1
0.05,0.02,3,affine,dx,1,0.00300017804398,0
0.05,0.02,3,affine,dx,x,0.0185010000054,1
0.05,0.02,3,affine,dx,y,-1.99882426699,-2
0.05,0.02,3,affine,dx,x2,0,0
0.05,0.02,3,affine,dx,xy,0,0
0.05,0.02,3,affine,dx,y2,0,0
0.05,0.02,3,affine,dx,x3,0,-1
0.05,0.02,3,affine,dx,x2y,0,0
0.05,0.02,3,affine,dx,xy2,0,-1
0.05,0.02,3,affine,dx,y3,0,0
0.05,0.02,3,affine,dy,1,0.0193757604794,0
0.05,0.02,3,affine,dy,x,2.00110448312,2
0.05,0.02,3,affine,dy,y,0.0146749586444,1
0.05,0.02,3,affine,dy,x2,0,0
0.05,0.02,3,affine,dy,xy,0,0
0.05,0.02,3,affine,dy,y2,0,0
0.05,0.02,3,affine,dy,x3,0,0
0.05,0.02,3,affine,dy,x2y,0,-1
0.05,0.02,3,affine,dy,xy2,0,0
0.05,0.02,3,affine,dy,y3,0,-1
0.05,0.02,3,permuted,dx,1,-0.0853034394633,0
0.05,0.02,3,permuted,dx,x,-0.0936953630926,1
0.05,0.02,3,permuted,dx,y,0.190571444408,-2
0.05,0.02,3,permuted,dx,x2,0.00852926764245,0
0.05,0.02,3,permuted,dx,xy,-0.0704484554758,0
0.05,0.02,3,permuted,dx,y2,-0.0335155776831,0
0.05,0.02,3,permuted,dx,x3,0.115097522038,-1
0.05,0.02,3,permuted,dx,x2y,-0.272088131451,0
0.05,0.02,3,permuted,dx,xy2,0.032295073531,-1
0.05,0.02,3,permuted,dx,y3,-0.119772607079,0
0.05,0.02,3,permuted,dy,1,0.203785579559,0
0.05,0.02,3,permuted,dy,x,0.00136878116481,2
0.05,0.02,3,permuted,dy,y,0.0641247119789,1
0.05,0.02,3,permuted,dy,x2,-0.0947162600231,0
0.05,0.02,3,permuted,dy,xy,0.0969386420765,0
0.05,0.02,3,permuted,dy,y2,-0.275080746187,0
0.05,0.02,3,permuted,dy,x3,0.0242089926198,0
0.05,0.02,3,permuted,dy,x2y,-0.108828091704,-1
0.05,0.02,3,permuted,dy,xy2,-0.0797001022965,0
0.05,0.02,3,permuted,dy,y3,-0.116711440924,-1
0.05,0.02,4,cubic,dx,1,0.00265357826451,0
0.05,0.02,4,cubic,dx,x,0.993326518725,1
0.05,0.02,4,cubic,dx,y,-2.0147788969,-2
0.05,0.02,4,cubic,dx,x2,-0.00751383926263,0
0.05,0.02,4,cubic,dx,xy,0.00502667104436,0
0.05,0.02,4,cubic,dx,y2,0.00177935217448,0
0.05,0.02,4,cubic,dx,x3,-0.989511825146,-1
0.05,0.02,4,cubic,dx,x2y,0.0347060469968,0
0.05,0.02,4,cubic,dx,xy2,-1.00017005762,-1
0.05,0.02,4,cubic,dx,y3,0.00888520842358,0
0.05,0.02,4,cubic,dy,1,0.00177842686613,0
0.05,0.02,4,cubic,dy,x,2.00100021934,2
0.05,0.02,4,cubic,dy,y,0.983693102412,1
0.05,0.02,4,cubic,dy,x2,-0.00562328257309,0
0.05,0.02,4,cubic,dy,xy,0.00812002427192,0
0.05,0.02,4,cubic,dy,y2,0.0029049766061,0
0.05,0.02,4,cubic,dy,x3,0.00135433416704,0
0.05,0.02,4,cubic,dy,x2y,-0.974399240323,-1
0.05,0.02,4,cubic,dy,xy2,-0.00451344515848,0
0.05,0.02,4,cubic,dy,y3,-0.987078952001,-1
0.05,0.02,4,affine,dx,1,0.00478339349935,0
0.05,0.02,4,affine,dx,x,0.0192490380213,1
0.05,0.02,4,affine,dx,y,-1.99881387863,-2
0.05,0.02,4,affine,dx,x2,0,0
0.05,0.02,4,affine,dx,xy,0,0
0.05,0.02,4,affine,dx,y2,0,0
0.05,0.02,4,affine,dx,x3,0,-1
0.05,0.02,4,affine,dx,x2y,0,0
0.05,0.02,4,affine,dx,xy2,0,-1
0.05,0.02,4,affine,dx,y3,0,0
0.05,0.02,4,affine,dy,1,0.020075846508,0
0.05,0.02,4,affine,dy,x,2.00176934732,2
0.05,0.02,4,affine,dy,y,0.0135332961554,1
0.05,0.02,4,affine,dy,x2,0,0
0.05,0.02,4,affine,dy,xy,0,0
0.05,0.02,4,affine,dy,y2,0,0
0.05,0.02,4,affine,dy,x3,0,0
0.05,0.02,4,affine,dy,x2y,0,-1
0.05,0.02,4,affine,dy,xy2,0,0
0.05,0.02,4,affine,dy,y3,0,-1
0.05,0.02,4,permuted,dx,1,-0.160930975808,0
0.05,0.02,4,permuted,dx,x,-0.369042067003,1
0.05,0.02,4,permuted,dx,y,-0.308147566243,-2
0.05,0.02,4,permuted,dx,x2,0.0504603150231,0
0.05,0.02,4,permuted,dx,xy,0.0206508961259,0
0.05,0.02,4,permuted,dx,y2,0.120432305602,0
0.05,0.02,4,permuted,dx,x3,0.339504279833,-1
0.05,0.02,4,permuted,dx,x2y,0.0797439513729,0
0.05,0.02,4,permuted,dx,xy2,0.42910983554,-1
0.05,0.02,4,permuted,dx,y3,0.301294304518,0
0.05,0.02,4,permuted,dy,1,-0.0649623984803,0
0.05,0.02,4,permuted,dy,x,0.228169010231,2
0.05,0.02,4,permuted,dy,y,-7.54568022826e-05,1
0.05,0.02,4,permuted,dy,x2,0.0945417639605,0
0.05,0.02,4,permuted,dy,xy,-0.0969489782394,0
0.05,0.02,4,permuted,dy,y2,0.110793375753,0
0.05,0.02,4,permuted,dy,x3,-0.112274602797,0
0.05,0.02,4,permuted,dy,x2y,-0.0136278942761,-1
0.05,0.02,4,permuted,dy,xy2,-0.349103665944,0
0.05,0.02,4,permuted,dy,y3,0.0342150527754,-1
0.05,0.02,5,cubic,dx,1,0.00788031057983,0
0.05,0.02,5,cubic,dx,x,0.971031631164,1
0.05,0.02,5,cubic,dx,y,-2.01789953223,-2
0.05,0.02,5,cubic,dx,x2,-0.011497472017,0
0.05,0.02,5,cubic,dx,xy,0.00525665157165,0
0.05,0.02,5,cubic,dx,y2,-0.00492085963648,0
0.05,0.02,5,cubic,dx,x3,-0.972606596707,-1
0.05,0.02,5,cubic,dx,x2y,0.0122886302276,0
0.05,0.02,5,cubic,dx,xy2,-0.962921726402,-1
0.05,0.02,5,cubic,dx,y3,0.0246767459702,0
0.05,0.02,5,cubic,dy,1,0.00769075567893,0
0.05,0.02,5,cubic,dy,x,1.99418492282,2
0.05,0.02,5,cubic,dy,y,0.987868402802,1
0.05,0.02,5,cubic,dy,x2,-0.00538703100344,0
0.05,0.02,5,cubic,dy,xy,0.000475027110564,0
0.05,0.02,5,cubic,dy,y2,-0.00909281292443,0
0.05,0.02,5,cubic,dy,x3,0.00719429807583,0
0.05,0.02,5,cubic,dy,x2y,-0.993335048542,-1
0.05,0.02,5,cubic,dy,xy2,0.0146732802899,0
0.05,0.02,5,cubic,dy,y3,-0.985369073932,-1
0.05,0.02,5,affine,dx,1,0.00457937440541,0
0.05,0.02,5,affine,dx,x,0.0204127985557,1
0.05,0.02,5,affine,dx,y,-1.99544182744,-2
0.05,0.02,5,affine,dx,x2,0,0
0.05,0.02,5,affine,dx,xy,0,0
0.05,0.02,5,affine,dx,y2,0,0
0.05,0.02,5,affine,dx,x3,0,-1
0.05,0.02,5,affine,dx,x2y,0,0
0.05,0.02,5,affine,dx,xy2,0,-1
0.05,0.02,5,affine,dx,y3,0,0
0.05,0.02,5,affine,dy,1,0.020691979802,0
0.05,0.02,5,affine,dy,x,2.004209883,2
0.05,0.02,5,affine,dy,y,0.0160988124236,1
0.05,0.02,5,affine,dy,x2,0,0
0.05,0.02,5,affine,dy,xy,0,0
0.05,0.02,5,affine,dy,y2,0,0
0.05,0.02,5,affine,dy,x3,0,0
0.05,0.02,5,affine,dy,x2y,0,-1
0.05,0.02,5,affine,dy,xy2,0,0
0.05,0.02,5,affine,dy,y3,0,-1
0.05,0.02,5,permuted,dx,1,0.0372328784614,0
0.05,0.02,5,permuted,dx,x,-0.00740171131267,1
0.05,0.02,5,permuted,dx,y,-0.104558163866,-2
0.05,0.02,5,permuted,dx,x2,-0.143224846022,0
0.05,0.02,5,permuted,dx,xy,0.150522810169,0
0.05,0.02,5,permuted,dx,y2,-0.133354455963,0
0.05,0.02,5,permuted,dx,x3,0.11136941635,-1
0.05,0.02,5,permuted,dx,x2y,0.156048315219,0
0.05,0.02,5,permuted,dx,xy2,-0.299660956449,-1
0.05,0.02,5,permuted,dx,y3,0.111283955874,0
0.05,0.02,5,permuted,dy,1,0.15432336843,0
0.05,0.02,5,permuted,dy,x,-0.0219201184449,2
0.05,0.02,5,permuted,dy,y,0.320578430686,1
0.05,0.02,5,permuted,dy,x2,-0.091094087756,0
0.05,0.02,5,permuted,dy,xy,-0.0499891721435,0
0.05,0.02,5,permuted,dy,y2,-0.18808458759,0
0.05,0.02,5,permuted,dy,x3,0.0415094339024,0
0.05,0.02,5,permuted,dy,x2y,-0.418817595419,-1
0.05,0.02,5,permuted,dy,xy2,-0.272228741691,0
0.05,0.02,5,permuted,dy,y3,-0.288216170671,-1
0.05,0.02,6,cubic,dx,1,-0.00982997807719,0
0.05,0.02,6,cubic,dx,x,0.988634665022,1
0.05,0.02,6,cubic,dx,y,-1.99253713256,-2
0.05,0.02,6,cubic,dx,x2,0.00654866702048,0
0.05,0.02,6,cubic,dx,xy,0.00452069338578,0
0.05,0.02,6,cubic,dx,y2,0.0145936556916,0
0.05,0.02,6,cubic,dx,x3,-0.992664204179,-1
0.05,0.02,6,cubic,dx,x2y,-0.033398453063,0
0.05,0.02,6,cubic,dx,xy2,-0.985669751658,-1
0.05,0.02,6,cubic,dx,y3,0.00169217399939,0
0.05,0.02,6,cubic,dy,1,-0.00810534052786,0
0.05,0.02,6,cubic,dy,x,2.01011803678,2
0.05,0.02,6,cubic,dy,y,1.00696111492,1
0.05,0.02,6,cubic,dy,x2,0.00452870564823,0
0.05,0.02,6,cubic,dy,xy,-0.00255125264767,0
0.05,0.02,6,cubic,dy,y2,0.0099713835436,0
0.05,0.02,6,cubic,dy,x3,-0.0175788651262,0
0.05,0.02,6,cubic,dy,x2y,-1.00425121315,-1
0.05,0.02,6,cubic,dy,xy2,0.0181012963744,0
0.05,0.02,6,cubic,dy,y3,-1.00846626136,-1
0.05,0.02,6,affine,dx,1,0.00555320009076,0
0.05,0.02,6,affine,dx,x,0.0166617126185,1
0.05,0.02,6,affine,dx,y,-1.99834875071,-2
0.05,0.02,6,affine,dx,x2,0,0
0.05,0.02,6,affine,dx,xy,0,0
0.05,0.02,6,affine,dx,y2,0,0
0.05,0.02,6,affine,dx,x3,0,-1
0.05,0.02,6,affine,dx,x2y,0,0
0.05,0.02,6,affine,dx,xy2,0,-1
0.05,0.02,6,affine,dx,y3,0,0
0.05,0.02,6,affine,dy,1,0.0184617518194,0
0.05,0.02,6,affine,dy,x,2.00319441742,2
0.05,0.02,6,affine,dy,y,0.0160014553836,1
0.05,0.02,6,affine,dy,x2,0,0
0.05,0.02,6,affine,dy,xy,0,0
0.05,0.02,6,affine,dy,y2,0,0
0.05,0.02,6,affine,dy,x3,0,0
0.05,0.02,6,affine,dy,x2y,0,-1
0.05,0.02,6,affine,dy,xy2,0,0
0.05,0.02,6,affine,dy,y3,0,-1
0.05,0.02,6,permuted,dx,1,-0.176159619512,0
0.05,0.02,6,permuted,dx,x,-0.144199155064,1
0.05,0.02,6,permuted,dx,y,0.335796535277,-2
0.05,0.02,6,permuted,dx,x2,0.0031781791167,0
0.05,0.02,6,permuted,dx,xy,0.00158469954983,0
0.05,0.02,6,permuted,dx,y2,0.170276496362,0
0.05,0.02,6,permuted,dx,x3,0.155773045054,-1
0.05,0.02,6,permuted,dx,x2y,-0.364907832178,0
0.05,0.02,6,permuted,dx,xy2,-0.0211189670603,-1
0.05,0.02,6,permuted,dx,y3,-0.334978579989,0
0.05,0.02,6,permuted,dy,1,-0.16916047944,0
0.05,0.02,6,permuted,dy,x,0.014440202764,2
0.05,0.02,6,permuted,dy,y,0.544927279959,1
0.05,0.02,6,permuted,dy,x2,0.149633021596,0
0.05,0.02,6,permuted,dy,xy,0.056424131553,0
0.05,0.02,6,permuted,dy,y2,0.257847768035,0
0.05,0.02,6,permuted,dy,x3,-0.000833149035196,0
0.05,0.02,6,permuted,dy,x2y,-0.455177573093,-1
0.05,0.02,6,permuted,dy,xy2,0.0031195704905,0
0.05,0.02,6,permuted,dy,y3,-0.486980427743,-1
0.05,0.02,7,cubic,dx,1,-0.00568036455587,0
0.05,0.02,7,cubic,dx,x,1.02717281709,1
0.05,0.02,7,cubic,dx,y,-2.009070513,-2
0.05,0.02,7,cubic,dx,x2,0.00598201130148,0
0.05,0.02,7,cubic,dx,xy,-0.00782702195069,0
0.05,0.02,7,cubic,dx,y2,0.00126405267112,0
0.05,0.02,7,cubic,dx,x3,-1.02221419865,-1
0.05,0.02,7,cubic,dx,x2y,0.00951022153298,0
0.05,0.02,7,cubic,dx,xy2,-1.03498569185,-1
0.05,0.02,7,cubic,dx,y3,0.0136596218021,0
0.05,0.02,7,cubic,dy,1,0.00178835805883,0
0.05,0.02,7,cubic,dy,x,2.00520606325,2
0.05,0.02,7,cubic,dy,y,0.986346613818,1
0.05,0.02,7,cubic,dy,x2,-0.00282362489261,0
0.05,0.02,7,cubic,dy,xy,-0.00542425073137,0
0.05,0.02,7,cubic,dy,y2,0.00513833265223,0
0.05,0.02,7,cubic,dy,x3,-0.00993957534135,0
0.05,0.02,7,cubic,dy,x2y,-0.978095347777,-1
0.05,0.02,7,cubic,dy,xy2,0.00331199189531,0
0.05,0.02,7,cubic,dy,y3,-0.994478865929,-1
0.05,0.02,7,affine,dx,1,0.00317183456468,0
0.05,0.02,7,affine,dx,x,0.0202361084135,1
0.05,0.02,7,affine,dx,y,-1.99678287589,-2
0.05,0.02,7,affine,dx,x2,0,0
0.05,0.02,7,affine,dx,xy,0,0
0.05,0.02,7,affine,dx,y2,0,0
0.05,0.02,7,affine,dx,x3,0,-1
0.05,0.02,7,affine,dx,x2y,0,0
0.05,0.02,7,affine,dx,xy2,0,-1
0.05,0.02,7,affine,dx,y3,0,0
0.05,0.02,7,affine,dy,1,0.0224212512106,0
0.05,0.02,7,affine,dy,x,1.99912580788,2
0.05,0.02,7,affine,dy,y,0.00975860228281,1
0.05,0.02,7,affine,dy,x2,0,0
0.05,0.02,7,affine,dy,xy,0,0
0.05,0.02,7,affine,dy,y2,0,0
0.05,0.02,7,affine,dy,x3,0,0
0.05,0.02,7,affine,dy,x2y,0,-1
0.05,0.02,7,affine,dy,xy2,0,0
0.05,0.02,7,affine,dy,y3,0,-1
0.05,0.02,7,permuted,dx,1,-0.310804150862,0
0.05,0.02,7,permuted,dx,x,0.130573501227,1
0.05,0.02,7,permuted,dx,y,-0.390125200122,-2
0.05,0.02,7,permuted,dx,x2,0.26328837481,0
0.05,0.02,7,permuted,dx,xy,-0.00197674008687,0
0.05,0.02,7,permuted,dx,y2,0.223912155329,0
0.05,0.02,7,permuted,dx,x3,-0.150601818498,-1
0.05,0.02,7,permuted,dx,x2y,0.559884874098,0
0.05,0.02,7,permuted,dx,xy2,-0.290069814381,-1
0.05,0.02,7,permuted,dx,y3,0.400340353673,0
0.05,0.02,7,permuted,dy,1,-0.248441886684,0
0.05,0.02,7,permuted,dy,x,0.149817238949,2
0.05,0.02,7,permuted,dy,y,0.141828909696,1
0.05,0.02,7,permuted,dy,x2,0.272130439102,0
0.05,0.02,7,permuted,dy,xy,0.0632103615153,0
0.05,0.02,7,permuted,dy,y2,0.320673833055,0
0.05,0.02,7,permuted,dy,x3,-0.0491139921183,0
0.05,0.02,7,permuted,dy,x2y,-0.128085171998,-1
0.05,0.02,7,permuted,dy,xy2,-0.346306337022,0
0.05,0.02,7,permuted,dy,y3,-0.0133967120745,-1
0.05,0.02,8,cubic,dx,1,-0.00135483259552,0
0.05,0.02,8,cubic,dx,x,0.9662289554,1
0.05,0.02,8,cubic,dx,y,-2.00475646278,-2
0.05,0.02,8,cubic,dx,x2,-0.00167888451034,0
0.05,0.02,8,cubic,dx,xy,-0.00897887487794,0
0.05,0.02,8,cubic,dx,y2,0.00545056126592,0
0.05,0.02,8,cubic,dx,x3,-0.960972474089,-1
0.05,0.02,8,cubic,dx,x2y,0.00201381760766,0
0.05,0.02,8,cubic,dx,xy2,-0.988928796031,-1
0.05,0.02,8,cubic,dx,y3,0.0069738714998,0
0.05,0.02,8,cubic,dy,1,0.00735655476065,0
0.05,0.02,8,cubic,dy,x,1.99735312046,2
0.05,0.02,8,cubic,dy,y,0.991515250694,1
0.05,0.02,8,cubic,dy,x2,-0.010756321257,0
0.05,0.02,8,cubic,dy,xy,0.0052878493519,0
0.05,0.02,8,cubic,dy,y2,-0.00351955882988,0
0.05,0.02,8,cubic,dy,x3,0.00737165906455,0
0.05,0.02,8,cubic,dy,x2y,-1.00395779459,-1
0.05,0.02,8,cubic,dy,xy2,0.00105743817751,0
0.05,0.02,8,cubic,dy,y3,-0.985332794379,-1
0.05,0.02,8,affine,dx,1,0.00555627953028,0
0.05,0.02,8,affine,dx,x,0.015222318881,1
0.05,0.02,8,affine,dx,y,-1.99872349769,-2
0.05,0.02,8,affine,dx,x2,0,0
0.05,0.02,8,affine,dx,xy,0,0
0.05,0.02,8,affine,dx,y2,0,0
0.05,0.02,8,affine,dx,x3,0,-1
0.05,0.02,8,affine,dx,x2y,0,0
0.05,0.02,8,affine,dx,xy2,0,-1
0.05,0.02,8,affine,dx,y3,0,0
0.05,0.02,8,affine,dy,1,0.0206671659421,0
0.05,0.02,8,affine,dy,x,2.00344419527,2
0.05,0.02,8,affine,dy,y,0.0178025087745,1
0.05,0.02,8,affine,dy,x2,0,0
0.05,0.02,8,affine,dy,xy,0,0
0.05,0.02,8,affine,dy,y2,0,0
0.05,0.02,8,affine,dy,x3,0,0
0.05,0.02,8,affine,dy,x2y,0,-1
0.05,0.02,8,affine,dy,xy2,0,0
0.05,0.02,8,affine,dy,y3,0,-1
0.05,0.02,8,permuted,dx,1,0.173355823247,0
0.05,0.02,8,permuted,dx,x,-0.516396248645,1
0.05,0.02,8,permuted,dx,y,0.110707533149,-2
0.05,0.02,8,permuted,dx,x2,-0.303244108732,0
0.05,0.02,8,permuted,dx,xy,0.0212105456782,0
0.05,0.02,8,permuted,dx,y2,-0.270138138376,0
0.05,0.02,8,permuted,dx,x3,0.614848511518,-1
0.05,0.02,8,permuted,dx,x2y,-0.362252635331,0
0.05,0.02,8,permuted,dx,xy2,0.318346273052,-1
0.05,0.02,8,permuted,dx,y3,-0.0681462171152,0
0.05,0.02,8,permuted,dy,1,-0.122185390454,0
0.05,0.02,8,permuted,dy,x,0.183853393793,2
0.05,0.02,8,permuted,dy,y,0.492107246318,1
0.05,0.02,8,permuted,dy,x2,0.147785583828,0
0.05,0.02,8,permuted,dy,xy,-0.0937116367665,0
0.05,0.02,8,permuted,dy,y2,0.166718888031,0
0.05,0.02,8,permuted,dy,x3,-0.169145653391,0
0.05,0.02,8,permuted,dy,x2y,-0.456151276767,-1
0.05,0.02,8,permuted,dy,xy2,-0.111858023686,0
0.05,0.02,8,permuted,dy,y3,-0.521601082521,-1
0.05,0.02,9,cubic,dx,1,0.00835023063662,0
0.05,0.02,9,cubic,dx,x,0.988504554214,1
0.05,0.02,9,cubic,dx,y,-1.99821129758,-2
0.05,0.02,9,cubic,dx,x2,-0.00448941489852,0
0.05,0.02,9,cubic,dx,xy,0.00781459372193,0
0.05,0.02,9,cubic,dx,y2,-0.00692380068669,0
0.05,0.02,9,cubic,dx,x3,-0.985952228848,-1
0.05,0.02,9,cubic,dx,x2y,-0.0162688301838,0
0.05,0.02,9,cubic,dx,xy2,-1.00527842737,-1
0.05,0.02,9,cubic,dx,y3,0.00561697356813,0
0.05,0.02,9,cubic,dy,1,-0.00501039089947,0
0.05,0.02,9,cubic,dy,x,2.03815868822,2
0.05,0.02,9,cubic,dy,y,1.00187679357,1
0.05,0.02,9,cubic,dy,x2,0.00235565709372,0
0.05,0.02,9,cubic,dy,xy,-0.00114789464336,0
0.05,0.02,9,cubic,dy,y2,0.0064365722713,0
0.05,0.02,9,cubic,dy,x3,-0.0383534350036,0
0.05,0.02,9,cubic,dy,x2y,-1.02027820291,-1
0.05,0.02,9,cubic,dy,xy2,-0.0343509539523,0
0.05,0.02,9,cubic,dy,y3,-0.99289677941,-1
0.05,0.02,9,affine,dx,1,0.00748768558148,0
0.05,0.02,9,affine,dx,x,0.0160573441041,1
0.05,0.02,9,affine,dx,y,-1.99637771617,-2
0.05,0.02,9,affine,dx,x2,0,0
0.05,0.02,9,affine,dx,xy,0,0
0.05,0.02,9,affine,dx,y2,0,0
0.05,0.02,9,affine,dx,x3,0,-1
0.05,0.02,9,affine,dx,x2y,0,0
0.05,0.02,9,affine,dx,xy2,0,-1
0.05,0.02,9,affine,dx,y3,0,0
0.05,0.02,9,affine,dy,1,0.0182382503097,0
0.05,0.02,9,affine,dy,x,2.00302423417,2
0.05,0.02,9,affine,dy,y,0.0169220493953,1
0.05,0.02,9,affine,dy,x2,0,0
0.05,0.02,9,affine,dy,xy,0,0
0.05,0.02,9,affine,dy,y2,0,0
0.05,0.02,9,affine,dy,x3,0,0
0.05,0.02,9,affine,dy,x2y,0,-1
0.05,0.02,9,affine,dy,xy2,0,0
0.05,0.02,9,affine,dy,y3,0,-1
0.05,0.02,9,permuted,dx,1,-0.159771132195,0
0.05,0.02,9,permuted,dx,x,0.0864908474639,1
0.05,0.02,9,permuted,dx,y,0.152520404744,-2
0.05,0.02,9,permuted,dx,x2,0.117489019331,0
0.05,0.02,9,permuted,dx,xy,0.0414082876461,0
0.05,0.02,9,permuted,dx,y2,0.0298608539202,0
0.05,0.02,9,permuted,dx,x3,-0.0671702377407,-1
0.05,0.02,9,permuted,dx,x2y,0.0113684654293,0
0.05,0.02,9,permuted,dx,xy2,-0.139342998531,-1
0.05,0.02,9,permuted,dx,y3,-0.208067673134,0
0.05,0.02,9,permuted,dy,1,0.0719735903745,0
0.05,0.02,9,permuted,dy,x,-0.159633892889,2
0.05,0.02,9,permuted,dy,y,-0.00149049509521,1
0.05,0.02,9,permuted,dy,x2,-0.0525676094172,0
0.05,0.02,9,permuted,dy,xy,0.126881005964,0
0.05,0.02,9,permuted,dy,y2,-0.0352466521733,0
0.05,0.02,9,permuted,dy,x3,0.192199504522,0
0.05,0.02,9,permuted,dy,x2y,-0.223985181281,-1
0.05,0.02,9,permuted,dy,xy2,0.180605945552,0
0.05,0.02,9,permuted,dy,y3,0.0819417966544,-1
0.05,0.05,0,cubic,dx,1,-0.00917997336306,0
0.05,0.05,0,cubic,dx,x,0.938777993199,1
0.05,0.05,0,cubic,dx,y,-1.9809446237,-2
0.05,0.05,0,cubic,dx,x2,-0.00540158354613,0
0.05,0.05,0,cubic,dx,xy,-0.000309230813045,0
0.05,0.05,0,cubic,dx,y2,0.0278258034261,0
0.05,0.05,0,cubic,dx,x3,-0.936696464248,-1
0.05,0.05,0,cubic,dx,x2y,-0.0948271463607,0
0.05,0.05,0,cubic,dx,xy2,-0.941838646583,-1
0.05,0.05,0,cubic,dx,y3,-0.000477421340316,0
0.05,0.05,0,cubic,dy,1,0.000256931440047,0
0.05,0.05,0,cubic,dy,x,2.02760449354,2
0.05,0.05,0,cubic,dy,y,0.919861391954,1
0.05,0.05,0,cubic,dy,x2,0.00562997362163,0
0.05,0.05,0,cubic,dy,xy,0.0440132093653,0
0.05,0.05,0,cubic,dy,y2,-0.000430815768675,0
0.05,0.05,0,cubic,dy,x3,-0.0319887684321,0
0.05,0.05,0,cubic,dy,x2y,-0.88283364885,-1
0.05,0.05,0,cubic,dy,xy2,-0.0157364949914,0
0.05,0.05,0,cubic,dy,y3,-0.922844147266,-1
0.05,0.05,0,affine,dx,1,0.00643928906084,0
0.05,0.05,0,affine,dx,x,0.011447478815,1
0.05,0.05,0,affine,dx,y,-2.00292911866,-2
0.05,0.05,0,affine,dx,x2,0,0
0.05,0.05,0,affine,dx,xy,0,0
0.05,0.05,0,affine,dx,y2,0,0
0.05,0.05,0,affine,dx,x3,0,-1
0.05,0.05,0,affine,dx,x2y,0,0
0.05,0.05,0,affine,dx,xy2,0,-1
0.05,0.05,0,affine,dx,y3,0,0
0.05,0.05,0,affine,dy,1,0.0217116685623,0
0.05,0.05,0,affine,dy,x,2.00132267476,2
0.05,0.05,0,affine,dy,y,0.020054903868,1
0.05,0.05,0,affine,dy,x2,0,0
0.05,0.05,0,affine,dy,xy,0,0
0.05,0.05,0,affine,dy,y2,0,0
0.05,0.05,0,affine,dy,x3,0,0
0.05,0.05,0,affine,dy,x2y,0,-1
0.05,0.05,0,affine,dy,xy2,0,0
0.05,0.05,0,affine,dy,y3,0,-1
0.05,0.05,0,permuted,dx,1,-0.139970070352,0
0.05,0.05,0,permuted,dx,x,0.360315000057,1
0.05,0.05,0,permuted,dx,y,0.172876015556,-2
0.05,0.05,0,permuted,dx,x2,0.0819980219054,0
0.05,0.05,0,permuted,dx,xy,0.0529912858334,0
0.05,0.05,0,permuted,dx,y2,0.0196410462688,0
0.05,0.05,0,permuted,dx,x3,-0.415715819183,-1
0.05,0.05,0,permuted,dx,x2y,-0.297338177628,0
0.05,0.05,0,permuted,dx,xy2,-0.346490475044,-1
0.05,0.05,0,permuted,dx,y3,-0.152732809491,0
0.05,0.05,0,permuted,dy,1,-0.221146619512,0
0.05,0.05,0,permuted,dy,x,0.0537004796567,2
0.05,0.05,0,permuted,dy,y,-0.00927962449231,1
0.05,0.05,0,permuted,dy,x2,0.197581613442,0
0.05,0.05,0,permuted,dy,xy,0.110474495808,0
0.05,0.05,0,permuted,dy,y2,0.36413655404,0
0.05,0.05,0,permuted,dy,x3,-0.115722937506,0
0.05,0.05,0,permuted,dy,x2y,0.125713233654,-1
0.05,0.05,0,permuted,dy,xy2,0.179357828288,0
0.05,0.05,0,permuted,dy,y3,-0.0747889893452,-1
0.05,0.05,1,cubic,dx,1,-0.000215117174268,0
0.05,0.05,1,cubic,dx,x,1.01083631204,1
0.05,0.05,1,cubic,dx,y,-2.04040764889,-2
0.05,0.05,1,cubic,dx,x2,-0.00318594057593,0
0.05,0.05,1,cubic,dx,xy,-0.00963516790182,0
0.05,0.05,1,cubic,dx,y2,0.00454095314746,0
0.05,0.05,1,cubic,dx,x3,-0.994745450805,-1
0.05,0.05,1,cubic,dx,x2y,-0.0193178628622,0
0.05,0.05,1,cubic,dx,xy2,-1.03565580127,-1
0.05,0.05,1,cubic,dx,y3,0.0588648469151,0
0.05,0.05,1,cubic,dy,1,0.0116145008067,0
0.05,0.05,1,cubic,dy,x,1.9755547677,2
0.05,0.05,1,cubic,dy,y,0.942196156573,1
0.05,0.05,1,cubic,dy,x2,-0.0142555132724,0
0.05,0.05,1,cubic,dy,xy,0.0138475766501,0
0.05,0.05,1,cubic,dy,y2,-0.00657943417154,0
0.05,0.05,1,cubic,dy,x3,0.0213812890376,0
0.05,0.05,1,cubic,dy,x2y,-0.972739281478,-1
0.05,0.05,1,cubic,dy,xy2,-0.00414632768056,0
0.05,0.05,1,cubic,dy,y3,-0.923732713851,-1
0.05,0.05,1,affine,dx,1,0.00484164035261,0
0.05,0.05,1,affine,dx,x,0.0168972216343,1
0.05,0.05,1,affine,dx,y,-1.99642080119,-2
0.05,0.05,1,affine,dx,x2,0,0
0.05,0.05,1,affine,dx,xy,0,0
0.05,0.05,1,affine,dx,y2,0,0
0.05,0.05,1,affine,dx,x3,0,-1
0.05,0.05,1,affine,dx,x2y,0,0
0.05,0.05,1,affine,dx,xy2,0,-1
0.05,0.05,1,affine,dx,y3,0,0
0.05,0.05,1,affine,dy,1,0.0205226591273,0
0.05,0.05,1,affine,dy,x,1.99488209934,2
0.05,0.05,1,affine,dy,y,0.0197757827348,1
0.05,0.05,1,affine,dy,x2,0,0
0.05,0.05,1,affine,dy,xy,0,0
0.05,0.05,1,affine,dy,y2,0,0
0.05,0.05,1,affine,dy,x3,0,0
0.05,0.05,1,affine,dy,x2y,0,-1
0.05,0.05,1,affine,dy,xy2,0,0
0.05,0.05,1,affine,dy,y3,0,-1
0.05,0.05,1,permuted,dx,1,-0.0291526330856,0
0.05,0.05,1,permuted,dx,x,0.0514028792924,1
0.05,0.05,1,permuted,dx,y,0.0462840015966,-2
0.05,0.05,1,permuted,dx,x2,-0.129040288128,0
0.05,0.05,1,permuted,dx,xy,-0.0638924581923,0
0.05,0.05,1,permuted,dx,y2,-0.00104549574843,0
0.05,0.05,1,permuted,dx,x3,-0.0151774964872,-1
0.05,0.05,1,permuted,dx,x2y,0.146110508225,0
0.05,0.05,1,permuted,dx,xy2,0.111206165389,-1
0.05,0.05,1,permuted,dx,y3,-0.139473252305,0
0.05,0.05,1,permuted,dy,1,-0.0379605173974,0
0.05,0.05,1,permuted,dy,x,0.0150295288944,2
0.05,0.05,1,permuted,dy,y,0.179828504535,1
0.05,0.05,1,permuted,dy,x2,-0.00560573588007,0
0.05,0.05,1,permuted,dy,xy,-0.0386283488463,0
0.05,0.05,1,permuted,dy,y2,0.153619757304,0
0.05,0.05,1,permuted,dy,x3,0.0211448242785,0
0.05,0.05,1,permuted,dy,x2y,-0.171001929352,-1
0.05,0.05,1,permuted,dy,xy2,-0.134124871725,0
0.05,0.05,1,permuted,dy,y3,-0.239612661156,-1
0.05,0.05,2,cubic,dx,1,0.0117149671003,0
0.05,0.05,2,cubic,dx,x,0.922187832799,1
0.05,0.05,2,cubic,dx,y,-2.02401699026,-2
0.05,0.05,2,cubic,dx,x2,-0.0212058640788,0
0.05,0.05,2,cubic,dx,xy,0.0250463641341,0
0.05,0.05,2,cubic,dx,y2,-0.00223936074316,0
0.05,0.05,2,cubic,dx,x3,-0.923518512977,-1
0.05,0.05,2,cubic,dx,x2y,0.00844100574851,0
0.05,0.05,2,cubic,dx,xy2,-0.933768080852,-1
0.05,0.05,2,cubic,dx,y3,0.0265642894129,0
0.05,0.05,2,cubic,dy,1,0.00890243258074,0
0.05,0.05,2,cubic,dy,x,1.971963823,2
0.05,0.05,2,cubic,dy,y,0.908625580807,1
0.05,0.05,2,cubic,dy,x2,-0.00945768003046,0
0.05,0.05,2,cubic,dy,xy,0.0371604533309,0
0.05,0.05,2,cubic,dy,y2,-0.0106279307451,0
0.05,0.05,2,cubic,dy,x3,0.0208801523437,0
0.05,0.05,2,cubic,dy,x2y,-0.887590989348,-1
0.05,0.05,2,cubic,dy,xy2,0.0197408857586,0
0.05,0.05,2,cubic,dy,y3,-0.897624719586,-1
0.05,0.05,2,affine,dx,1,0.00543831579013,0
0.05,0.05,2,affine,dx,x,0.0135370316303,1
0.05,0.05,2,affine,dx,y,-2.00014714137,-2
0.05,0.05,2,affine,dx,x2,0,0
0.05,0.05,2,affine,dx,xy,0,0
0.05,0.05,2,affine,dx,y2,0,0
0.05,0.05,2,affine,dx,x3,0,-1
0.05,0.05,2,affine,dx,x2y,0,0
0.05,0.05,2,affine,dx,xy2,0,-1
0.05,0.05,2,affine,dx,y3,0,0
0.05,0.05,2,affine,dy,1,0.0153878577551,0
0.05,0.05,2,affine,dy,x,1.99395759307,2
0.05,0.05,2,affine,dy,y,0.0290366579734,1
0.05,0.05,2,affine,dy,x2,0,0
0.05,0.05,2,affine,dy,xy,0,0
0.05,0.05,2,affine,dy,y2,0,0
0.05,0.05,2,affine,dy,x3,0,0
0.05,0.05,2,affine,dy,x2y,0,-1
0.05,0.05,2,affine,dy,xy2,0,0
0.05,0.05,2,affine,dy,y3,0,-1
0.05,0.05,2,permuted,dx,1,-0.0973077770948,0
0.05,0.05,2,permuted,dx,x,0.160124924593,1
0.05,0.05,2,permuted,dx,y,0.0483349912466,-2
0.05,0.05,2,permuted,dx,x2,-0.0937528085689,0
0.05,0.05,2,permuted,dx,xy,0.0602322218258,0
0.05,0.05,2,permuted,dx,y2,0.103064132339,0
0.05,0.05,2,permuted,dx,x3,-0.148197398129,-1
0.05,0.05,2,permuted,dx,x2y,-0.0395786811896,0
0.05,0.05,2,permuted,dx,xy2,-0.264016379442,-1
0.05,0.05,2,permuted,dx,y3,-0.0765708156043,0
0.05,0.05,2,permuted,dy,1,-0.00953244595104,0
0.05,0.05,2,permuted,dy,x,-0.0370343290234,2
0.05,0.05,2,permuted,dy,y,0.158339492625,1
0.05,0.05,2,permuted,dy,x2,0.0549341778665,0
0.05,0.05,2,permuted,dy,xy,0.0159375034947,0
0.05,0.05,2,permuted,dy,y2,0.0367263547338,0
0.05,0.05,2,permuted,dy,x3,-0.0862967489469,0
0.05,0.05,2,permuted,dy,x2y,-0.277593758459,-1
0.05,0.05,2,permuted,dy,xy2,0.193075255446,0
0.05,0.05,2,permuted,dy,y3,-0.246172786824,-1
0.05,0.05,3,cubic,dx,1,0.0147443502016,0
0.05,0.05,3,cubic,dx,x,0.905836294333,1
0.05,0.05,3,cubic,dx,y,-2.03017526252,-2
0.05,0.05,3,cubic,dx,x2,-0.0164331146925,0
0.05,0.05,3,cubic,dx,xy,0.0377556058366,0
0.05,0.05,3,cubic,dx,y2,-0.0230581658205,0
0.05,0.05,3,cubic,dx,x3,-0.872962955743,-1
0.05,0.05,3,cubic,dx,x2y,0.0250839462382,0
0.05,0.05,3,cubic,dx,xy2,-0.966143019386,-1
0.05,0.05,3,cubic,dx,y3,0.0339337059991,0
0.05,0.05,3,cubic,dy,1,0.0187717651303,0
0.05,0.05,3,cubic,dy,x,2.02902941804,2
0.05,0.05,3,cubic,dy,y,0.89361228966,1
0.05,0.05,3,cubic,dy,x2,-0.0161617890849,0
0.05,0.05,3,cubic,dy,xy,-0.0138580264385,0
0.05,0.05,3,cubic,dy,y2,-0.0229836878157,0
0.05,0.05,3,cubic,dy,x3,-0.0211466811831,0
0.05,0.05,3,cubic,dy,x2y,-0.903188410715,-1
0.05,0.05,3,cubic,dy,xy2,-0.0564100805408,0
0.05,0.05,3,cubic,dy,y3,-0.887244794621,-1
0.05,0.05,3,affine,dx,1,0.000153908969473,0
0.05,0.05,3,affine,dx,x,0.0202047242898,1
0.05,0.05,3,affine,dx,y,-1.99791478192,-2
0.05,0.05,3,affine,dx,x2,0,0
0.05,0.05,3,affine,dx,xy,0,0
0.05,0.05,3,affine,dx,y2,0,0
0.05,0.05,3,affine,dx,x3,0,-1
0.05,0.05,3,affine,dx,x2y,0,0
0.05,0.05,3,affine,dx,xy2,0,-1
0.05,0.05,3,affine,dx,y3,0,0
0.05,0.05,3,affine,dy,1,0.0184225378945,0
0.05,0.05,3,affine,dy,x,1.99962506964,2
0.05,0.05,3,affine,dy,y,0.0138345995598,1
0.05,0.05,3,affine,dy,x2,0,0
0.05,0.05,3,affine,dy,xy,0,0
0.05,0.05,3,affine,dy,y2,0,0
0.05,0.05,3,affine,dy,x3,0,0
0.05,0.05,3,affine,dy,x2y,0,-1
0.05,0.05,3,affine,dy,xy2,0,0
0.05,0.05,3,affine,dy,y3,0,-1
0.05,0.05,3,permuted,dx,1,0.0139783438028,0
0.05,0.05,3,permuted,dx,x,-0.0453188021339,1
0.05,0.05,3,permuted,dx,y,-0.190350045807,-2
0.05,0.05,3,permuted,dx,x2,-0.0591939461545,0
0.05,0.05,3,permuted,dx,xy,-0.0541147179287,0
0.05,0.05,3,permuted,dx,y2,-0.165649391672,0
0.05,0.05,3,permuted,dx,x3,0.129455549333,-1
0.05,0.05,3,permuted,dx,x2y,0.184684576965,0
0.05,0.05,3,permuted,dx,xy2,-0.0033211451325,-1
0.05,0.05,3,permuted,dx,y3,0.210098291529,0
0.05,0.05,3,permuted,dy,1,-0.0390105778936,0
0.05,0.05,3,permuted,dy,x,-0.00975264850566,2
0.05,0.05,3,permuted,dy,y,0.430970463663,1
0.05,0.05,3,permuted,dy,x2,0.0474705298715,0
0.05,0.05,3,permuted,dy,xy,0.143235821372,0
0.05,0.05,3,permuted,dy,y2,0.0881855828698,0
0.05,0.05,3,permuted,dy,x3,-0.0287802265905,0
0.05,0.05,3,permuted,dy,x2y,-0.234134790219,-1
0.05,0.05,3,permuted,dy,xy2,-0.0287615543497,0
0.05,0.05,3,permuted,dy,y3,-0.424091335036,-1
0.05,0.05,4,cubic,dx,1,0.0117691394613,0
0.05,0.05,4,cubic,dx,x,0.957241771767,1
0.05,0.05,4,cubic,dx,y,-2.06791468466,-2
0.05,0.05,4,cubic,dx,x2,-0.0233087318695,0
0.05,0.05,4,cubic,dx,xy,0.0132304481533,0
0.05,0.05,4,cubic,dx,y2,-0.000431692994531,0
0.05,0.05,4,cubic,dx,x3,-0.944371464652,-1
0.05,0.05,4,cubic,dx,x2y,0.117567921429,0
0.05,0.05,4,cubic,dx,xy2,-0.971717817673,-1
0.05,0.05,4,cubic,dx,y3,0.0548265585138,0
0.05,0.05,4,cubic,dy,1,0.00135879099323,0
0.05,0.05,4,cubic,dy,x,2.03349638245,2
0.05,0.05,4,cubic,dy,y,0.944848030604,1
0.05,0.05,4,cubic,dy,x2,-0.00997682837999,0
0.05,0.05,4,cubic,dy,xy,0.0179794496969,0
0.05,0.05,4,cubic,dy,y2,0.00989853078244,0
0.05,0.05,4,cubic,dy,x3,-0.029926158983,0
0.05,0.05,4,cubic,dy,x2y,-0.919855008603,-1
0.05,0.05,4,cubic,dy,xy2,-0.0418829115896,0
0.05,0.05,4,cubic,dy,y3,-0.950224025028,-1
0.05,0.05,4,affine,dx,1,0.00459138985114,0
0.05,0.05,4,affine,dx,x,0.0221499332398,1
0.05,0.05,4,affine,dx,y,-1.99740512357,-2
0.05,0.05,4,affine,dx,x2,0,0
0.05,0.05,4,affine,dx,xy,0,0
0.05,0.05,4,affine,dx,y2,0,0
0.05,0.05,4,affine,dx,x3,0,-1
0.05,0.05,4,affine,dx,x2y,0,0
0.05,0.05,4,affine,dx,xy2,0,-1
0.05,0.05,4,affine,dx,y3,0,0
0.05,0.05,4,affine,dy,1,0.0201726222402,0
0.05,0.05,4,affine,dy,x,2.00124790926,2
0.05,0.05,4,affine,dy,y,0.0109480698156,1
0.05,0.05,4,affine,dy,x2,0,0
0.05,0.05,4,affine,dy,xy,0,0
0.05,0.05,4,affine,dy,y2,0,0
0.05,0.05,4,affine,dy,x3,0,0
0.05,0.05,4,affine,dy,x2y,0,-1
0.05,0.05,4,affine,dy,xy2,0,0
0.05,0.05,4,affine,dy,y3,0,-1
0.05,0.05,4,permuted,dx,1,-0.183415644358,0
0.05,0.05,4,permuted,dx,x,0.333962838446,1
0.05,0.05,4,permuted,dx,y,0.397013452461,-2
0.05,0.05,4,permuted,dx,x2,0.132484129378,0
0.05,0.05,4,permuted,dx,xy,-0.00752429336765,0
0.05,0.05,4,permuted,dx,y2,0.0434739317709,0
0.05,0.05,4,permuted,dx,x3,-0.237055038247,-1
0.05,0.05,4,permuted,dx,x2y,-0.368815519328,0
0.05,0.05,4,permuted,dx,xy2,-0.477020692255,-1
0.05,0.05,4,permuted,dx,y3,-0.354009433588,0
0.05,0.05,4,permuted,dy,1,0.138353984762,0
0.05,0.05,4,permuted,dy,x,-0.0237943613087,2
0.05,0.05,4,permuted,dy,y,0.105718977428,1
0.05,0.05,4,permuted,dy,x2,-0.110403465774,0
0.05,0.05,4,permuted,dy,xy,-0.0284922592482,0
0.05,0.05,4,permuted,dy,y2,-0.118379210675,0
0.05,0.05,4,permuted,dy,x3,0.0224048709008,0
0.05,0.05,4,permuted,dy,x2y,-0.0691891026783,-1
0.05,0.05,4,permuted,dy,xy2,-0.119507643507,0
0.05,0.05,4,permuted,dy,y3,-0.218813274486,-1
0.05,0.05,5,cubic,dx,1,0.0230377568875,0
0.05,0.05,5,cubic,dx,x,0.90197236732,1
0.05,0.05,5,cubic,dx,y,-2.07253681773,-2
0.05,0.05,5,cubic,dx,x2,-0.0317610347137,0
0.05,0.05,5,cubic,dx,xy,0.0145539574068,0
0.05,0.05,5,cubic,dx,y2,-0.0150790618845,0
0.05,0.05,5,cubic,dx,x3,-0.901819140855,-1
0.05,0.05,5,cubic,dx,x2y,0.0626946264562,0
0.05,0.05,5,cubic,dx,xy2,-0.879603155666,-1
0.05,0.05,5,cubic,dx,y3,0.0897272808161,0
0.05,0.05,5,cubic,dy,1,0.0193172658434,0
0.05,0.05,5,cubic,dy,x,2.02799498889,2
0.05,0.05,5,cubic,dy,y,0.945679877733,1
0.05,0.05,5,cubic,dy,x2,-0.0134996214177,0
0.05,0.05,5,cubic,dy,xy,-0.000533650890911,0
0.05,0.05,5,cubic,dy,y2,-0.0222557076231,0
0.05,0.05,5,cubic,dy,x3,-0.026490272167,0
0.05,0.05,5,cubic,dy,x2y,-0.957651128851,-1
0.05,0.05,5,cubic,dy,xy2,-0.0078437013964,0
0.05,0.05,5,cubic,dy,y3,-0.936046002209,-1
0.05,0.05,5,affine,dx,1,0.00408824535117,0
0.05,0.05,5,affine,dx,x,0.0250501917041,1
0.05,0.05,5,affine,dx,y,-1.98908834552,-2
0.05,0.05,5,affine,dx,x2,0,0
0.05,0.05,5,affine,dx,xy,0,0
0.05,0.05,5,affine,dx,y2,0,0
0.05,0.05,5,affine,dx,x3,0,-1
0.05,0.05,5,affine,dx,x2y,0,0
0.05,0.05,5,affine,dx,xy2,0,-1
0.05,0.05,5,affine,dx,y3,0,0
0.05,0.05,5,affine,dy,1,0.0217128662396,0
0.05,0.05,5,affine,dy,x,2.00744297392,2
0.05,0.05,5,affine,dy,y,0.0174092210466,1
0.05,0.05,5,affine,dy,x2,0,0
0.05,0.05,5,affine,dy,xy,0,0
0.05,0.05,5,affine,dy,y2,0,0
0.05,0.05,5,affine,dy,x3,0,0
0.05,0.05,5,affine,dy,x2y,0,-1
0.05,0.05,5,affine,dy,xy2,0,0
0.05,0.05,5,affine,dy,y3,0,-1
0.05,0.05,5,permuted,dx,1,-0.0354555183482,0
0.05,0.05,5,permuted,dx,x,-0.0201960141887,1
0.05,0.05,5,permuted,dx,y,-0.205825751304,-2
0.05,0.05,5,permuted,dx,x2,-0.0675438911648,0
0.05,0.05,5,permuted,dx,xy,0.0927813315794,0
0.05,0.05,5,permuted,dx,y2,-0.0434233961699,0
0.05,0.05,5,permuted,dx,x3,0.0829980828928,-1
0.05,0.05,5,permuted,dx,x2y,0.293599161619,0
0.05,0.05,5,permuted,dx,xy2,0.138352642374,-1
0.05,0.05,5,permuted,dx,y3,0.178354994716,0
0.05,0.05,5,permuted,dy,1,-0.098008249495,0
0.05,0.05,5,permuted,dy,x,-0.418408504027,2
0.05,0.05,5,permuted,dy,y,-0.00767924354398,1
0.05,0.05,5,permuted,dy,x2,0.117181928107,0
0.05,0.05,5,permuted,dy,xy,0.139330524395,0
0.05,0.05,5,permuted,dy,y2,0.167269169343,0
0.05,0.05,5,permuted,dy,x3,0.496986678376,0
0.05,0.05,5,permuted,dy,x2y,0.107114928124,-1
0.05,0.05,5,permuted,dy,xy2,0.387467750034,0
0.05,0.05,5,permuted,dy,y3,0.0425675522202,-1
0.05,0.05,6,cubic,dx,1,-0.0204988418276,0
0.05,0.05,6,cubic,dx,x,0.949485726505,1
0.05,0.05,6,cubic,dx,y,-2.00719590617,-2
0.05,0.05,6,cubic,dx,x2,0.0128440285003,0
0.05,0.05,6,cubic,dx,xy,0.0131850063225,0
0.05,0.05,6,cubic,dx,y2,0.0327264432248,0
0.05,0.05,6,cubic,dx,x3,-0.956117781259,-1
0.05,0.05,6,cubic,dx,x2y,-0.0553627155606,0
0.05,0.05,6,cubic,dx,xy2,-0.94084818158,-1
0.05,0.05,6,cubic,dx,y3,0.030732314527,0
0.05,0.05,6,cubic,dy,1,-0.021607300037,0
0.05,0.05,6,cubic,dy,x,2.05316732205,2
0.05,0.05,6,cubic,dy,y,0.996052981892,1
0.05,0.05,6,cubic,dy,x2,0.0135656420949,0
0.05,0.05,6,cubic,dy,xy,-0.00779761614805,0
0.05,0.05,6,cubic,dy,y2,0.0262636405945,0
0.05,0.05,6,cubic,dy,x3,-0.0736770450006,0
0.05,0.05,6,cubic,dy,x2y,-0.985310252997,-1
0.05,0.05,6,cubic,dy,xy2,0.0176552426989,0
0.05,0.05,6,cubic,dy,y3,-0.997111382267,-1
0.05,0.05,6,affine,dx,1,0.00653646864052,0
0.05,0.05,6,affine,dx,x,0.015517385032,1
0.05,0.05,6,affine,dx,y,-1.99661442034,-2
0.05,0.05,6,affine,dx,x2,0,0
0.05,0.05,6,affine,dx,xy,0,0
0.05,0.05,6,affine,dx,y2,0,0
0.05,0.05,6,affine,dx,x3,0,-1
0.05,0.05,6,affine,dx,x2y,0,0
0.05,0.05,6,affine,dx,xy2,0,-1
0.05,0.05,6,affine,dx,y3,0,0
0.05,0.05,6,affine,dy,1,0.0161289201939,0
0.05,0.05,6,affine,dy,x,2.00499705025,2
0.05,0.05,6,affine,dy,y,0.0172567848129,1
0.05,0.05,6,affine,dy,x2,0,0
0.05,0.05,6,affine,dy,xy,0,0
0.05,0.05,6,affine,dy,y2,0,0
0.05,0.05,6,affine,dy,x3,0,0
0.05,0.05,6,affine,dy,x2y,0,-1
0.05,0.05,6,affine,dy,xy2,0,0
0.05,0.05,6,affine,dy,y3,0,-1
0.05,0.05,6,permuted,dx,1,-0.134478251847,0
0.05,0.05,6,permuted,dx,x,0.304263449221,1
0.05,0.05,6,permuted,dx,y,-0.0806807418315,-2
0.05,0.05,6,permuted,dx,x2,0.0957392623966,0
0.05,0.05,6,permuted,dx,xy,0.0425875069856,0
0.05,0.05,6,permuted,dx,y2,0.00977921466681,0
0.05,0.05,6,permuted,dx,x3,-0.344539920004,-1
0.05,0.05,6,permuted,dx,x2y,-0.354286056804,0
0.05,0.05,6,permuted,dx,xy2,-0.145309280193,-1
0.05,0.05,6,permuted,dx,y3,0.0651142961965,0
0.05,0.05,6,permuted,dy,1,-0.0652070632868,0
0.05,0.05,6,permuted,dy,x,0.171350256209,2
0.05,0.05,6,permuted,dy,y,-0.308420713702,1
0.05,0.05,6,permuted,dy,x2,0.124560568512,0
0.05,0.05,6,permuted,dy,xy,-0.168416864809,0
0.05,0.05,6,permuted,dy,y2,0.0967485250036,0
0.05,0.05,6,permuted,dy,x3,-0.259597481412,0
0.05,0.05,6,permuted,dy,x2y,0.468233698517,-1
0.05,0.05,6,permuted,dy,xy2,-0.000843753276456,0
0.05,0.05,6,permuted,dy,y3,0.341568844744,-1
0.05,0.05,7,cubic,dx,1,-0.0098753777004,0
0.05,0.05,7,cubic,dx,x,1.04356494953,1
0.05,0.05,7,cubic,dx,y,-2.04471475978,-2
0.05,0.05,7,cubic,dx,x2,0.011342550265,0
0.05,0.05,7,cubic,dx,xy,-0.0164603418643,0
0.05,0.05,7,cubic,dx,y2,-0.00146837653699,0
0.05,0.05,7,cubic,dx,x3,-1.02699596114,-1
0.05,0.05,7,cubic,dx,x2y,0.0475964366482,0
0.05,0.05,7,cubic,dx,xy2,-1.06312857535,-1
0.05,0.05,7,cubic,dx,y3,0.0564040891981,0
0.05,0.05,7,cubic,dy,1,0.0088700667861,0
0.05,0.05,7,cubic,dy,x,2.0362685493,2
0.05,0.05,7,cubic,dy,y,0.942533543082,1
0.05,0.05,7,cubic,dy,x2,-0.0115773190491,0
0.05,0.05,7,cubic,dy,xy,-0.0156288253031,0
0.05,0.05,7,cubic,dy,y2,0.00849502531013,0
0.05,0.05,7,cubic,dy,x3,-0.0499185993918,0
0.05,0.05,7,cubic,dy,x2y,-0.920185392486,-1
0.05,0.05,7,cubic,dy,xy2,-0.0143293897182,0
0.05,0.05,7,cubic,dy,y3,-0.95981797646,-1
0.05,0.05,7,affine,dx,1,0.000598412414955,0
0.05,0.05,7,affine,dx,x,0.024545005885,1
0.05,0.05,7,affine,dx,y,-1.99296053057,-2
0.05,0.05,7,affine,dx,x2,0,0
0.05,0.05,7,affine,dx,xy,0,0
0.05,0.05,7,affine,dx,y2,0,0
0.05,0.05,7,affine,dx,x3,0,-1
0.05,0.05,7,affine,dx,x2y,0,0
0.05,0.05,7,affine,dx,xy2,0,-1
0.05,0.05,7,affine,dx,y3,0,0
0.05,0.05,7,affine,dy,1,0.0260202910354,0
0.05,0.05,7,affine,dy,x,1.99504386432,2
0.05,0.05,7,affine,dy,y,0.00163397142976,1
0.05,0.05,7,affine,dy,x2,0,0
0.05,0.05,7,affine,dy,xy,0,0
0.05,0.05,7,affine,dy,y2,0,0
0.05,0.05,7,affine,dy,x3,0,0
0.05,0.05,7,affine,dy,x2y,0,-1
0.05,0.05,7,affine,dy,xy2,0,0
0.05,0.05,7,affine,dy,y3,0,-1
0.05,0.05,7,permuted,dx,1,-0.169195438458,0
0.05,0.05,7,permuted,dx,x,0.000725575887075,1
0.05,0.05,7,permuted,dx,y,0.175269675985,-2
0.05,0.05,7,permuted,dx,x2,0.0545544012397,0
0.05,0.05,7,permuted,dx,xy,0.0154117296042,0
0.05,0.05,7,permuted,dx,y2,0.098209267864,0
0.05,0.05,7,permuted,dx,x3,-0.103177535578,-1
0.05,0.05,7,permuted,dx,x2y,-0.235673666512,0
0.05,0.05,7,permuted,dx,xy2,0.270978081235,-1
0.05,0.05,7,permuted,dx,y3,-0.089185882855,0
0.05,0.05,7,permuted,dy,1,0.021592034692,0
0.05,0.05,7,permuted,dy,x,-0.43921055753,2
0.05,0.05,7,permuted,dy,y,-0.312701415514,1
0.05,0.05,7,permuted,dy,x2,-0.0207828288903,0
0.05,0.05,7,permuted,dy,xy,0.0860013630742,0
0.05,0.05,7,permuted,dy,y2,0.0711192230541,0
0.05,0.05,7,permuted,dy,x3,0.345953815789,0
0.05,0.05,7,permuted,dy,x2y,0.26474793937,-1
0.05,0.05,7,permuted,dy,xy2,0.412520594502,0
0.05,0.05,7,permuted,dy,y3,0.28813275907,-1
0.05,0.05,8,cubic,dx,1,-0.00149270837208,0
0.05,0.05,8,cubic,dx,x,0.900191442297,1
0.05,0.05,8,cubic,dx,y,-2.03191675464,-2
0.05,0.05,8,cubic,dx,x2,-0.00583092485292,0
0.05,0.05,8,cubic,dx,xy,-0.0206586196131,0
0.05,0.05,8,cubic,dx,y2,0.0123232280042,0
0.05,0.05,8,cubic,dx,x3,-0.883635368773,-1
0.05,0.05,8,cubic,dx,x2y,0.0284718372151,0
0.05,0.05,8,cubic,dx,xy2,-0.955708224752,-1
0.05,0.05,8,cubic,dx,y3,0.0374607390227,0
0.05,0.05,8,cubic,dy,1,0.0214775259896,0
0.05,0.05,8,cubic,dy,x,2.03171995449,2
0.05,0.05,8,cubic,dy,y,0.960024625314,1
0.05,0.05,8,cubic,dy,x2,-0.0303941098645,0
0.05,0.05,8,cubic,dy,xy,0.0104372251392,0
0.05,0.05,8,cubic,dy,y2,-0.011668039614,0
0.05,0.05,8,cubic,dy,x3,-0.0222679836664,0
0.05,0.05,8,cubic,dy,x2y,-0.986886706013,-1
0.05,0.05,8,cubic,dy,xy2,-0.0356405287377,0
0.05,0.05,8,cubic,dy,y3,-0.942642099588,-1
0.05,0.05,8,affine,dx,1,0.00654195432184,0
0.05,0.05,8,affine,dx,x,0.0120295281249,1
0.05,0.05,8,affine,dx,y,-1.99761310778,-2
0.05,0.05,8,affine,dx,x2,0,0
0.05,0.05,8,affine,dx,xy,0,0
0.05,0.05,8,affine,dx,y2,0,0
0.05,0.05,8,affine,dx,x3,0,-1
0.05,0.05,8,affine,dx,x2y,0,0
0.05,0.05,8,affine,dx,xy2,0,-1
0.05,0.05,8,affine,dx,y3,0,0
0.05,0.05,8,affine,dy,1,0.0216497658274,0
0.05,0.05,8,affine,dy,x,2.0054789774,2
0.05,0.05,8,affine,dy,y,0.0216212362025,1
0.05,0.05,8,affine,dy,x2,0,0
0.05,0.05,8,affine,dy,xy,0,0
0.05,0.05,8,affine,dy,y2,0,0
0.05,0.05,8,affine,dy,x3,0,0
0.05,0.05,8,affine,dy,x2y,0,-1
0.05,0.05,8,affine,dy,xy2,0,0
0.05,0.05,8,affine,dy,y3,0,-1
0.05,0.05,8,permuted,dx,1,-0.0331829958361,0
0.05,0.05,8,permuted,dx,x,0.518763655096,1
0.05,0.05,8,permuted,dx,y,-0.154537940728,-2
0.05,0.05,8,permuted,dx,x2,-0.0368877030537,0
0.05,0.05,8,permuted,dx,xy,-0.083620669837,0
0.05,0.05,8,permuted,dx,y2,-0.0858511815275,0
0.05,0.05,8,permuted,dx,x3,-0.575667537108,-1
0.05,0.05,8,permuted,dx,x2y,0.198351108272,0
0.05,0.05,8,permuted,dx,xy2,-0.447350931019,-1
0.05,0.05,8,permuted,dx,y3,0.17401851001,0
0.05,0.05,8,permuted,dy,1,0.0620835642034,0
0.05,0.05,8,permuted,dy,x,0.0127021746134,2
0.05,0.05,8,permuted,dy,y,-0.0484814513868,1
0.05,0.05,8,permuted,dy,x2,-0.1078868497,0
0.05,0.05,8,permuted,dy,xy,0.0638632209369,0
0.05,0.05,8,permuted,dy,y2,0.0411815918046,0
0.05,0.05,8,permuted,dy,x3,-0.0296510307098,0
0.05,0.05,8,permuted,dy,x2y,-0.216436750356,-1
0.05,0.05,8,permuted,dy,xy2,-0.203227117824,0
0.05,0.05,8,permuted,dy,y3,0.172572862782,-1
0.05,0.05,9,cubic,dx,1,0.025018754854,0
0.05,0.05,9,cubic,dx,x,0.950999610494,1
0.05,0.05,9,cubic,dx,y,-2.01316547077,-2
0.05,0.05,9,cubic,dx,x2,-0.015157064262,0
0.05,0.05,9,cubic,dx,xy,0.02100735688,0
0.05,0.05,9,cubic,dx,y2,-0.0216001325684,0
0.05,0.05,9,cubic,dx,x3,-0.941838727665,-1
0.05,0.05,9,cubic,dx,x2y,-0.0231024023791,0
0.05,0.05,9,cubic,dx,xy2,-0.989483696064,-1
0.05,0.05,9,cubic,dx,y3,0.0331816463157,0
0.05,0.05,9,cubic,dy,1,-0.0118312746916,0
0.05,0.05,9,cubic,dy,x,2.12588839689,2
0.05,0.05,9,cubic,dy,y,0.988915833073,1
0.05,0.05,9,cubic,dy,x2,0.00539419891535,0
0.05,0.05,9,cubic,dy,xy,-0.00341150468508,0
0.05,0.05,9,cubic,dy,y2,0.0156513159167,0
0.05,0.05,9,cubic,dy,x3,-0.128999560232,0
0.05,0.05,9,cubic,dy,x2y,-1.03010039733,-1
0.05,0.05,9,cubic,dy,xy2,-0.114576314864,0
0.05,0.05,9,cubic,dy,y3,-0.965155720124,-1
0.05,0.05,9,affine,dx,1,0.0113544109035,0
0.05,0.05,9,affine,dx,x,0.0140865388133,1
0.05,0.05,9,affine,dx,y,-1.99146879947,-2
0.05,0.05,9,affine,dx,x2,0,0
0.05,0.05,9,affine,dx,xy,0,0
0.05,0.05,9,affine,dx,y2,0,0
0.05,0.05,9,affine,dx,x3,0,-1
0.05,0.05,9,affine,dx,x2y,0,0
0.05,0.05,9,affine,dx,xy2,0,-1
0.05,0.05,9,affine,dx,y3,0,0
0.05,0.05,9,affine,dy,1,0.015571973644,0
0.05,0.05,9,affine,dy,x,2.00458112319,2
0.05,0.05,9,affine,dy,y,0.019374500593,1
0.05,0.05,9,affine,dy,x2,0,0
0.05,0.05,9,affine,dy,xy,0,0
0.05,0.05,9,affine,dy,y2,0,0
0.05,0.05,9,affine,dy,x3,0,0
0.05,0.05,9,affine,dy,x2y,0,-1
0.05,0.05,9,affine,dy,xy2,0,0
0.05,0.05,9,affine,dy,y3,0,-1
0.05,0.05,9,permuted,dx,1,0.0863178979622,0
0.05,0.05,9,permuted,dx,x,0.0563446460954,1
0.05,0.05,9,permuted,dx,y,0.0177688083435,-2
0.05,0.05,9,permuted,dx,x2,-0.155092343364,0
0.05,0.05,9,permuted,dx,xy,-0.0392211926677,0
0.05,0.05,9,permuted,dx,y2,-0.224602498862,0
0.05,0.05,9,permuted,dx,x3,-0.0417760879912,-1
0.05,0.05,9,permuted,dx,x2y,0.0264084347656,0
0.05,0.05,9,permuted,dx,xy2,-0.0967385040372,-1
0.05,0.05,9,permuted,dx,y3,0.0298814648488,0
0.05,0.05,9,permuted,dy,1,0.127745943413,0
0.05,0.05,9,permuted,dy,x,0.0984499548765,2
0.05,0.05,9,permuted,dy,y,0.0131736932409,1
0.05,0.05,9,permuted,dy,x2,-0.145649915579,0
0.05,0.05,9,permuted,dy,xy,-0.0138992453226,0
0.05,0.05,9,permuted,dy,y2,-0.0585082469476,0
0.05,0.05,9,permuted,dy,x3,-0.0565786591589,0
0.05,0.05,9,permuted,dy,x2y,0.0231885853153,-1
0.05,0.05,9,permuted,dy,xy2,-0.120145972337,0
0.05,0.05,9,permuted,dy,y3,-0.0567011825254,-1
0.1,0,0,cubic,dx,1,-1.15518922122e-07,0
0.1,0,0,cubic,dx,x,0.995177909796,1
0.1,0,0,cubic,dx,y,-1.99610768049,-2
0.1,0,0,cubic,dx,x2,-3.10485829617e-05,0
0.1,0,0,cubic,dx,xy,0.00023732373033,0
0.1,0,0,cubic,dx,y2,-0.000111042409134,0
0.1,0,0,cubic,dx,x3,-0.995348709408,-1
0.1,0,0,cubic,dx,x2y,-0.00386405432627,0
0.1,0,0,cubic,dx,xy2,-0.995601807815,-1
0.1,0,0,cubic,dx,y3,-0.0038082451341,0
0.1,0,0,cubic,dy,1,0.000782105583355,0
0.1,0,0,cubic,dy,x,1.9951568982,2
0.1,0,0,cubic,dy,y,0.995609714407,1
0.1,0,0,cubic,dy,x2,-0.000722449850652,0
0.1,0,0,cubic,dy,xy,0.000279908133298,0
0.1,0,0,cubic,dy,y2,-0.000723656376486,0
0.1,0,0,cubic,dy,x3,0.00483656611247,0
0.1,0,0,cubic,dy,x2y,-0.995986443651,-1
0.1,0,0,cubic,dy,xy2,0.00475588515621,0
0.1,0,0,cubic,dy,y3,-0.995814567337,-1
0.1,0,0,affine,dx,1,0.00554247397086,0
0.1,0,0,affine,dx,x,0.0146498472629,1
0.1,0,0,affine,dx,y,-1.99872472867,-2
0.1,0,0,affine,dx,x2,0,0
0.1,0,0,affine,dx,xy,0,0
0.1,0,0,affine,dx,y2,0,0
0.1,0,0,affine,dx,x3,0,-1
0.1,0,0,affine,dx,x2y,0,0
0.1,0,0,affine,dx,xy2,0,-1
0.1,0,0,affine,dx,y3,0,0
0.1,0,0,affine,dy,1,0.0198220870015,0
0.1,0,0,affine,dy,x,2.00145481985,2
0.1,0,0,affine,dy,y,0.0117737771733,1
0.1,0,0,affine,dy,x2,0,0
0.1,0,0,affine,dy,xy,0,0
0.1,0,0,affine,dy,y2,0,0
0.1,0,0,affine,dy,x3,0,0
0.1,0,0,affine,dy,x2y,0,-1
0.1,0,0,affine,dy,xy2,0,0
0.1,0,0,affine,dy,y3,0,-1
0.1,0,0,permuted,dx,1,-0.128244998073,0
0.1,0,0,permuted,dx,x,-0.076677306433,1
0.1,0,0,permuted,dx,y,-0.175315405316,-2
0.1,0,0,permuted,dx,x2,0.0937353580917,0
0.1,0,0,permuted,dx,xy,-0.166296992481,0
0.1,0,0,permuted,dx,y2,0.0133837298092,0
0.1,0,0,permuted,dx,x3,0.0212877334533,-1
0.1,0,0,permuted,dx,x2y,0.223152602936,0
0.1,0,0,permuted,dx,xy2,0.10504215448,-1
0.1,0,0,permuted,dx,y3,0.0761620598351,0
0.1,0,0,permuted,dy,1,0.150602177577,0
0.1,0,0,permuted,dy,x,0.495528825458,2
0.1,0,0,permuted,dy,y,0.0972459700152,1
0.1,0,0,permuted,dy,x2,-0.108339996459,0
0.1,0,0,permuted,dy,xy,-0.0393279524628,0
0.1,0,0,permuted,dy,y2,-0.164003678874,0
0.1,0,0,permuted,dy,x3,-0.52787356412,0
0.1,0,0,permuted,dy,x2y,-0.212694607241,-1
0.1,0,0,permuted,dy,xy2,-0.287857544628,0
0.1,0,0,permuted,dy,y3,-0.0304521550348,-1
0.1,0.02,0,cubic,dx,1,0.00132459354674,0
0.1,0.02,0,cubic,dx,x,0.979348973518,1
0.1,0.02,0,cubic,dx,y,-1.96320910134,-2
0.1,0.02,0,cubic,dx,x2,-0.0136332221906,0
0.1,0.02,0,cubic,dx,xy,-0.00260666895164,0
0.1,0.02,0,cubic,dx,y2,0.0092536805295,0
0.1,0.02,0,cubic,dx,x3,-0.975125035693,-1
0.1,0.02,0,cubic,dx,x2y,-0.0942016201231,0
0.1,0.02,0,cubic,dx,xy2,-1.00754690292,-1
0.1,0.02,0,cubic,dx,y3,-0.0264584064016,0
0.1,0.02,0,cubic,dy,1,-0.00771159822387,0
0.1,0.02,0,cubic,dy,x,2.04113236237,2
0.1,0.02,0,cubic,dy,y,0.979284030041,1
0.1,0.02,0,cubic,dy,x2,0.00682905101171,0
0.1,0.02,0,cubic,dy,xy,0.0143268841125,0
0.1,0.02,0,cubic,dy,y2,0.010491385805,0
0.1,0.02,0,cubic,dy,x3,-0.0446324579766,0
0.1,0.02,0,cubic,dy,x2y,-0.960839477978,-1
0.1,0.02,0,cubic,dy,xy2,-0.0384160344019,0
0.1,0.02,0,cubic,dy,y3,-0.985317627372,-1
0.1,0.02,0,affine,dx,1,0.00634564622946,0
0.1,0.02,0,affine,dx,x,0.00740378986417,1
0.1,0.02,0,affine,dx,y,-2.00354112962,-2
0.1,0.02,0,affine,dx,x2,0,0
0.1,0.02,0,affine,dx,xy,0,0
0.1,0.02,0,affine,dx,y2,0,0
0.1,0.02,0,affine,dx,x3,0,-1
0.1,0.02,0,affine,dx,x2y,0,0
0.1,0.02,0,affine,dx,xy2,0,-1
0.1,0.02,0,affine,dx,y3,0,0
0.1,0.02,0,affine,dy,1,0.0205186582751,0
0.1,0.02,0,affine,dy,x,2.00052828729,2
0.1,0.02,0,affine,dy,y,0.0136786409149,1
0.1,0.02,0,affine,dy,x2,0,0
0.1,0.02,0,affine,dy,xy,0,0
0.1,0.02,0,affine,dy,y2,0,0
0.1,0.02,0,affine,dy,x3,0,0
0.1,0.02,0,affine,dy,x2y,0,-1
0.1,0.02,0,affine,dy,xy2,0,0
0.1,0.02,0,affine,dy,y3,0,-1
0.1,0.02,0,permuted,dx,1,-0.188934267592,0
0.1,0.02,0,permuted,dx,x,0.00226868734467,1
0.1,0.02,0,permuted,dx,y,-0.0623564185904,-2
0.1,0.02,0,permuted,dx,x2,0.119987549246,0
0.1,0.02,0,permuted,dx,xy,-0.00135656894203,0
0.1,0.02,0,permuted,dx,y2,0.115801022759,0
0.1,0.02,0,permuted,dx,x3,-0.021917893537,-1
0.1,0.02,0,permuted,dx,x2y,-0.0930260698353,0
0.1,0.02,0,permuted,dx,xy2,0.398437931996,-1
0.1,0.02,0,permuted,dx,y3,-0.0770744329691,0
0.1,0.02,0,permuted,dy,1,-0.243970407834,0
0.1,0.02,0,permuted,dy,x,-0.207522166965,2
0.1,0.02,0,permuted,dy,y,0.497883367192,1
0.1,0.02,0,permuted,dy,x2,0.297642747844,0
0.1,0.02,0,permuted,dy,xy,-0.0937366655972,0
0.1,0.02,0,permuted,dy,y2,0.273657036294,0
0.1,0.02,0,permuted,dy,x3,0.150390432616,0
0.1,0.02,0,permuted,dy,x2y,-0.269060331545,-1
0.1,0.02,0,permuted,dy,xy2,-0.106763107054,0
0.1,0.02,0,permuted,dy,y3,-0.42709851823,-1
0.1,0.02,1,cubic,dx,1,-0.0109194977915,0
0.1,0.02,1,cubic,dx,x,0.988451098618,1
0.1,0.02,1,cubic,dx,y,-1.99755033023,-2
0.1,0.02,1,cubic,dx,x2,0.00972147842501,0
0.1,0.02,1,cubic,dx,xy,-0.00688314842762,0
0.1,0.02,1,cubic,dx,y2,0.0106860530393,0
0.1,0.02,1,cubic,dx,x3,-0.985893783927,-1
0.1,0.02,1,cubic,dx,x2y,-0.0345675795358,0
0.1,0.02,1,cubic,dx,xy2,-0.984754709414,-1
0.1,0.02,1,cubic,dx,y3,0.0103659951922,0
0.1,0.02,1,cubic,dy,1,0.00118778933487,0
0.1,0.02,1,cubic,dy,x,1.99029899489,2
0.1,0.02,1,cubic,dy,y,0.990161149946,1
0.1,0.02,1,cubic,dy,x2,-0.00320706500779,0
0.1,0.02,1,cubic,dy,xy,0.00431426216311,0
0.1,0.02,1,cubic,dy,y2,-0.00180747309749,0
0.1,0.02,1,cubic,dy,x3,0.00906396747428,0
0.1,0.02,1,cubic,dy,x2y,-0.975283669703,-1
0.1,0.02,1,cubic,dy,xy2,-0.00973643534042,0
0.1,0.02,1,cubic,dy,y3,-0.99594401063,-1
0.1,0.02,1,affine,dx,1,0.00332557460063,0
0.1,0.02,1,affine,dx,x,0.0147724263556,1
0.1,0.02,1,affine,dx,y,-1.99606696504,-2
0.1,0.02,1,affine,dx,x2,0,0
0.1,0.02,1,affine,dx,xy,0,0
0.1,0.02,1,affine,dx,y2,0,0
0.1,0.02,1,affine,dx,x3,0,-1
0.1,0.02,1,affine,dx,x2y,0,0
0.1,0.02,1,affine,dx,xy2,0,-1
0.1,0.02,1,affine,dx,y3,0,0
0.1,0.02,1,affine,dy,1,0.0186125794802,0
0.1,0.02,1,affine,dy,x,1.9976352179,2
0.1,0.02,1,affine,dy,y,0.0114561076006,1
0.1,0.02,1,affine,dy,x2,0,0
0.1,0.02,1,affine,dy,xy,0,0
0.1,0.02,1,affine,dy,y2,0,0
0.1,0.02,1,affine,dy,x3,0,0
0.1,0.02,1,affine,dy,x2y,0,-1
0.1,0.02,1,affine,dy,xy2,0,0
0.1,0.02,1,affine,dy,y3,0,-1
0.1,0.02,1,permuted,dx,1,0.0509162457275,0
0.1,0.02,1,permuted,dx,x,0.105385677486,1
0.1,0.02,1,permuted,dx,y,0.378466285348,-2
0.1,0.02,1,permuted,dx,x2,-0.150301175253,0
0.1,0.02,1,permuted,dx,xy,0.0994600868475,0
0.1,0.02,1,permuted,dx,y2,-0.160461868097,0
0.1,0.02,1,permuted,dx,x3,-0.293567616875,-1
0.1,0.02,1,permuted,dx,x2y,-0.244976898813,0
0.1,0.02,1,permuted,dx,xy2,-0.00136646175272,-1
0.1,0.02,1,permuted,dx,y3,-0.4728679991,0
0.1,0.02,1,permuted,dy,1,0.174124807287,0
0.1,0.02,1,permuted,dy,x,-0.452386802649,2
0.1,0.02,1,permuted,dy,y,0.130485047313,1
0.1,0.02,1,permuted,dy,x2,-0.0900385436532,0
0.1,0.02,1,permuted,dy,xy,0.0359111044523,0
0.1,0.02,1,permuted,dy,y2,-0.22730911631,0
0.1,0.02,1,permuted,dy,x3,0.514459369218,0
0.1,0.02,1,permuted,dy,x2y,-0.139105425157,-1
0.1,0.02,1,permuted,dy,xy2,0.173308282649,0
0.1,0.02,1,permuted,dy,y3,-0.0894887040846,-1
0.1,0.02,2,cubic,dx,1,0.00726572499753,0
0.1,0.02,2,cubic,dx,x,0.942665398852,1
0.1,0.02,2,cubic,dx,y,-2.02385355449,-2
0.1,0.02,2,cubic,dx,x2,-0.0101091928069,0
0.1,0.02,2,cubic,dx,xy,0.013503952414,0
0.1,0.02,2,cubic,dx,y2,-0.00360721538819,0
0.1,0.02,2,cubic,dx,x3,-0.937605617104,-1
0.1,0.02,2,cubic,dx,x2y,0.00226311904504,0
0.1,0.02,2,cubic,dx,xy2,-0.9649447195,-1
0.1,0.02,2,cubic,dx,y3,0.0260625344296,0
0.1,0.02,2,cubic,dy,1,0.00733050364908,0
0.1,0.02,2,cubic,dy,x,1.9663466421,2
0.1,0.02,2,cubic,dy,y,0.994251227305,1
0.1,0.02,2,cubic,dy,x2,-0.006412451942,0
0.1,0.02,2,cubic,dy,xy,0.0274586253706,0
0.1,0.02,2,cubic,dy,y2,-0.0122664577968,0
0.1,0.02,2,cubic,dy,x3,0.033952644826,0
0.1,0.02,2,cubic,dy,x2y,-0.983888288877,-1
0.1,0.02,2,cubic,dy,xy2,0.0193382940819,0
0.1,0.02,2,cubic,dy,y3,-0.990972268908,-1
0.1,0.02,2,affine,dx,1,0.00502600255796,0
0.1,0.02,2,affine,dx,x,0.0113294527723,1
0.1,0.02,2,affine,dx,y,-2.00210203528,-2
0.1,0.02,2,affine,dx,x2,0,0
0.1,0.02,2,affine,dx,xy,0,0
0.1,0.02,2,affine,dx,y2,0,0
0.1,0.02,2,affine,dx,x3,0,-1
0.1,0.02,2,affine,dx,x2y,0,0
0.1,0.02,2,affine,dx,xy2,0,-1
0.1,0.02,2,affine,dx,y3,0,0
0.1,0.02,2,affine,dy,1,0.0171439267483,0
0.1,0.02,2,affine,dy,x,1.99811625155,2
0.1,0.02,2,affine,dy,y,0.0179711186602,1
0.1,0.02,2,affine,dy,x2,0,0
0.1,0.02,2,affine,dy,xy,0,0
0.1,0.02,2,affine,dy,y2,0,0
0.1,0.02,2,affine,dy,x3,0,0
0.1,0.02,2,affine,dy,x2y,0,-1
0.1,0.02,2,affine,dy,xy2,0,0
0.1,0.02,2,affine,dy,y3,0,-1
0.1,0.02,2,permuted,dx,1,-0.257152768369,0
0.1,0.02,2,permuted,dx,x,-0.0401451265856,1
0.1,0.02,2,permuted,dx,y,0.279746081941,-2
0.1,0.02,2,permuted,dx,x2,0.254889335603,0
0.1,0.02,2,permuted,dx,xy,-0.0241508498739,0
0.1,0.02,2,permuted,dx,y2,0.0964455774156,0
0.1,0.02,2,permuted,dx,x3,0.138274070155,-1
0.1,0.02,2,permuted,dx,x2y,-0.121974772895,0
0.1,0.02,2,permuted,dx,xy2,-0.245919222874,-1
0.1,0.02,2,permuted,dx,y3,-0.173238330928,0
0.1,0.02,2,permuted,dy,1,0.135929382451,0
0.1,0.02,2,permuted,dy,x,0.00944176332713,2
0.1,0.02,2,permuted,dy,y,0.345229771349,1
0.1,0.02,2,permuted,dy,x2,-0.103953628439,0
0.1,0.02,2,permuted,dy,xy,0.216124247934,0
0.1,0.02,2,permuted,dy,y2,-0.147049749211,0
0.1,0.02,2,permuted,dy,x3,-0.0654516212029,0
0.1,0.02,2,permuted,dy,x2y,-0.49402558898,-1
0.1,0.02,2,permuted,dy,xy2,-0.00507213426504,0
0.1,0.02,2,permuted,dy,y3,-0.276706063962,-1
0.1,0.02,3,cubic,dx,1,-0.00719496635085,0
0.1,0.02,3,cubic,dx,x,0.968632070514,1
0.1,0.02,3,cubic,dx,y,-2.0060736006,-2
0.1,0.02,3,cubic,dx,x2,0.00348273030165,0
0.1,0.02,3,cubic,dx,xy,0.00995436049317,0
0.1,0.02,3,cubic,dx,y2,0.0124487767483,0
0.1,0.02,3,cubic,dx,x3,-0.952216943503,-1
0.1,0.02,3,cubic,dx,x2y,0.0221960956331,0
0.1,0.02,3,cubic,dx,xy2,-0.995893714541,-1
0.1,0.02,3,cubic,dx,y3,0.0016382569632,0
0.1,0.02,3,cubic,dy,1,0.00993661681822,0
0.1,0.02,3,cubic,dy,x,2.00652790517,2
0.1,0.02,3,cubic,dy,y,0.956139022367,1
0.1,0.02,3,cubic,dy,x2,-0.0101901726898,0
0.1,0.02,3,cubic,dy,xy,-0.00339454514578,0
0.1,0.02,3,cubic,dy,y2,-0.00898016237366,0
0.1,0.02,3,cubic,dy,x3,-0.00122750483157,0
0.1,0.02,3,cubic,dy,x2y,-0.972028004782,-1
0.1,0.02,3,cubic,dy,xy2,-0.0438857189215,0
0.1,0.02,3,cubic,dy,y3,-0.95047493982,-1
0.1,0.02,3,affine,dx,1,0.00509246492777,0
0.1,0.02,3,affine,dx,x,0.0170416233364,1
0.1,0.02,3,affine,dx,y,-1.9978499603,-2
0.1,0.02,3,affine,dx,x2,0,0
0.1,0.02,3,affine,dx,xy,0,0
0.1,0.02,3,affine,dx,y2,0,0
0.1,0.02,3,affine,dx,x3,0,-1
0.1,0.02,3,affine,dx,x2y,0,0
0.1,0.02,3,affine,dx,xy2,0,-1
0.1,0.02,3,affine,dx,y3,0,0
0.1,0.02,3,affine,dy,1,0.0198801891921,0
0.1,0.02,3,affine,dy,x,1.996337557,2
0.1,0.02,3,affine,dy,y,0.0108074468062,1
0.1,0.02,3,affine,dy,x2,0,0
0.1,0.02,3,affine,dy,xy,0,0
0.1,0.02,3,affine,dy,y2,0,0
0.1,0.02,3,affine,dy,x3,0,0
0.1,0.02,3,affine,dy,x2y,0,-1
0.1,0.02,3,affine,dy,xy2,0,0
0.1,0.02,3,affine,dy,y3,0,-1
0.1,0.02,3,permuted,dx,1,-0.184741194832,0
0.1,0.02,3,permuted,dx,x,0.0844945992347,1
0.1,0.02,3,permuted,dx,y,-0.136307890401,-2
0.1,0.02,3,permuted,dx,x2,0.163110198203,0
0.1,0.02,3,permuted,dx,xy,0.0022435493725,0
0.1,0.02,3,permuted,dx,y2,0.0623214507588,0
0.1,0.02,3,permuted,dx,x3,-0.0195976167564,-1
0.1,0.02,3,permuted,dx,x2y,0.425842503272,0
0.1,0.02,3,permuted,dx,xy2,-0.065627257091,-1
0.1,0.02,3,permuted,dx,y3,-0.0064580031215,0
0.1,0.02,3,permuted,dy,1,0.0641673898341,0
0.1,0.02,3,permuted,dy,x,0.079605167229,2
0.1,0.02,3,permuted,dy,y,0.152726162011,1
0.1,0.02,3,permuted,dy,x2,-0.000453897449233,0
0.1,0.02,3,permuted,dy,xy,0.0329287440042,0
0.1,0.02,3,permuted,dy,y2,-0.0777303226908,0
0.1,0.02,3,permuted,dy,x3,0.0127237660431,0
0.1,0.02,3,permuted,dy,x2y,-0.344793875305,-1
0.1,0.02,3,permuted,dy,xy2,0.02431635684,0
0.1,0.02,3,permuted,dy,y3,-0.136485900206,-1
0.1,0.02,4,cubic,dx,1,0.0194629997241,0
0.1,0.02,4,cubic,dx,x,0.992791120184,1
0.1,0.02,4,cubic,dx,y,-2.05312519716,-2
0.1,0.02,4,cubic,dx,x2,-0.0192746912567,0
0.1,0.02,4,cubic,dx,xy,0.0126197370719,0
0.1,0.02,4,cubic,dx,y2,-0.0179732323759,0
0.1,0.02,4,cubic,dx,x3,-0.987904093166,-1
0.1,0.02,4,cubic,dx,x2y,0.066386527053,0
0.1,0.02,4,cubic,dx,xy2,-0.985791365413,-1
0.1,0.02,4,cubic,dx,y3,0.0502239963544,0
0.1,0.02,4,cubic,dy,1,0.00197955349169,0
0.1,0.02,4,cubic,dy,x,1.99901538165,2
0.1,0.02,4,cubic,dy,y,0.966719027421,1
0.1,0.02,4,cubic,dy,x2,-0.0034856938806,0
0.1,0.02,4,cubic,dy,xy,0.000133654212291,0
0.1,0.02,4,cubic,dy,y2,-0.00347849941774,0
0.1,0.02,4,cubic,dy,x3,0.00306844229228,0
0.1,0.02,4,cubic,dy,x2y,-0.955019483627,-1
0.1,0.02,4,cubic,dy,xy2,0.000971532321506,0
0.1,0.02,4,cubic,dy,y3,-0.975406674369,-1
0.1,0.02,4,affine,dx,1,0.00668547835572,0
0.1,0.02,4,affine,dx,x,0.0206670721421,1
0.1,0.02,4,affine,dx,y,-1.9990518566,-2
0.1,0.02,4,affine,dx,x2,0,0
0.1,0.02,4,affine,dx,xy,0,0
0.1,0.02,4,affine,dx,y2,0,0
0.1,0.02,4,affine,dx,x3,0,-1
0.1,0.02,4,affine,dx,x2y,0,0
0.1,0.02,4,affine,dx,xy2,0,-1
0.1,0.02,4,affine,dx,y3,0,0
0.1,0.02,4,affine,dy,1,0.018131827181,0
0.1,0.02,4,affine,dy,x,2.0017773352,2
0.1,0.02,4,affine,dy,y,0.00608469075982,1
0.1,0.02,4,affine,dy,x2,0,0
0.1,0.02,4,affine,dy,xy,0,0
0.1,0.02,4,affine,dy,y2,0,0
0.1,0.02,4,affine,dy,x3,0,0
0.1,0.02,4,affine,dy,x2y,0,-1
0.1,0.02,4,affine,dy,xy2,0,0
0.1,0.02,4,affine,dy,y3,0,-1
0.1,0.02,4,permuted,dx,1,0.0196294856689,0
0.1,0.02,4,permuted,dx,x,0.472012178603,1
0.1,0.02,4,permuted,dx,y,-0.0919690262941,-2
0.1,0.02,4,permuted,dx,x2,-0.11954275529,0
0.1,0.02,4,permuted,dx,xy,-0.0188222913175,0
0.1,0.02,4,permuted,dx,y2,-0.107392254054,0
0.1,0.02,4,permuted,dx,x3,-0.5406925521,-1
0.1,0.02,4,permuted,dx,x2y,0.0545209196519,0
0.1,0.02,4,permuted,dx,xy2,-0.234139657877,-1
0.1,0.02,4,permuted,dx,y3,0.0811188768419,0
0.1,0.02,4,permuted,dy,1,0.260025856601,0
0.1,0.02,4,permuted,dy,x,-0.154841498559,2
0.1,0.02,4,permuted,dy,y,-0.20043302032,1
0.1,0.02,4,permuted,dy,x2,-0.280972467648,0
0.1,0.02,4,permuted,dy,xy,-0.00459470020489,0
0.1,0.02,4,permuted,dy,y2,-0.208098330826,0
0.1,0.02,4,permuted,dy,x3,0.0603134542748,0
0.1,0.02,4,permuted,dy,x2y,0.237281270589,-1
0.1,0.02,4,permuted,dy,xy2,0.446289646893,0
0.1,0.02,4,permuted,dy,y3,0.207015869963,-1
0.1,0.02,5,cubic,dx,1,0.00444755634337,0
0.1,0.02,5,cubic,dx,x,0.978847896855,1
0.1,0.02,5,cubic,dx,y,-2.00104613839,-2
0.1,0.02,5,cubic,dx,x2,-0.00447371002653,0
0.1,0.02,5,cubic,dx,xy,0.00228480937856,0
0.1,0.02,5,cubic,dx,y2,-0.00356842599268,0
0.1,0.02,5,cubic,dx,x3,-0.981699401634,-1
0.1,0.02,5,cubic,dx,x2y,0.0135564187532,0
0.1,0.02,5,cubic,dx,xy2,-0.96398353704,-1
0.1,0.02,5,cubic,dx,y3,0.00477573319643,0
0.1,0.02,5,cubic,dy,1,0.000534222684224,0
0.1,0.02,5,cubic,dy,x,2.01107973767,2
0.1,0.02,5,cubic,dy,y,0.961524288288,1
0.1,0.02,5,cubic,dy,x2,-0.0017930860483,0
0.1,0.02,5,cubic,dy,xy,-0.00632099717628,0
0.1,0.02,5,cubic,dy,y2,-0.00214120757961,0
0.1,0.02,5,cubic,dy,x3,-0.0117742179403,0
0.1,0.02,5,cubic,dy,x2y,-0.950240216684,-1
0.1,0.02,5,cubic,dy,xy2,0.0165845081272,0
0.1,0.02,5,cubic,dy,y3,-0.955719255882,-1
0.1,0.02,5,affine,dx,1,0.0048425006075,0
0.1,0.02,5,affine,dx,x,0.0180970467508,1
0.1,0.02,5,affine,dx,y,-1.99284147159,-2
0.1,0.02,5,affine,dx,x2,0,0
0.1,0.02,5,affine,dx,xy,0,0
0.1,0.02,5,affine,dx,y2,0,0
0.1,0.02,5,affine,dx,x3,0,-1
0.1,0.02,5,affine,dx,x2y,0,0
0.1,0.02,5,affine,dx,xy2,0,-1
0.1,0.02,5,affine,dx,y3,0,0
0.1,0.02,5,affine,dy,1,0.01845862899,0
0.1,0.02,5,affine,dy,x,2.00807229326,2
0.1,0.02,5,affine,dy,y,0.0154832150454,1
0.1,0.02,5,affine,dy,x2,0,0
0.1,0.02,5,affine,dy,xy,0,0
0.1,0.02,5,affine,dy,y2,0,0
0.1,0.02,5,affine,dy,x3,0,0
0.1,0.02,5,affine,dy,x2y,0,-1
0.1,0.02,5,affine,dy,xy2,0,0
0.1,0.02,5,affine,dy,y3,0,-1
0.1,0.02,5,permuted,dx,1,-0.410099208212,0
0.1,0.02,5,permuted,dx,x,0.210548699743,1
0.1,0.02,5,permuted,dx,y,-0.271136542762,-2
0.1,0.02,5,permuted,dx,x2,0.30680216209,0
0.1,0.02,5,permuted,dx,xy,-0.00867589111473,0
0.1,0.02,5,permuted,dx,y2,0.406096653772,0
0.1,0.02,5,permuted,dx,x3,-0.0930755808682,-1
0.1,0.02,5,permuted,dx,x2y,0.424413238764,0
0.1,0.02,5,permuted,dx,xy2,-0.61355292715,-1
0.1,0.02,5,permuted,dx,y3,0.19743607029,0
0.1,0.02,5,permuted,dy,1,-0.00644683075882,0
0.1,0.02,5,permuted,dy,x,0.104525872272,2
0.1,0.02,5,permuted,dy,y,0.0609995937424,1
0.1,0.02,5,permuted,dy,x2,-0.0131750210628,0
0.1,0.02,5,permuted,dy,xy,-0.0210381901847,0
0.1,0.02,5,permuted,dy,y2,0.0892159843819,0
0.1,0.02,5,permuted,dy,x3,-0.05730018459,0
0.1,0.02,5,permuted,dy,x2y,-0.207914802807,-1
0.1,0.02,5,permuted,dy,xy2,-0.377307707753,0
0.1,0.02,5,permuted,dy,y3,-0.126465977357,-1
0.1,0.02,6,cubic,dx,1,-0.0171416556659,0
0.1,0.02,6,cubic,dx,x,0.950249122394,1
0.1,0.02,6,cubic,dx,y,-1.98455377226,-2
0.1,0.02,6,cubic,dx,x2,0.0145980138189,0
0.1,0.02,6,cubic,dx,xy,0.00229733166959,0
0.1,0.02,6,cubic,dx,y2,0.0234488761349,0
0.1,0.02,6,cubic,dx,x3,-0.942195243518,-1
0.1,0.02,6,cubic,dx,x2y,-0.0252269026297,0
0.1,0.02,6,cubic,dx,xy2,-0.963542735499,-1
0.1,0.02,6,cubic,dx,y3,-0.00818750141416,0
0.1,0.02,6,cubic,dy,1,-0.000974482909889,0
0.1,0.02,6,cubic,dy,x,2.01319711244,2
0.1,0.02,6,cubic,dy,y,1.01162585452,1
0.1,0.02,6,cubic,dy,x2,-0.00267664143606,0
0.1,0.02,6,cubic,dy,xy,0.00302336301786,0
0.1,0.02,6,cubic,dy,y2,0.00310617793422,0
0.1,0.02,6,cubic,dy,x3,-0.0140536781587,0
0.1,0.02,6,cubic,dy,x2y,-1.02256714623,-1
0.1,0.02,6,cubic,dy,xy2,0.00744290229037,0
0.1,0.02,6,cubic,dy,y3,-1.01559400428,-1
0.1,0.02,6,affine,dx,1,0.00613654135877,0
0.1,0.02,6,affine,dx,x,0.017178712445,1
0.1,0.02,6,affine,dx,y,-1.99675051623,-2
0.1,0.02,6,affine,dx,x2,0,0
0.1,0.02,6,affine,dx,xy,0,0
0.1,0.02,6,affine,dx,y2,0,0
0.1,0.02,6,affine,dx,x3,0,-1
0.1,0.02,6,affine,dx,x2y,0,0
0.1,0.02,6,affine,dx,xy2,0,-1
0.1,0.02,6,affine,dx,y3,0,0
0.1,0.02,6,affine,dy,1,0.01908426269,0
0.1,0.02,6,affine,dy,x,2.00546872108,2
0.1,0.02,6,affine,dy,y,0.00788183967518,1
0.1,0.02,6,affine,dy,x2,0,0
0.1,0.02,6,affine,dy,xy,0,0
0.1,0.02,6,affine,dy,y2,0,0
0.1,0.02,6,affine,dy,x3,0,0
0.1,0.02,6,affine,dy,x2y,0,-1
0.1,0.02,6,affine,dy,xy2,0,0
0.1,0.02,6,affine,dy,y3,0,-1
0.1,0.02,6,permuted,dx,1,-0.0856886130382,0
0.1,0.02,6,permuted,dx,x,1.05187474406,1
0.1,0.02,6,permuted,dx,y,-0.0280817998707,-2
0.1,0.02,6,permuted,dx,x2,-0.102416321147,0
0.1,0.02,6,permuted,dx,xy,-0.157356791478,0
0.1,0.02,6,permuted,dx,y2,0.090951956384,0
0.1,0.02,6,permuted,dx,x3,-1.06277769482,-1
0.1,0.02,6,permuted,dx,x2y,0.139552813075,0
0.1,0.02,6,permuted,dx,xy2,-0.730844452735,-1
0.1,0.02,6,permuted,dx,y3,0.0931632030915,0
0.1,0.02,6,permuted,dy,1,-0.0957709759699,0
0.1,0.02,6,permuted,dy,x,-0.161535889504,2
0.1,0.02,6,permuted,dy,y,0.238850759278,1
0.1,0.02,6,permuted,dy,x2,0.11074127441,0
0.1,0.02,6,permuted,dy,xy,0.102298410884,0
0.1,0.02,6,permuted,dy,y2,0.152896332409,0
0.1,0.02,6,permuted,dy,x3,0.112341367683,0
0.1,0.02,6,permuted,dy,x2y,0.0724109420264,-1
0.1,0.02,6,permuted,dy,xy2,0.0919641432105,0
0.1,0.02,6,permuted,dy,y3,-0.226872475844,-1
0.1,0.02,7,cubic,dx,1,-0.0191647638445,0
0.1,0.02,7,cubic,dx,x,1.04130427518,1
0.1,0.02,7,cubic,dx,y,-1.98826325315,-2
0.1,0.02,7,cubic,dx,x2,0.0217995729074,0
0.1,0.02,7,cubic,dx,xy,0.00429676222349,0
0.1,0.02,7,cubic,dx,y2,0.0154595936777,0
0.1,0.02,7,cubic,dx,x3,-1.03231086354,-1
0.1,0.02,7,cubic,dx,x2y,-0.0112042313058,0
0.1,0.02,7,cubic,dx,xy2,-1.06468348251,-1
0.1,0.02,7,cubic,dx,y3,-0.00327810589579,0
0.1,0.02,7,cubic,dy,1,0.00643142702018,0
0.1,0.02,7,cubic,dy,x,2.04409795048,2
0.1,0.02,7,cubic,dy,y,0.987671265898,1
0.1,0.02,7,cubic,dy,x2,-0.00410328702729,0
0.1,0.02,7,cubic,dy,xy,-0.000789421415719,0
0.1,0.02,7,cubic,dy,y2,0.00146445111973,0
0.1,0.02,7,cubic,dy,x3,-0.0486889504935,0
0.1,0.02,7,cubic,dy,x2y,-0.969820240466,-1
0.1,0.02,7,cubic,dy,xy2,-0.0366622244445,0
0.1,0.02,7,cubic,dy,y3,-0.994475956217,-1
0.1,0.02,7,affine,dx,1,0.0045416202918,0
0.1,0.02,7,affine,dx,x,0.0153132468381,1
0.1,0.02,7,affine,dx,y,-1.99420679143,-2
0.1,0.02,7,affine,dx,x2,0,0
0.1,0.02,7,affine,dx,xy,0,0
0.1,0.02,7,affine,dx,y2,0,0
0.1,0.02,7,affine,dx,x3,0,-1
0.1,0.02,7,affine,dx,x2y,0,0
0.1,0.02,7,affine,dx,xy2,0,-1
0.1,0.02,7,affine,dx,y3,0,0
0.1,0.02,7,affine,dy,1,0.0239658036906,0
0.1,0.02,7,affine,dy,x,1.99969791577,2
0.1,0.02,7,affine,dy,y,0.00740453674358,1
0.1,0.02,7,affine,dy,x2,0,0
0.1,0.02,7,affine,dy,xy,0,0
0.1,0.02,7,affine,dy,y2,0,0
0.1,0.02,7,affine,dy,x3,0,0
0.1,0.02,7,affine,dy,x2y,0,-1
0.1,0.02,7,affine,dy,xy2,0,0
0.1,0.02,7,affine,dy,y3,0,-1
0.1,0.02,7,permuted,dx,1,-0.310895135017,0
0.1,0.02,7,permuted,dx,x,-0.0637580214384,1
0.1,0.02,7,permuted,dx,y,0.34576776852,-2
0.1,0.02,7,permuted,dx,x2,0.170917182924,0
0.1,0.02,7,permuted,dx,xy,0.0790927533435,0
0.1,0.02,7,permuted,dx,y2,0.298856188251,0
0.1,0.02,7,permuted,dx,x3,-0.0529296719519,-1
0.1,0.02,7,permuted,dx,x2y,-0.398325926235,0
0.1,0.02,7,permuted,dx,xy2,0.119218037908,-1
0.1,0.02,7,permuted,dx,y3,-0.351824209606,0
0.1,0.02,7,permuted,dy,1,-0.0460848509951,0
0.1,0.02,7,permuted,dy,x,-0.0331211019975,2
0.1,0.02,7,permuted,dy,y,0.613262195762,1
0.1,0.02,7,permuted,dy,x2,0.0446082853791,0
0.1,0.02,7,permuted,dy,xy,-0.101100370555,0
0.1,0.02,7,permuted,dy,y2,0.105429203952,0
0.1,0.02,7,permuted,dy,x3,0.0501261801972,0
0.1,0.02,7,permuted,dy,x2y,-0.535184333578,-1
0.1,0.02,7,permuted,dy,xy2,-0.0852071385843,0
0.1,0.02,7,permuted,dy,y3,-0.674437135183,-1
0.1,0.02,8,cubic,dx,1,-0.0103013203993,0
0.1,0.02,8,cubic,dx,x,0.986713931455,1
0.1,0.02,8,cubic,dx,y,-1.98368083906,-2
0.1,0.02,8,cubic,dx,x2,0.00436006604471,0
0.1,0.02,8,cubic,dx,xy,-0.0124618476343,0
0.1,0.02,8,cubic,dx,y2,0.0147369800766,0
0.1,0.02,8,cubic,dx,x3,-0.980614007936,-1
0.1,0.02,8,cubic,dx,x2y,-0.0147868525906,0
0.1,0.02,8,cubic,dx,xy2,-1.02343198623,-1
0.1,0.02,8,cubic,dx,y3,-0.010058996147,0
0.1,0.02,8,cubic,dy,1,0.017844270784,0
0.1,0.02,8,cubic,dy,x,2.01263566934,2
0.1,0.02,8,cubic,dy,y,0.987791121675,1
0.1,0.02,8,cubic,dy,x2,-0.0206957732028,0
0.1,0.02,8,cubic,dy,xy,0.00892885918592,0
0.1,0.02,8,cubic,dy,y2,-0.0153056890748,0
0.1,0.02,8,cubic,dy,x3,-0.00646285007183,0
0.1,0.02,8,cubic,dy,x2y,-0.998966569887,-1
0.1,0.02,8,cubic,dy,xy2,-0.0229471292589,0
0.1,0.02,8,cubic,dy,y3,-0.979854001674,-1
0.1,0.02,8,affine,dx,1,0.00484131311761,0
0.1,0.02,8,affine,dx,x,0.00921948104228,1
0.1,0.02,8,affine,dx,y,-1.99468301889,-2
0.1,0.02,8,affine,dx,x2,0,0
0.1,0.02,8,affine,dx,xy,0,0
0.1,0.02,8,affine,dx,y2,0,0
0.1,0.02,8,affine,dx,x3,0,-1
0.1,0.02,8,affine,dx,x2y,0,0
0.1,0.02,8,affine,dx,xy2,0,-1
0.1,0.02,8,affine,dx,y3,0,0
0.1,0.02,8,affine,dy,1,0.0210494715195,0
0.1,0.02,8,affine,dy,x,2.00267644089,2
0.1,0.02,8,affine,dy,y,0.0164857977266,1
0.1,0.02,8,affine,dy,x2,0,0
0.1,0.02,8,affine,dy,xy,0,0
0.1,0.02,8,affine,dy,y2,0,0
0.1,0.02,8,affine,dy,x3,0,0
0.1,0.02,8,affine,dy,x2y,0,-1
0.1,0.02,8,affine,dy,xy2,0,0
0.1,0.02,8,affine,dy,y3,0,-1
0.1,0.02,8,permuted,dx,1,0.0507693265999,0
0.1,0.02,8,permuted,dx,x,0.00707713956722,1
0.1,0.02,8,permuted,dx,y,-0.152984426954,-2
0.1,0.02,8,permuted,dx,x2,-0.216772050099,0
0.1,0.02,8,permuted,dx,xy,-0.0135828376143,0
0.1,0.02,8,permuted,dx,y2,-0.073939306866,0
0.1,0.02,8,permuted,dx,x3,-0.0457987051662,-1
0.1,0.02,8,permuted,dx,x2y,0.232018603814,0
0.1,0.02,8,permuted,dx,xy2,-0.106855518013,-1
0.1,0.02,8,permuted,dx,y3,0.0912877705483,0
0.1,0.02,8,permuted,dy,1,-0.172758295673,0
0.1,0.02,8,permuted,dy,x,-0.239283648584,2
0.1,0.02,8,permuted,dy,y,-0.185757196009,1
0.1,0.02,8,permuted,dy,x2,0.182691669705,0
0.1,0.02,8,permuted,dy,xy,0.175367544446,0
0.1,0.02,8,permuted,dy,y2,0.26822172064,0
0.1,0.02,8,permuted,dy,x3,0.429048839654,0
0.1,0.02,8,permuted,dy,x2y,0.229312089567,-1
0.1,0.02,8,permuted,dy,xy2,-0.108806949818,0
0.1,0.02,8,permuted,dy,y3,0.134845583225,-1
0.1,0.02,9,cubic,dx,1,-0.00370063358955,0
0.1,0.02,9,cubic,dx,x,0.998072184129,1
0.1,0.02,9,cubic,dx,y,-2.01823323538,-2
0.1,0.02,9,cubic,dx,x2,0.00576932087423,0
0.1,0.02,9,cubic,dx,xy,0.00440598467842,0
0.1,0.02,9,cubic,dx,y2,0.00725522353232,0
0.1,0.02,9,cubic,dx,x3,-0.987469209589,-1
0.1,0.02,9,cubic,dx,x2y,-0.014229462525,0
0.1,0.02,9,cubic,dx,xy2,-1.03008764314,-1
0.1,0.02,9,cubic,dx,y3,0.0329415673093,0
0.1,0.02,9,cubic,dy,1,-0.00782495642486,0
0.1,0.02,9,cubic,dy,x,2.02289941876,2
0.1,0.02,9,cubic,dy,y,0.982787445823,1
0.1,0.02,9,cubic,dy,x2,0.00518465550502,0
0.1,0.02,9,cubic,dy,xy,-0.00531376851036,0
0.1,0.02,9,cubic,dy,y2,0.0132100585153,0
0.1,0.02,9,cubic,dy,x3,-0.0267702251821,0
0.1,0.02,9,cubic,dy,x2y,-1.02094563299,-1
0.1,0.02,9,cubic,dy,xy2,-0.0192803644441,0
0.1,0.02,9,cubic,dy,y3,-0.963568888715,-1
0.1,0.02,9,affine,dx,1,0.00798972556715,0
0.1,0.02,9,affine,dx,x,0.0134301118772,1
0.1,0.02,9,affine,dx,y,-1.99512778817,-2
0.1,0.02,9,affine,dx,x2,0,0
0.1,0.02,9,affine,dx,xy,0,0
0.1,0.02,9,affine,dx,y2,0,0
0.1,0.02,9,affine,dx,x3,0,-1
0.1,0.02,9,affine,dx,x2y,0,0
0.1,0.02,9,affine,dx,xy2,0,-1
0.1,0.02,9,affine,dx,y3,0,0
0.1,0.02,9,affine,dy,1,0.018895879662,0
0.1,0.02,9,affine,dy,x,2.00025890482,2
0.1,0.02,9,affine,dy,y,0.014781627245,1
0.1,0.02,9,affine,dy,x2,0,0
0.1,0.02,9,affine,dy,xy,0,0
0.1,0.02,9,affine,dy,y2,0,0
0.1,0.02,9,affine,dy,x3,0,0
0.1,0.02,9,affine,dy,x2y,0,-1
0.1,0.02,9,affine,dy,xy2,0,0
0.1,0.02,9,affine,dy,y3,0,-1
0.1,0.02,9,permuted,dx,1,-0.206332211963,0
0.1,0.02,9,permuted,dx,x,-0.0890613268561,1
0.1,0.02,9,permuted,dx,y,0.175865983484,-2
0.1,0.02,9,permuted,dx,x2,0.141547445733,0
0.1,0.02,9,permuted,dx,xy,0.0263503150724,0
0.1,0.02,9,permuted,dx,y2,0.111673651248,0
0.1,0.02,9,permuted,dx,x3,0.047833570523,-1
0.1,0.02,9,permuted,dx,x2y,-0.362912983391,0
0.1,0.02,9,permuted,dx,xy2,0.27152140921,-1
0.1,0.02,9,permuted,dx,y3,-0.125221132204,0
0.1,0.02,9,permuted,dy,1,-0.00842347155416,0
0.1,0.02,9,permuted,dy,x,-0.29121988969,2
0.1,0.02,9,permuted,dy,y,-0.498275592663,1
0.1,0.02,9,permuted,dy,x2,0.0544881047983,0
0.1,0.02,9,permuted,dy,xy,-0.0716419200674,0
0.1,0.02,9,permuted,dy,y2,0.0624787113197,0
0.1,0.02,9,permuted,dy,x3,0.189322346213,0
0.1,0.02,9,permuted,dy,x2y,0.514667412859,-1
0.1,0.02,9,permuted,dy,xy2,0.304899924754,0
0.1,0.02,9,permuted,dy,y3,0.336562778775,-1
0.1,0.05,0,cubic,dx,1,-0.00454870560431,0
0.1,0.05,0,cubic,dx,x,0.894792242913,1
0.1,0.05,0,cubic,dx,y,-1.95889057254,-2
0.1,0.05,0,cubic,dx,x2,-0.0264190446866,0
0.1,0.05,0,cubic,dx,xy,-0.00164515749054,0
0.1,0.05,0,cubic,dx,y2,0.034732531753,0
0.1,0.05,0,cubic,dx,x3,-0.881050055514,-1
0.1,0.05,0,cubic,dx,x2y,-0.180996019657,0
0.1,0.05,0,cubic,dx,xy2,-0.955090264483,-1
0.1,0.05,0,cubic,dx,y3,-0.0115697670019,0
0.1,0.05,0,cubic,dy,1,-0.011889006188,0
0.1,0.05,0,cubic,dy,x,2.12851540935,2
0.1,0.05,0,cubic,dy,y,0.889708682818,1
0.1,0.05,0,cubic,dy,x2,0.0107918484546,0
0.1,0.05,0,cubic,dy,xy,0.0308400287938,0
0.1,0.05,0,cubic,dy,y2,0.0193607680474,0
0.1,0.05,0,cubic,dy,x3,-0.13938769078,0
0.1,0.05,0,cubic,dy,x2y,-0.83526017011,-1
0.1,0.05,0,cubic,dy,xy2,-0.120827145616,0
0.1,0.05,0,cubic,dy,y3,-0.900510294917,-1
0.1,0.05,0,affine,dx,1,0.00743445045267,0
0.1,0.05,0,affine,dx,x,-0.00310757377728,1
0.1,0.05,0,affine,dx,y,-2.00818466102,-2
0.1,0.05,0,affine,dx,x2,0,0
0.1,0.05,0,affine,dx,xy,0,0
0.1,0.05,0,affine,dx,y2,0,0
0.1,0.05,0,affine,dx,x3,0,-1
0.1,0.05,0,affine,dx,x2y,0,0
0.1,0.05,0,affine,dx,xy2,0,-1
0.1,0.05,0,affine,dx,y3,0,0
0.1,0.05,0,affine,dy,1,0.0215829857019,0
0.1,0.05,0,affine,dy,x,1.99627255783,2
0.1,0.05,0,affine,dy,y,0.0164709818342,1
0.1,0.05,0,affine,dy,x2,0,0
0.1,0.05,0,affine,dy,xy,0,0
0.1,0.05,0,affine,dy,y2,0,0
0.1,0.05,0,affine,dy,x3,0,0
0.1,0.05,0,affine,dy,x2y,0,-1
0.1,0.05,0,affine,dy,xy2,0,0
0.1,0.05,0,affine,dy,y3,0,-1
0.1,0.05,0,permuted,dx,1,0.190827772861,0
0.1,0.05,0,permuted,dx,x,-0.530210021332,1
0.1,0.05,0,permuted,dx,y,-0.265291538666,-2
0.1,0.05,0,permuted,dx,x2,-0.322902708047,0
0.1,0.05,0,permuted,dx,xy,-0.0488694813397,0
0.1,0.05,0,permuted,dx,y2,-0.25041341077,0
0.1,0.05,0,permuted,dx,x3,0.426469080168,-1
0.1,0.05,0,permuted,dx,x2y,0.192046275805,0
0.1,0.05,0,permuted,dx,xy2,0.752604060297,-1
0.1,0.05,0,permuted,dx,y3,0.248427285949,0
0.1,0.05,0,permuted,dy,1,-0.424495147487,0
0.1,0.05,0,permuted,dy,x,0.15850364468,2
0.1,0.05,0,permuted,dy,y,0.0526619903955,1
0.1,0.05,0,permuted,dy,x2,0.491175621086,0
0.1,0.05,0,permuted,dy,xy,-0.112556679629,0
0.1,0.05,0,permuted,dy,y2,0.493863359623,0
0.1,0.05,0,permuted,dy,x3,-0.00491025825387,0
0.1,0.05,0,permuted,dy,x2y,0.00170434389536,-1
0.1,0.05,0,permuted,dy,xy2,-0.240215828329,0
0.1,0.05,0,permuted,dy,y3,-0.0653538016853,-1
0.1,0.05,1,cubic,dx,1,-0.0100556685307,0
0.1,0.05,1,cubic,dx,x,0.900384516906,1
0.1,0.05,1,cubic,dx,y,-2.06030496868,-2
0.1,0.05,1,cubic,dx,x2,0.00940243151564,0
0.1,0.05,1,cubic,dx,xy,-0.0132085354587,0
0.1,0.05,1,cubic,dx,y2,0.00773696573562,0
0.1,0.05,1,cubic,dx,x3,-0.892128666974,-1
0.1,0.05,1,cubic,dx,x2y,-0.0110239685488,0
0.1,0.05,1,cubic,dx,xy2,-0.877723974874,-1
0.1,0.05,1,cubic,dx,y3,0.0940520864613,0
0.1,0.05,1,cubic,dy,1,-0.00233301050917,0
0.1,0.05,1,cubic,dy,x,2.04309082896,2
0.1,0.05,1,cubic,dy,y,0.94723296884,1
0.1,0.05,1,cubic,dy,x2,-0.00140853204501,0
0.1,0.05,1,cubic,dy,xy,0.00642941794123,0
0.1,0.05,1,cubic,dy,y2,0.0013422896085,0
0.1,0.05,1,cubic,dy,x3,-0.0488006533555,0
0.1,0.05,1,cubic,dy,x2y,-0.907557176502,-1
0.1,0.05,1,cubic,dy,xy2,-0.0904309972659,0
0.1,0.05,1,cubic,dy,y3,-0.956254168466,-1
0.1,0.05,1,affine,dx,1,-0.000123848113575,0
0.1,0.05,1,affine,dx,x,0.0151471193368,1
0.1,0.05,1,affine,dx,y,-1.98912414469,-2
0.1,0.05,1,affine,dx,x2,0,0
0.1,0.05,1,affine,dx,xy,0,0
0.1,0.05,1,affine,dx,y2,0,0
0.1,0.05,1,affine,dx,x3,0,-1
0.1,0.05,1,affine,dx,x2y,0,0
0.1,0.05,1,affine,dx,xy2,0,-1
0.1,0.05,1,affine,dx,y3,0,0
0.1,0.05,1,affine,dy,1,0.0168217392154,0
0.1,0.05,1,affine,dy,x,1.98892884068,2
0.1,0.05,1,affine,dy,y,0.0107640021194,1
0.1,0.05,1,affine,dy,x2,0,0
0.1,0.05,1,affine,dy,xy,0,0
0.1,0.05,1,affine,dy,y2,0,0
0.1,0.05,1,affine,dy,x3,0,0
0.1,0.05,1,affine,dy,x2y,0,-1
0.1,0.05,1,affine,dy,xy2,0,0
0.1,0.05,1,affine,dy,y3,0,-1
0.1,0.05,1,permuted,dx,1,-0.0710361571191,0
0.1,0.05,1,permuted,dx,x,0.0985383428765,1
0.1,0.05,1,permuted,dx,y,-0.0109729161531,-2
0.1,0.05,1,permuted,dx,x2,-0.00707719224366,0
0.1,0.05,1,permuted,dx,xy,0.155981695868,0
0.1,0.05,1,permuted,dx,y2,-0.022486699928,0
0.1,0.05,1,permuted,dx,x3,-0.0973290636269,-1
0.1,0.05,1,permuted,dx,x2y,-0.0748457440835,0
0.1,0.05,1,permuted,dx,xy2,0.166562957162,-1
0.1,0.05,1,permuted,dx,y3,-0.120479513993,0
0.1,0.05,1,permuted,dy,1,0.0535555032369,0
0.1,0.05,1,permuted,dy,x,0.389443304108,2
0.1,0.05,1,permuted,dy,y,-0.101473039302,1
0.1,0.05,1,permuted,dy,x2,-0.0388437190366,0
0.1,0.05,1,permuted,dy,xy,0.102040643396,0
0.1,0.05,1,permuted,dy,y2,-0.0201163645734,0
0.1,0.05,1,permuted,dy,x3,-0.281676907043,0
0.1,0.05,1,permuted,dy,x2y,0.350716961695,-1
0.1,0.05,1,permuted,dy,xy2,-0.491310686842,0
0.1,0.05,1,permuted,dy,y3,0.13717656457,-1
0.1,0.05,2,cubic,dx,1,0.0190578010685,0
0.1,0.05,2,cubic,dx,x,0.821114583975,1
0.1,0.05,2,cubic,dx,y,-2.1136310995,-2
0.1,0.05,2,cubic,dx,x2,-0.0244254848283,0
0.1,0.05,2,cubic,dx,xy,0.0317134107966,0
0.1,0.05,2,cubic,dx,y2,-0.0104141431296,0
0.1,0.05,2,cubic,dx,x3,-0.803923896906,-1
0.1,0.05,2,cubic,dx,x2y,0.0551221798894,0
0.1,0.05,2,cubic,dx,xy2,-0.872493048147,-1
0.1,0.05,2,cubic,dx,y3,0.125681764145,0
0.1,0.05,2,cubic,dy,1,0.00605525327913,0
0.1,0.05,2,cubic,dy,x,1.9693440451,2
0.1,0.05,2,cubic,dy,y,0.942023950805,1
0.1,0.05,2,cubic,dy,x2,-0.000158995531778,0
0.1,0.05,2,cubic,dy,xy,0.0621408483072,0
0.1,0.05,2,cubic,dy,y2,-0.0187520836316,0
0.1,0.05,2,cubic,dy,x3,0.0276614101737,0
0.1,0.05,2,cubic,dy,x2y,-0.908600659379,-1
0.1,0.05,2,cubic,dy,xy2,-0.00897482957274,0
0.1,0.05,2,cubic,dy,y3,-0.929206510312,-1
0.1,0.05,2,affine,dx,1,0.00410577036416,0
0.1,0.05,2,affine,dx,x,0.00636211347932,1
0.1,0.05,2,affine,dx,y,-2.00384409502,-2
0.1,0.05,2,affine,dx,x2,0,0
0.1,0.05,2,affine,dx,xy,0,0
0.1,0.05,2,affine,dx,y2,0,0
0.1,0.05,2,affine,dx,x3,0,-1
0.1,0.05,2,affine,dx,x2y,0,0
0.1,0.05,2,affine,dx,xy2,0,-1
0.1,0.05,2,affine,dx,y3,0,0
0.1,0.05,2,affine,dy,1,0.0131590101768,0
0.1,0.05,2,affine,dy,x,1.98963511483,2
0.1,0.05,2,affine,dy,y,0.02711222584,1
0.1,0.05,2,affine,dy,x2,0,0
0.1,0.05,2,affine,dy,xy,0,0
0.1,0.05,2,affine,dy,y2,0,0
0.1,0.05,2,affine,dy,x3,0,0
0.1,0.05,2,affine,dy,x2y,0,-1
0.1,0.05,2,affine,dy,xy2,0,0
0.1,0.05,2,affine,dy,y3,0,-1
0.1,0.05,2,permuted,dx,1,-0.251800070324,0
0.1,0.05,2,permuted,dx,x,-0.196483924739,1
0.1,0.05,2,permuted,dx,y,0.254417855131,-2
0.1,0.05,2,permuted,dx,x2,0.198291587655,0
0.1,0.05,2,permuted,dx,xy,-0.0012591168884,0
0.1,0.05,2,permuted,dx,y2,0.14574137226,0
0.1,0.05,2,permuted,dx,x3,0.267360398986,-1
0.1,0.05,2,permuted,dx,x2y,-0.316849763241,0
0.1,0.05,2,permuted,dx,xy2,0.436011271302,-1
0.1,0.05,2,permuted,dx,y3,-0.248993559402,0
0.1,0.05,2,permuted,dy,1,0.032845349056,0
0.1,0.05,2,permuted,dy,x,0.135621134473,2
0.1,0.05,2,permuted,dy,y,0.363793965692,1
0.1,0.05,2,permuted,dy,x2,-0.0806649061452,0
0.1,0.05,2,permuted,dy,xy,-0.0115332003874,0
0.1,0.05,2,permuted,dy,y2,0.0511126014542,0
0.1,0.05,2,permuted,dy,x3,-0.183541896838,0
0.1,0.05,2,permuted,dy,x2y,-0.23138871706,-1
0.1,0.05,2,permuted,dy,xy2,-0.206724080468,0
0.1,0.05,2,permuted,dy,y3,-0.346587335335,-1
0.1,0.05,3,cubic,dx,1,-0.015560376015,0
0.1,0.05,3,cubic,dx,x,0.872696051413,1
0.1,0.05,3,cubic,dx,y,-2.06661647212,-2
0.1,0.05,3,cubic,dx,x2,0.00775907515421,0
0.1,0.05,3,cubic,dx,xy,0.0288920723085,0
0.1,0.05,3,cubic,dx,y2,0.029081920311,0
0.1,0.05,3,cubic,dx,x3,-0.827383053401,-1
0.1,0.05,3,cubic,dx,x2y,0.110490252886,0
0.1,0.05,3,cubic,dx,xy2,-0.938388824498,-1
0.1,0.05,3,cubic,dx,y3,0.0581140811996,0
0.1,0.05,3,cubic,dy,1,0.0188391974499,0
0.1,0.05,3,cubic,dy,x,2.09384334041,2
0.1,0.05,3,cubic,dy,y,0.864387746767,1
0.1,0.05,3,cubic,dy,x2,-0.0191449446328,0
0.1,0.05,3,cubic,dy,xy,-0.0138680508132,0
0.1,0.05,3,cubic,dy,y2,-0.015165746324,0
0.1,0.05,3,cubic,dy,x3,-0.0895628144772,0
0.1,0.05,3,cubic,dy,x2y,-0.903987939223,-1
0.1,0.05,3,cubic,dy,xy2,-0.172351797055,0
0.1,0.05,3,cubic,dy,y3,-0.844294892483,-1
0.1,0.05,3,affine,dx,1,0.00427420927032,0
0.1,0.05,3,affine,dx,x,0.0203779593855,1
0.1,0.05,3,affine,dx,y,-1.99345420572,-2
0.1,0.05,3,affine,dx,x2,0,0
0.1,0.05,3,affine,dx,xy,0,0
0.1,0.05,3,affine,dx,y2,0,0
0.1,0.05,3,affine,dx,x3,0,-1
0.1,0.05,3,affine,dx,x2y,0,0
0.1,0.05,3,affine,dx,xy2,0,-1
0.1,0.05,3,affine,dx,y3,0,0
0.1,0.05,3,affine,dy,1,0.0199920801642,0
0.1,0.05,3,affine,dy,x,1.98516803799,2
0.1,0.05,3,affine,dy,y,0.00958429153356,1
0.1,0.05,3,affine,dy,x2,0,0
0.1,0.05,3,affine,dy,xy,0,0
0.1,0.05,3,affine,dy,y2,0,0
0.1,0.05,3,affine,dy,x3,0,0
0.1,0.05,3,affine,dy,x2y,0,-1
0.1,0.05,3,affine,dy,xy2,0,0
0.1,0.05,3,affine,dy,y3,0,-1
0.1,0.05,3,permuted,dx,1,-0.0193772297948,0
0.1,0.05,3,permuted,dx,x,-0.102253080692,1
0.1,0.05,3,permuted,dx,y,-0.0267971405332,-2
0.1,0.05,3,permuted,dx,x2,0.00964323265732,0
0.1,0.05,3,permuted,dx,xy,0.157503465898,0
0.1,0.05,3,permuted,dx,y2,-0.150657955277,0
0.1,0.05,3,permuted,dx,x3,0.0601167897373,-1
0.1,0.05,3,permuted,dx,x2y,0.115672560551,0
0.1,0.05,3,permuted,dx,xy2,-0.0325048585397,-1
0.1,0.05,3,permuted,dx,y3,0.0114671708669,0
0.1,0.05,3,permuted,dy,1,0.0335547243232,0
0.1,0.05,3,permuted,dy,x,0.0129519370076,2
0.1,0.05,3,permuted,dy,y,-0.189949586033,1
0.1,0.05,3,permuted,dy,x2,-0.0159429720218,0
0.1,0.05,3,permuted,dy,xy,-0.0291189915902,0
0.1,0.05,3,permuted,dy,y2,0.0244925719481,0
0.1,0.05,3,permuted,dy,x3,-0.000168395333864,0
0.1,0.05,3,permuted,dy,x2y,0.0868456343115,-1
0.1,0.05,3,permuted,dy,xy2,-0.191113714153,0
0.1,0.05,3,permuted,dy,y3,0.177930733182,-1
0.1,0.05,4,cubic,dx,1,0.0545543937324,0
0.1,0.05,4,cubic,dx,x,0.925741578604,1
0.1,0.05,4,cubic,dx,y,-2.18738166891,-2
0.1,0.05,4,cubic,dx,x2,-0.0518567374527,0
0.1,0.05,4,cubic,dx,xy,0.0358368379345,0
0.1,0.05,4,cubic,dx,y2,-0.0506120824459,0
0.1,0.05,4,cubic,dx,x3,-0.909463828506,-1
0.1,0.05,4,cubic,dx,x2y,0.21924167704,0
0.1,0.05,4,cubic,dx,xy2,-0.902992767964,-1
0.1,0.05,4,cubic,dx,y3,0.183000452687,0
0.1,0.05,4,cubic,dy,1,0.0080106658918,0
0.1,0.05,4,cubic,dy,x,2.0720138899,2
0.1,0.05,4,cubic,dy,y,0.880910860045,1
0.1,0.05,4,cubic,dy,x2,-0.0135852821502,0
0.1,0.05,4,cubic,dy,xy,-0.00369035121759,0
0.1,0.05,4,cubic,dy,y2,-0.00952456004143,0
0.1,0.05,4,cubic,dy,x3,-0.0720749986112,0
0.1,0.05,4,cubic,dy,x2y,-0.847737079002,-1
0.1,0.05,4,cubic,dy,xy2,-0.0750526497012,0
0.1,0.05,4,cubic,dy,y3,-0.89808668826,-1
0.1,0.05,4,affine,dx,1,0.00823533305259,0
0.1,0.05,4,affine,dx,x,0.0293971972721,1
0.1,0.05,4,affine,dx,y,-1.9961006584,-2
0.1,0.05,4,affine,dx,x2,0,0
0.1,0.05,4,affine,dx,xy,0,0
0.1,0.05,4,affine,dx,y2,0,0
0.1,0.05,4,affine,dx,x3,0,-1
0.1,0.05,4,affine,dx,x2y,0,0
0.1,0.05,4,affine,dx,xy2,0,-1
0.1,0.05,4,affine,dx,y3,0,0
0.1,0.05,4,affine,dy,1,0.0156106900916,0
0.1,0.05,4,affine,dy,x,1.99875603641,2
0.1,0.05,4,affine,dy,y,-0.00226289682737,1
0.1,0.05,4,affine,dy,x2,0,0
0.1,0.05,4,affine,dy,xy,0,0
0.1,0.05,4,affine,dy,y2,0,0
0.1,0.05,4,affine,dy,x3,0,0
0.1,0.05,4,affine,dy,x2y,0,-1
0.1,0.05,4,affine,dy,xy2,0,0
0.1,0.05,4,affine,dy,y3,0,-1
0.1,0.05,4,permuted,dx,1,-0.148256443124,0
0.1,0.05,4,permuted,dx,x,-0.0853729574526,1
0.1,0.05,4,permuted,dx,y,0.0334097285588,-2
0.1,0.05,4,permuted,dx,x2,0.0569130764438,0
0.1,0.05,4,permuted,dx,xy,0.0285830015692,0
0.1,0.05,4,permuted,dx,y2,0.0794181660877,0
0.1,0.05,4,permuted,dx,x3,0.0979045412737,-1
0.1,0.05,4,permuted,dx,x2y,-0.0362241250491,0
0.1,0.05,4,permuted,dx,xy2,0.273437210588,-1
0.1,0.05,4,permuted,dx,y3,-0.00767495926315,0
0.1,0.05,4,permuted,dy,1,-0.0411812085574,0
0.1,0.05,4,permuted,dy,x,0.0495076520589,2
0.1,0.05,4,permuted,dy,y,0.0414230245329,1
0.1,0.05,4,permuted,dy,x2,0.0224211284519,0
0.1,0.05,4,permuted,dy,xy,-0.268006657929,0
0.1,0.05,4,permuted,dy,y2,0.125796219465,0
0.1,0.05,4,permuted,dy,x3,0.0444196737951,0
0.1,0.05,4,permuted,dy,x2y,-0.337742854403,-1
0.1,0.05,4,permuted,dy,xy2,-0.334014548939,0
0.1,0.05,4,permuted,dy,y3,-0.0429664188508,-1
0.1,0.05,5,cubic,dx,1,0.0214563356703,0
0.1,0.05,5,cubic,dx,x,0.876936783524,1
0.1,0.05,5,cubic,dx,y,-2.06565053913,-2
0.1,0.05,5,cubic,dx,x2,-0.0215441964016,0
0.1,0.05,5,cubic,dx,xy,0.00992105011447,0
0.1,0.05,5,cubic,dx,y2,-0.0177025177557,0
0.1,0.05,5,cubic,dx,x3,-0.875454793949,-1
0.1,0.05,5,cubic,dx,x2y,0.0979591667094,0
0.1,0.05,5,cubic,dx,xy2,-0.839481727605,-1
0.1,0.05,5,cubic,dx,y3,0.0779935169546,0
0.1,0.05,5,cubic,dy,1,0.00355878541571,0
0.1,0.05,5,cubic,dy,x,2.11218406519,2
0.1,0.05,5,cubic,dy,y,0.858749236559,1
0.1,0.05,5,cubic,dy,x2,-0.00767352006575,0
0.1,0.05,5,cubic,dy,xy,-0.021642974026,0
0.1,0.05,5,cubic,dy,y2,-0.00471926944858,0
0.1,0.05,5,cubic,dy,x3,-0.119828484126,0
0.1,0.05,5,cubic,dy,x2y,-0.825137230793,-1
0.1,0.05,5,cubic,dy,xy2,-0.0426117284991,0
0.1,0.05,5,cubic,dy,y3,-0.84151472,-1
0.1,0.05,5,affine,dx,1,0.00365704107638,0
0.1,0.05,5,affine,dx,x,0.0234586633675,1
0.1,0.05,5,affine,dx,y,-1.98085029326,-2
0.1,0.05,5,affine,dx,x2,0,0
0.1,0.05,5,affine,dx,xy,0,0
0.1,0.05,5,affine,dx,y2,0,0
0.1,0.05,5,affine,dx,x3,0,-1
0.1,0.05,5,affine,dx,x2y,0,0
0.1,0.05,5,affine,dx,xy2,0,-1
0.1,0.05,5,affine,dx,y3,0,0
0.1,0.05,5,affine,dy,1,0.0164412026592,0
0.1,0.05,5,affine,dy,x,2.01481481296,2
0.1,0.05,5,affine,dy,y,0.0208061289472,1
0.1,0.05,5,affine,dy,x2,0,0
0.1,0.05,5,affine,dy,xy,0,0
0.1,0.05,5,affine,dy,y2,0,0
0.1,0.05,5,affine,dy,x3,0,0
0.1,0.05,5,affine,dy,x2y,0,-1
0.1,0.05,5,affine,dy,xy2,0,0
0.1,0.05,5,affine,dy,y3,0,-1
0.1,0.05,5,permuted,dx,1,-0.0170599847151,0
0.1,0.05,5,permuted,dx,x,-0.0583102223005,1
0.1,0.05,5,permuted,dx,y,-0.00528301466003,-2
0.1,0.05,5,permuted,dx,x2,-0.0784982280636,0
0.1,0.05,5,permuted,dx,xy,-0.215806421128,0
0.1,0.05,5,permuted,dx,y2,-0.0651214742943,0
0.1,0.05,5,permuted,dx,x3,-0.0258799641453,-1
0.1,0.05,5,permuted,dx,x2y,-0.103535074712,0
0.1,0.05,5,permuted,dx,xy2,0.186344587013,-1
0.1,0.05,5,permuted,dx,y3,0.0338093536554,0
0.1,0.05,5,permuted,dy,1,-0.00779841539475,0
0.1,0.05,5,permuted,dy,x,0.190700708302,2
0.1,0.05,5,permuted,dy,y,-0.719833964025,1
0.1,0.05,5,permuted,dy,x2,-0.0167125726685,0
0.1,0.05,5,permuted,dy,xy,0.0952649345808,0
0.1,0.05,5,permuted,dy,y2,0.133384329257,0
0.1,0.05,5,permuted,dy,x3,-0.210384910978,0
0.1,0.05,5,permuted,dy,x2y,1.07099400353,-1
0.1,0.05,5,permuted,dy,xy2,-0.198823869706,0
0.1,0.05,5,permuted,dy,y3,0.539106977091,-1
0.1,0.05,6,cubic,dx,1,-0.0353121490067,0
0.1,0.05,6,cubic,dx,x,0.84013118849,1
0.1,0.05,6,cubic,dx,y,-2.01736870097,-2
0.1,0.05,6,cubic,dx,x2,0.0292100012537,0
0.1,0.05,6,cubic,dx,xy,0.00793144310075,0
0.1,0.05,6,cubic,dx,y2,0.0522839829257,0
0.1,0.05,6,cubic,dx,x3,-0.813688024012,-1
0.1,0.05,6,cubic,dx,x2y,-0.00174368879324,0
0.1,0.05,6,cubic,dx,xy2,-0.875458226409,-1
0.1,0.05,6,cubic,dx,y3,0.0382103496195,0
0.1,0.05,6,cubic,dy,1,-0.0030202022518,0
0.1,0.05,6,cubic,dy,x,2.09477007112,2
0.1,0.05,6,cubic,dy,y,0.958623473735,1
0.1,0.05,6,cubic,dy,x2,-0.00477410782615,0
0.1,0.05,6,cubic,dy,xy,0.00400922216813,0
0.1,0.05,6,cubic,dy,y2,0.0097676958698,0
0.1,0.05,6,cubic,dy,x3,-0.100409552814,0
0.1,0.05,6,cubic,dy,x2y,-0.973214650125,-1
0.1,0.05,6,cubic,dy,xy2,-0.0465911328919,0
0.1,0.05,6,cubic,dy,y3,-0.965407058596,-1
0.1,0.05,6,affine,dx,1,0.00687615700595,0
0.1,0.05,6,affine,dx,x,0.0209501302191,1
0.1,0.05,6,affine,dx,y,-1.990508834,-2
0.1,0.05,6,affine,dx,x2,0,0
0.1,0.05,6,affine,dx,xy,0,0
0.1,0.05,6,affine,dx,y2,0,0
0.1,0.05,6,affine,dx,x3,0,-1
0.1,0.05,6,affine,dx,x2y,0,0
0.1,0.05,6,affine,dx,xy2,0,-1
0.1,0.05,6,affine,dx,y3,0,0
0.1,0.05,6,affine,dy,1,0.0179864702709,0
0.1,0.05,6,affine,dy,x,2.00852266299,2
0.1,0.05,6,affine,dy,y,0.0018432721284,1
0.1,0.05,6,affine,dy,x2,0,0
0.1,0.05,6,affine,dy,xy,0,0
0.1,0.05,6,affine,dy,y2,0,0
0.1,0.05,6,affine,dy,x3,0,0
0.1,0.05,6,affine,dy,x2y,0,-1
0.1,0.05,6,affine,dy,xy2,0,0
0.1,0.05,6,affine,dy,y3,0,-1
0.1,0.05,6,permuted,dx,1,0.137213387393,0
0.1,0.05,6,permuted,dx,x,0.00425989750386,1
0.1,0.05,6,permuted,dx,y,-0.191256138874,-2
0.1,0.05,6,permuted,dx,x2,-0.142005707256,0
0.1,0.05,6,permuted,dx,xy,0.140995206706,0
0.1,0.05,6,permuted,dx,y2,-0.328946960464,0
0.1,0.05,6,permuted,dx,x3,0.101507267074,-1
0.1,0.05,6,permuted,dx,x2y,0.252635800787,0
0.1,0.05,6,permuted,dx,xy2,-0.188854821091,-1
0.1,0.05,6,permuted,dx,y3,0.245980104958,0
0.1,0.05,6,permuted,dy,1,0.130412552042,0
0.1,0.05,6,permuted,dy,x,0.0889222725269,2
0.1,0.05,6,permuted,dy,y,-0.498245588534,1
0.1,0.05,6,permuted,dy,x2,-0.122625415061,0
0.1,0.05,6,permuted,dy,xy,-0.0331026437946,0
0.1,0.05,6,permuted,dy,y2,-0.0687548770864,0
0.1,0.05,6,permuted,dy,x3,-0.164611006776,0
0.1,0.05,6,permuted,dy,x2y,0.47854682759,-1
0.1,0.05,6,permuted,dy,xy2,-0.264709475833,0
0.1,0.05,6,permuted,dy,y3,0.483993944552,-1
0.1,0.05,7,cubic,dx,1,-0.0455161057947,0
0.1,0.05,7,cubic,dx,x,1.05280383775,1
0.1,0.05,7,cubic,dx,y,-2.02304432194,-2
0.1,0.05,7,cubic,dx,x2,0.0530663420276,0
0.1,0.05,7,cubic,dx,xy,0.0194897637599,0
0.1,0.05,7,cubic,dx,y2,0.0372175770383,0
0.1,0.05,7,cubic,dx,x3,-1.02143636177,-1
0.1,0.05,7,cubic,dx,x2y,0.0379519936999,0
0.1,0.05,7,cubic,dx,xy2,-1.11399532402,-1
0.1,0.05,7,cubic,dx,y3,0.0440238609957,0
0.1,0.05,7,cubic,dy,1,0.0335037809519,0
0.1,0.05,7,cubic,dy,x,2.17195087594,2
0.1,0.05,7,cubic,dy,y,0.906769849909,1
0.1,0.05,7,cubic,dy,x2,-0.0288352756199,0
0.1,0.05,7,cubic,dy,xy,-0.00701443229814,0
0.1,0.05,7,cubic,dy,y2,-0.0137527478744,0
0.1,0.05,7,cubic,dy,x3,-0.190361807643,0
0.1,0.05,7,cubic,dy,x2y,-0.853997944483,-1
0.1,0.05,7,cubic,dy,xy2,-0.148933109816,0
0.1,0.05,7,cubic,dy,y3,-0.921414874316,-1
0.1,0.05,7,affine,dx,1,0.00287712304966,0
0.1,0.05,7,affine,dx,x,0.0164085238128,1
0.1,0.05,7,affine,dx,y,-1.98380440582,-2
0.1,0.05,7,affine,dx,x2,0,0
0.1,0.05,7,affine,dx,xy,0,0
0.1,0.05,7,affine,dx,y2,0,0
0.1,0.05,7,affine,dx,x3,0,-1
0.1,0.05,7,affine,dx,x2y,0,0
0.1,0.05,7,affine,dx,xy2,0,-1
0.1,0.05,7,affine,dx,y3,0,0
0.1,0.05,7,affine,dy,1,0.0302098746478,0
0.1,0.05,7,affine,dy,x,1.99334725516,2
0.1,0.05,7,affine,dy,y,0.000509721593982,1
0.1,0.05,7,affine,dy,x2,0,0
0.1,0.05,7,affine,dy,xy,0,0
0.1,0.05,7,affine,dy,y2,0,0
0.1,0.05,7,affine,dy,x3,0,0
0.1,0.05,7,affine,dy,x2y,0,-1
0.1,0.05,7,affine,dy,xy2,0,0
0.1,0.05,7,affine,dy,y3,0,-1
0.1,0.05,7,permuted,dx,1,-0.326800461816,0
0.1,0.05,7,permuted,dx,x,0.0624543611239,1
0.1,0.05,7,permuted,dx,y,-0.0185598402908,-2
0.1,0.05,7,permuted,dx,x2,0.299840036473,0
0.1,0.05,7,permuted,dx,xy,-0.215893516927,0
0.1,0.05,7,permuted,dx,y2,0.228521902283,0
0.1,0.05,7,permuted,dx,x3,-0.140658718829,-1
0.1,0.05,7,permuted,dx,x2y,0.300310595233,0
0.1,0.05,7,permuted,dx,xy2,-0.111587833951,-1
0.1,0.05,7,permuted,dx,y3,-0.199450143207,0
0.1,0.05,7,permuted,dy,1,0.0296887317348,0
0.1,0.05,7,permuted,dy,x,-0.18104845879,2
0.1,0.05,7,permuted,dy,y,0.197065730703,1
0.1,0.05,7,permuted,dy,x2,-0.00401578669695,0
0.1,0.05,7,permuted,dy,xy,-0.0558155870496,0
0.1,0.05,7,permuted,dy,y2,0.0226720561046,0
0.1,0.05,7,permuted,dy,x3,0.247960311872,0
0.1,0.05,7,permuted,dy,x2y,-0.145703139579,-1
0.1,0.05,7,permuted,dy,xy2,0.232780330435,0
0.1,0.05,7,permuted,dy,y3,-0.255443730243,-1
0.1,0.05,8,cubic,dx,1,-0.0202484663901,0
0.1,0.05,8,cubic,dx,x,0.900564748339,1
0.1,0.05,8,cubic,dx,y,-1.99563116414,-2
0.1,0.05,8,cubic,dx,x2,0.00668965022652,0
0.1,0.05,8,cubic,dx,xy,-0.0251723877943,0
0.1,0.05,8,cubic,dx,y2,0.0319152335327,0
0.1,0.05,8,cubic,dx,x3,-0.880902704727,-1
0.1,0.05,8,cubic,dx,x2y,0.0114845677997,0
0.1,0.05,8,cubic,dx,xy2,-0.984360986815,-1
0.1,0.05,8,cubic,dx,y3,0.0101086968942,0
0.1,0.05,8,cubic,dy,1,0.0508010787224,0
0.1,0.05,8,cubic,dy,x,2.10466215895,2
0.1,0.05,8,cubic,dy,y,0.926163656148,1
0.1,0.05,8,cubic,dy,x2,-0.0584869035529,0
0.1,0.05,8,cubic,dy,xy,0.0194824920716,0
0.1,0.05,8,cubic,dy,y2,-0.0439580497351,0
0.1,0.05,8,cubic,dy,x3,-0.0933247479599,0
0.1,0.05,8,cubic,dy,x2y,-0.946205086011,-1
0.1,0.05,8,cubic,dy,xy2,-0.132299886745,0
0.1,0.05,8,cubic,dy,y3,-0.902914139971,-1
0.1,0.05,8,affine,dx,1,0.00367310840116,0
0.1,0.05,8,affine,dx,x,0.00139759031331,1
0.1,0.05,8,affine,dx,y,-1.98644001645,-2
0.1,0.05,8,affine,dx,x2,0,0
0.1,0.05,8,affine,dx,xy,0,0
0.1,0.05,8,affine,dx,y2,0,0
0.1,0.05,8,affine,dx,x3,0,-1
0.1,0.05,8,affine,dx,x2y,0,0
0.1,0.05,8,affine,dx,xy2,0,-1
0.1,0.05,8,affine,dx,y3,0,0
0.1,0.05,8,affine,dy,1,0.02289829997,0
0.1,0.05,8,affine,dy,x,2.0016095376,2
0.1,0.05,8,affine,dy,y,0.0235204986713,1
0.1,0.05,8,affine,dy,x2,0,0
0.1,0.05,8,affine,dy,xy,0,0
0.1,0.05,8,affine,dy,y2,0,0
0.1,0.05,8,affine,dy,x3,0,0
0.1,0.05,8,affine,dy,x2y,0,-1
0.1,0.05,8,affine,dy,xy2,0,0
0.1,0.05,8,affine,dy,y3,0,-1
0.1,0.05,8,permuted,dx,1,-0.110682859421,0
0.1,0.05,8,permuted,dx,x,0.763474064487,1
0.1,0.05,8,permuted,dx,y,-0.178207455174,-2
0.1,0.05,8,permuted,dx,x2,0.0809398068684,0
0.1,0.05,8,permuted,dx,xy,0.221615272929,0
0.1,0.05,8,permuted,dx,y2,-0.0390961365353,0
0.1,0.05,8,permuted,dx,x3,-0.660247907195,-1
0.1,0.05,8,permuted,dx,x2y,0.112048805373,0
0.1,0.05,8,permuted,dx,xy2,-0.610300557344,-1
0.1,0.05,8,permuted,dx,y3,0.217935248068,0
0.1,0.05,8,permuted,dy,1,0.127943096616,0
0.1,0.05,8,permuted,dy,x,-0.624310050647,2
0.1,0.05,8,permuted,dy,y,0.40563112453,1
0.1,0.05,8,permuted,dy,x2,-0.196895763858,0
0.1,0.05,8,permuted,dy,xy,-0.0818781391842,0
0.1,0.05,8,permuted,dy,y2,-0.0227556901999,0
0.1,0.05,8,permuted,dy,x3,0.573828353052,0
0.1,0.05,8,permuted,dy,x2y,-0.445487647862,-1
0.1,0.05,8,permuted,dy,xy2,0.326783454743,0
0.1,0.05,8,permuted,dy,y3,-0.39303140704,-1
0.1,0.05,9,cubic,dx,1,-0.0134031817988,0
0.1,0.05,9,cubic,dx,x,0.93844204885,1
0.1,0.05,9,cubic,dx,y,-2.0798296413,-2
0.1,0.05,9,cubic,dx,x2,0.0192954209236,0
0.1,0.05,9,cubic,dx,xy,0.0143248882265,0
0.1,0.05,9,cubic,dx,y2,0.0234065803231,0
0.1,0.05,9,cubic,dx,x3,-0.907681740571,-1
0.1,0.05,9,cubic,dx,x2y,0.00127131916194,0
0.1,0.05,9,cubic,dx,xy2,-1.01188972061,-1
0.1,0.05,9,cubic,dx,y3,0.119059262567,0
0.1,0.05,9,cubic,dy,1,-0.0172053043709,0
0.1,0.05,9,cubic,dy,x,2.12207264316,2
0.1,0.05,9,cubic,dy,y,0.921496839376,1
0.1,0.05,9,cubic,dy,x2,0.0107532931241,0
0.1,0.05,9,cubic,dy,xy,-0.0166540609346,0
0.1,0.05,9,cubic,dy,y2,0.0301325986571,0
0.1,0.05,9,cubic,dy,x3,-0.136394439381,0
0.1,0.05,9,cubic,dy,x2y,-1.01127228675,-1
0.1,0.05,9,cubic,dy,xy2,-0.110586738199,0
0.1,0.05,9,cubic,dy,y3,-0.871066608688,-1
0.1,0.05,9,affine,dx,1,0.0114933285545,0
0.1,0.05,9,affine,dx,x,0.0112311436244,1
0.1,0.05,9,affine,dx,y,-1.98657155721,-2
0.1,0.05,9,affine,dx,x2,0,0
0.1,0.05,9,affine,dx,xy,0,0
0.1,0.05,9,affine,dx,y2,0,0
0.1,0.05,9,affine,dx,x3,0,-1
0.1,0.05,9,affine,dx,x2y,0,0
0.1,0.05,9,affine,dx,xy2,0,-1
0.1,0.05,9,affine,dx,y3,0,0
0.1,0.05,9,affine,dy,1,0.0175196220046,0
0.1,0.05,9,affine,dy,x,1.99537156777,2
0.1,0.05,9,affine,dy,y,0.0191442855036,1
0.1,0.05,9,affine,dy,x2,0,0
0.1,0.05,9,affine,dy,xy,0,0
0.1,0.05,9,affine,dy,y2,0,0
0.1,0.05,9,affine,dy,x3,0,0
0.1,0.05,9,affine,dy,x2y,0,-1
0.1,0.05,9,affine,dy,xy2,0,0
0.1,0.05,9,affine,dy,y3,0,-1
0.1,0.05,9,permuted,dx,1,-0.484280613817,0
0.1,0.05,9,permuted,dx,x,0.115954950713,1
0.1,0.05,9,permuted,dx,y,-0.229728684831,-2
0.1,0.05,9,permuted,dx,x2,0.412721720844,0
0.1,0.05,9,permuted,dx,xy,-0.0313984839405,0
0.1,0.05,9,permuted,dx,y2,0.455127854208,0
0.1,0.05,9,permuted,dx,x3,-0.0129758239786,-1
0.1,0.05,9,permuted,dx,x2y,0.317966240032,0
0.1,0.05,9,permuted,dx,xy2,-0.0615098191749,-1
0.1,0.05,9,permuted,dx,y3,0.16465427987,0
0.1,0.05,9,permuted,dy,1,0.236491278893,0
0.1,0.05,9,permuted,dy,x,0.0585541409132,2
0.1,0.05,9,permuted,dy,y,-0.238051143891,1
0.1,0.05,9,permuted,dy,x2,-0.19316324976,0
0.1,0.05,9,permuted,dy,xy,-0.221973297358,0
0.1,0.05,9,permuted,dy,y2,-0.240900821809,0
0.1,0.05,9,permuted,dy,x3,-0.0127684188342,0
0.1,0.05,9,permuted,dy,x2y,0.119092103083,-1
0.1,0.05,9,permuted,dy,xy2,0.0371866516749,0
0.1,0.05,9,permuted,dy,y3,0.238554651747,-1
