row_key,record_type,benchmark,task,scenario,scenario_class,method,dimension,value_label,numerator,denominator,rate,status,stress_class,applicable_target_families,source_reference,notes
applicability_pattern|demixing-rotational-robustness|demixing|averaging_mismatch|condition_mean|applicability_rate|,applicability_pattern,demixing-rotational-robustness,demixing,averaging_mismatch,averaging_mismatch,condition_mean,applicability_rate,,6,21,0.285714285714,ok,,,demixing-rotational-robustness/results.csv,applicable means source status is not inapplicable; denominator is task/scenario/method raw Cartesian rows
applicability_pattern|demixing-rotational-robustness|demixing|averaging_mismatch|factorial_design_diagnostic|applicability_rate|,applicability_pattern,demixing-rotational-robustness,demixing,averaging_mismatch,averaging_mismatch,factorial_design_diagnostic,applicability_rate,,3,21,0.142857142857,ok,,,demixing-rotational-robustness/results.csv,applicable means source status is not inapplicable; denominator is task/scenario/method raw Cartesian rows
applicability_pattern|demixing-rotational-robustness|demixing|averaging_mismatch|marginal_pca|applicability_rate|,applicability_pattern,demixing-rotational-robustness,demixing,averaging_mismatch,averaging_mismatch,marginal_pca,applicability_rate,,12,21,0.571428571429,ok,,,demixing-rotational-robustness/results.csv,applicable means source status is not inapplicable; denominator is task/scenario/method raw Cartesian rows
applicability_pattern|demixing-rotational-robustness|demixing|averaging_mismatch|pca|applicability_rate|,applicability_pattern,demixing-rotational-robustness,demixing,averaging_mismatch,averaging_mismatch,pca,applicability_rate,,12,21,0.571428571429,ok,,,demixing-rotational-robustness/results.csv,applicable means source status is not inapplicable; denominator is task/scenario/method raw Cartesian rows
applicability_pattern|demixing-rotational-robustness|demixing|averaging_mismatch|ridge_decoder|applicability_rate|,applicability_pattern,demixing-rotational-robustness,demixing,averaging_mismatch,averaging_mismatch,ridge_decoder,applicability_rate,,6,21,0.285714285714,ok,,,demixing-rotational-robustness/results.csv,applicable means source status is not inapplicable; denominator is task/scenario/method raw Cartesian rows
applicability_pattern|demixing-rotational-robustness|demixing|averaging_mismatch|selected_dpca|applicability_rate|,applicability_pattern,demixing-rotational-robustness,demixing,averaging_mismatch,averaging_mismatch,selected_dpca,applicability_rate,,12,21,0.571428571429,ok,,,demixing-rotational-robustness/results.csv,applicable means source status is not inapplicable; denominator is task/scenario/method raw Cartesian rows
applicability_pattern|demixing-rotational-robustness|demixing|averaging_mismatch|shuffled_decoder_control|applicability_rate|,applicability_pattern,demixing-rotational-robustness,demixing,averaging_mismatch,averaging_mismatch,shuffled_decoder_control,applicability_rate,,6,21,0.285714285714,ok,,,demixing-rotational-robustness/results.csv,applicable means source status is not inapplicable; denominator is task/scenario/method raw Cartesian rows
applicability_pattern|demixing-rotational-robustness|demixing|averaging_mismatch|shuffled_dpca_control|applicability_rate|,applicability_pattern,demixing-rotational-robustness,demixing,averaging_mismatch,averaging_mismatch,shuffled_dpca_control,applicability_rate,,12,21,0.571428571429,ok,,,demixing-rotational-robustness/results.csv,applicable means source status is not inapplicable; denominator is task/scenario/method raw Cartesian rows
applicability_pattern|demixing-rotational-robustness|demixing|balanced_reference|condition_mean|applicability_rate|,applicability_pattern,demixing-rotational-robustness,demixing,balanced_reference,balanced_reference,condition_mean,applicability_rate,,6,21,0.285714285714,ok,,,demixing-rotational-robustness/results.csv,applicable means source status is not inapplicable; denominator is task/scenario/method raw Cartesian rows
applicability_pattern|demixing-rotational-robustness|demixing|balanced_reference|factorial_design_diagnostic|applicability_rate|,applicability_pattern,demixing-rotational-robustness,demixing,balanced_reference,balanced_reference,factorial_design_diagnostic,applicability_rate,,3,21,0.142857142857,ok,,,demixing-rotational-robustness/results.csv,applicable means source status is not inapplicable; denominator is task/scenario/method raw Cartesian rows
applicability_pattern|demixing-rotational-robustness|demixing|balanced_reference|marginal_pca|applicability_rate|,applicability_pattern,demixing-rotational-robustness,demixing,balanced_reference,balanced_reference,marginal_pca,applicability_rate,,12,21,0.571428571429,ok,,,demixing-rotational-robustness/results.csv,applicable means source status is not inapplicable; denominator is task/scenario/method raw Cartesian rows
applicability_pattern|demixing-rotational-robustness|demixing|balanced_reference|pca|applicability_rate|,applicability_pattern,demixing-rotational-robustness,demixing,balanced_reference,balanced_reference,pca,applicability_rate,,12,21,0.571428571429,ok,,,demixing-rotational-robustness/results.csv,applicable means source status is not inapplicable; denominator is task/scenario/method raw Cartesian rows
applicability_pattern|demixing-rotational-robustness|demixing|balanced_reference|ridge_decoder|applicability_rate|,applicability_pattern,demixing-rotational-robustness,demixing,balanced_reference,balanced_reference,ridge_decoder,applicability_rate,,6,21,0.285714285714,ok,,,demixing-rotational-robustness/results.csv,applicable means source status is not inapplicable; denominator is task/scenario/method raw Cartesian rows
applicability_pattern|demixing-rotational-robustness|demixing|balanced_reference|selected_dpca|applicability_rate|,applicability_pattern,demixing-rotational-robustness,demixing,balanced_reference,balanced_reference,selected_dpca,applicability_rate,,12,21,0.571428571429,ok,,,demixing-rotational-robustness/results.csv,applicable means source status is not inapplicable; denominator is task/scenario/method raw Cartesian rows
applicability_pattern|demixing-rotational-robustness|demixing|balanced_reference|shuffled_decoder_control|applicability_rate|,applicability_pattern,demixing-rotational-robustness,demixing,balanced_reference,balanced_reference,shuffled_decoder_control,applicability_rate,,6,21,0.285714285714,ok,,,demixing-rotational-robustness/results.csv,applicable means source status is not inapplicable; denominator is task/scenario/method raw Cartesian rows
applicability_pattern|demixing-rotational-robustness|demixing|balanced_reference|shuffled_dpca_control|applicability_rate|,applicability_pattern,demixing-rotational-robustness,demixing,balanced_reference,balanced_reference,shuffled_dpca_control,applicability_rate,,12,21,0.571428571429,ok,,,demixing-rotational-robustness/results.csv,applicable means source status is not inapplicable; denominator is task/scenario/method raw Cartesian rows
applicability_pattern|demixing-rotational-robustness|demixing|label_shuffle|condition_mean|applicability_rate|,applicability_pattern,demixing-rotational-robustness,demixing,label_shuffle,label_shuffle,condition_mean,applicability_rate,,6,21,0.285714285714,ok,,,demixing-rotational-robustness/results.csv,applicable means source status is not inapplicable; denominator is task/scenario/method raw Cartesian rows
applicability_pattern|demixing-rotational-robustness|demixing|label_shuffle|factorial_design_diagnostic|applicability_rate|,applicability_pattern,demixing-rotational-robustness,demixing,label_shuffle,label_shuffle,factorial_design_diagnostic,applicability_rate,,3,21,0.142857142857,ok,,,demixing-rotational-robustness/results.csv,applicable means source status is not inapplicable; denominator is task/scenario/method raw Cartesian rows
applicability_pattern|demixing-rotational-robustness|demixing|label_shuffle|marginal_pca|applicability_rate|,applicability_pattern,demixing-rotational-robustness,demixing,label_shuffle,label_shuffle,marginal_pca,applicability_rate,,12,21,0.571428571429,ok,,,demixing-rotational-robustness/results.csv,applicable means source status is not inapplicable; denominator is task/scenario/method raw Cartesian rows
applicability_pattern|demixing-rotational-robustness|demixing|label_shuffle|pca|applicability_rate|,applicability_pattern,demixing-rotational-robustness,demixing,label_shuffle,label_shuffle,pca,applicability_rate,,12,21,0.571428571429,ok,,,demixing-rotational-robustness/results.csv,applicable means source status is not inapplicable; denominator is task/scenario/method raw Cartesian rows
applicability_pattern|demixing-rotational-robustness|demixing|label_shuffle|ridge_decoder|applicability_rate|,applicability_pattern,demixing-rotational-robustness,demixing,label_shuffle,label_shuffle,ridge_decoder,applicability_rate,,6,21,0.285714285714,ok,,,demixing-rotational-robustness/results.csv,applicable means source status is not inapplicable; denominator is task/scenario/method raw Cartesian rows
applicability_pattern|demixing-rotational-robustness|demixing|label_shuffle|selected_dpca|applicability_rate|,applicability_pattern,demixing-rotational-robustness,demixing,label_shuffle,label_shuffle,selected_dpca,applicability_rate,,12,21,0.571428571429,ok,,,demixing-rotational-robustness/results.csv,applicable means source status is not inapplicable; denominator is task/scenario/method raw Cartesian rows
applicability_pattern|demixing-rotational-robustness|demixing|label_shuffle|shuffled_decoder_control|applicability_rate|,applicability_pattern,demixing-rotational-robustness,demixing,label_shuffle,label_shuffle,shuffled_decoder_control,applicability_rate,,6,21,0.285714285714,ok,,,demixing-rotational-robustness/results.csv,applicable means source status is not inapplicable; denominator is task/scenario/method raw Cartesian rows
applicability_pattern|demixing-rotational-robustness|demixing|label_shuffle|shuffled_dpca_control|applicability_rate|,applicability_pattern,demixing-rotational-robustness,demixing,label_shuffle,label_shuffle,shuffled_dpca_control,applicability_rate,,12,21,0.571428571429,ok,,,demixing-rotational-robustness/results.csv,applicable means source status is not inapplicable; denominator is task/scenario/method raw Cartesian rows
applicability_pattern|demixing-rotational-robustness|demixing|large_sample|condition_mean|applicability_rate|,applicability_pattern,demixing-rotational-robustness,demixing,large_sample,sample_size,condition_mean,applicability_rate,,6,21,0.285714285714,ok,,,demixing-rotational-robustness/results.csv,applicable means source status is not inapplicable; denominator is task/scenario/method raw Cartesian rows
applicability_pattern|demixing-rotational-robustness|demixing|large_sample|factorial_design_diagnostic|applicability_rate|,applicability_pattern,demixing-rotational-robustness,demixing,large_sample,sample_size,factorial_design_diagnostic,applicability_rate,,3,21,0.142857142857,ok,,,demixing-rotational-robustness/results.csv,applicable means source status is not inapplicable; denominator is task/scenario/method raw Cartesian rows
applicability_pattern|demixing-rotational-robustness|demixing|large_sample|marginal_pca|applicability_rate|,applicability_pattern,demixing-rotational-robustness,demixing,large_sample,sample_size,marginal_pca,applicability_rate,,12,21,0.571428571429,ok,,,demixing-rotational-robustness/results.csv,applicable means source status is not inapplicable; denominator is task/scenario/method raw Cartesian rows
applicability_pattern|demixing-rotational-robustness|demixing|large_sample|pca|applicability_rate|,applicability_pattern,demixing-rotational-robustness,demixing,large_sample,sample_size,pca,applicability_rate,,12,21,0.571428571429,ok,,,demixing-rotational-robustness/results.csv,applicable means source status is not inapplicable; denominator is task/scenario/method raw Cartesian rows
applicability_pattern|demixing-rotational-robustness|demixing|large_sample|ridge_decoder|applicability_rate|,applicability_pattern,demixing-rotational-robustness,demixing,large_sample,sample_size,ridge_decoder,applicability_rate,,6,21,0.285714285714,ok,,,demixing-rotational-robustness/results.csv,applicable means source status is not inapplicable; denominator is task/scenario/method raw Cartesian rows
applicability_pattern|demixing-rotational-robustness|demixing|large_sample|selected_dpca|applicability_rate|,applicability_pattern,demixing-rotational-robustness,demixing,large_sample,sample_size,selected_dpca,applicability_rate,,12,21,0.571428571429,ok,,,demixing-rotational-robustness/results.csv,applicable means source status is not inapplicable; denominator is task/scenario/method raw Cartesian rows
applicability_pattern|demixing-rotational-robustness|demixing|large_sample|shuffled_decoder_control|applicability_rate|,applicability_pattern,demixing-rotational-robustness,demixing,large_sample,sample_size,shuffled_decoder_control,applicability_rate,,6,21,0.285714285714,ok,,,demixing-rotational-robustness/results.csv,applicable means source status is not inapplicable; denominator is task/scenario/method raw Cartesian rows
applicability_pattern|demixing-rotational-robustness|demixing|large_sample|shuffled_dpca_control|applicability_rate|,applicability_pattern,demixing-rotational-robustness,demixing,large_sample,sample_size,shuffled_dpca_control,applicability_rate,,12,21,0.571428571429,ok,,,demixing-rotational-robustness/results.csv,applicable means source status is not inapplicable; denominator is task/scenario/method raw Cartesian rows
applicability_pattern|demixing-rotational-robustness|demixing|missing_cell|condition_mean|applicability_rate|,applicability_pattern,demixing-rotational-robustness,demixing,missing_cell,missing_unbalanced_cells,condition_mean,applicability_rate,,6,21,0.285714285714,ok,,,demixing-rotational-robustness/results.csv,applicable means source status is not inapplicable; denominator is task/scenario/method raw Cartesian rows
applicability_pattern|demixing-rotational-robustness|demixing|missing_cell|factorial_design_diagnostic|applicability_rate|,applicability_pattern,demixing-rotational-robustness,demixing,missing_cell,missing_unbalanced_cells,factorial_design_diagnostic,applicability_rate,,3,21,0.142857142857,ok,,,demixing-rotational-robustness/results.csv,applicable means source status is not inapplicable; denominator is task/scenario/method raw Cartesian rows
applicability_pattern|demixing-rotational-robustness|demixing|missing_cell|marginal_pca|applicability_rate|,applicability_pattern,demixing-rotational-robustness,demixing,missing_cell,missing_unbalanced_cells,marginal_pca,applicability_rate,,12,21,0.571428571429,ok,,,demixing-rotational-robustness/results.csv,applicable means source status is not inapplicable; denominator is task/scenario/method raw Cartesian rows
applicability_pattern|demixing-rotational-robustness|demixing|missing_cell|pca|applicability_rate|,applicability_pattern,demixing-rotational-robustness,demixing,missing_cell,missing_unbalanced_cells,pca,applicability_rate,,12,21,0.571428571429,ok,,,demixing-rotational-robustness/results.csv,applicable means source status is not inapplicable; denominator is task/scenario/method raw Cartesian rows
applicability_pattern|demixing-rotational-robustness|demixing|missing_cell|ridge_decoder|applicability_rate|,applicability_pattern,demixing-rotational-robustness,demixing,missing_cell,missing_unbalanced_cells,ridge_decoder,applicability_rate,,6,21,0.285714285714,ok,,,demixing-rotational-robustness/results.csv,applicable means source status is not inapplicable; denominator is task/scenario/method raw Cartesian rows
applicability_pattern|demixing-rotational-robustness|demixing|missing_cell|selected_dpca|applicability_rate|,applicability_pattern,demixing-rotational-robustness,demixing,missing_cell,missing_unbalanced_cells,selected_dpca,applicability_rate,,12,21,0.571428571429,ok,,,demixing-rotational-robustness/results.csv,applicable means source status is not inapplicable; denominator is task/scenario/method raw Cartesian rows
applicability_pattern|demixing-rotational-robustness|demixing|missing_cell|shuffled_decoder_control|applicability_rate|,applicability_pattern,demixing-rotational-robustness,demixing,missing_cell,missing_unbalanced_cells,shuffled_decoder_control,applicability_rate,,6,21,0.285714285714,ok,,,demixing-rotational-robustness/results.csv,applicable means source status is not inapplicable; denominator is task/scenario/method raw Cartesian rows
applicability_pattern|demixing-rotational-robustness|demixing|missing_cell|shuffled_dpca_control|applicability_rate|,applicability_pattern,demixing-rotational-robustness,demixing,missing_cell,missing_unbalanced_cells,shuffled_dpca_control,applicability_rate,,12,21,0.571428571429,ok,,,demixing-rotational-robustness/results.csv,applicable means source status is not inapplicable; denominator is task/scenario/method raw Cartesian rows
applicability_pattern|demixing-rotational-robustness|demixing|near_collinear|condition_mean|applicability_rate|,applicability_pattern,demixing-rotational-robustness,demixing,near_collinear,near_collinear_subspaces,condition_mean,applicability_rate,,6,21,0.285714285714,ok,,,demixing-rotational-robustness/results.csv,applicable means source status is not inapplicable; denominator is task/scenario/method raw Cartesian rows
applicability_pattern|demixing-rotational-robustness|demixing|near_collinear|factorial_design_diagnostic|applicability_rate|,applicability_pattern,demixing-rotational-robustness,demixing,near_collinear,near_collinear_subspaces,factorial_design_diagnostic,applicability_rate,,3,21,0.142857142857,ok,,,demixing-rotational-robustness/results.csv,applicable means source status is not inapplicable; denominator is task/scenario/method raw Cartesian rows
applicability_pattern|demixing-rotational-robustness|demixing|near_collinear|marginal_pca|applicability_rate|,applicability_pattern,demixing-rotational-robustness,demixing,near_collinear,near_collinear_subspaces,marginal_pca,applicability_rate,,12,21,0.571428571429,ok,,,demixing-rotational-robustness/results.csv,applicable means source status is not inapplicable; denominator is task/scenario/method raw Cartesian rows
applicability_pattern|demixing-rotational-robustness|demixing|near_collinear|pca|applicability_rate|,applicability_pattern,demixing-rotational-robustness,demixing,near_collinear,near_collinear_subspaces,pca,applicability_rate,,12,21,0.571428571429,ok,,,demixing-rotational-robustness/results.csv,applicable means source status is not inapplicable; denominator is task/scenario/method raw Cartesian rows
applicability_pattern|demixing-rotational-robustness|demixing|near_collinear|ridge_decoder|applicability_rate|,applicability_pattern,demixing-rotational-robustness,demixing,near_collinear,near_collinear_subspaces,ridge_decoder,applicability_rate,,6,21,0.285714285714,ok,,,demixing-rotational-robustness/results.csv,applicable means source status is not inapplicable; denominator is task/scenario/method raw Cartesian rows
applicability_pattern|demixing-rotational-robustness|demixing|near_collinear|selected_dpca|applicability_rate|,applicability_pattern,demixing-rotational-robustness,demixing,near_collinear,near_collinear_subspaces,selected_dpca,applicability_rate,,12,21,0.571428571429,ok,,,demixing-rotational-robustness/results.csv,applicable means source status is not inapplicable; denominator is task/scenario/method raw Cartesian rows
applicability_pattern|demixing-rotational-robustness|demixing|near_collinear|shuffled_decoder_control|applicability_rate|,applicability_pattern,demixing-rotational-robustness,demixing,near_collinear,near_collinear_subspaces,shuffled_decoder_control,applicability_rate,,6,21,0.285714285714,ok,,,demixing-rotational-robustness/results.csv,applicable means source status is not inapplicable; denominator is task/scenario/method raw Cartesian rows
applicability_pattern|demixing-rotational-robustness|demixing|near_collinear|shuffled_dpca_control|applicability_rate|,applicability_pattern,demixing-rotational-robustness,demixing,near_collinear,near_collinear_subspaces,shuffled_dpca_control,applicability_rate,,12,21,0.571428571429,ok,,,demixing-rotational-robustness/results.csv,applicable means source status is not inapplicable; denominator is task/scenario/method raw Cartesian rows
applicability_pattern|demixing-rotational-robustness|demixing|pseudo_population|condition_mean|applicability_rate|,applicability_pattern,demixing-rotational-robustness,demixing,pseudo_population,pseudo_population,condition_mean,applicability_rate,,6,21,0.285714285714,ok,,,demixing-rotational-robustness/results.csv,applicable means source status is not inapplicable; denominator is task/scenario/method raw Cartesian rows
applicability_pattern|demixing-rotational-robustness|demixing|pseudo_population|factorial_design_diagnostic|applicability_rate|,applicability_pattern,demixing-rotational-robustness,demixing,pseudo_population,pseudo_population,factorial_design_diagnostic,applicability_rate,,3,21,0.142857142857,ok,,,demixing-rotational-robustness/results.csv,applicable means source status is not inapplicable; denominator is task/scenario/method raw Cartesian rows
applicability_pattern|demixing-rotational-robustness|demixing|pseudo_population|marginal_pca|applicability_rate|,applicability_pattern,demixing-rotational-robustness,demixing,pseudo_population,pseudo_population,marginal_pca,applicability_rate,,12,21,0.571428571429,ok,,,demixing-rotational-robustness/results.csv,applicable means source status is not inapplicable; denominator is task/scenario/method raw Cartesian rows
applicability_pattern|demixing-rotational-robustness|demixing|pseudo_population|pca|applicability_rate|,applicability_pattern,demixing-rotational-robustness,demixing,pseudo_population,pseudo_population,pca,applicability_rate,,12,21,0.571428571429,ok,,,demixing-rotational-robustness/results.csv,applicable means source status is not inapplicable; denominator is task/scenario/method raw Cartesian rows
applicability_pattern|demixing-rotational-robustness|demixing|pseudo_population|ridge_decoder|applicability_rate|,applicability_pattern,demixing-rotational-robustness,demixing,pseudo_population,pseudo_population,ridge_decoder,applicability_rate,,6,21,0.285714285714,ok,,,demixing-rotational-robustness/results.csv,applicable means source status is not inapplicable; denominator is task/scenario/method raw Cartesian rows
applicability_pattern|demixing-rotational-robustness|demixing|pseudo_population|selected_dpca|applicability_rate|,applicability_pattern,demixing-rotational-robustness,demixing,pseudo_population,pseudo_population,selected_dpca,applicability_rate,,12,21,0.571428571429,ok,,,demixing-rotational-robustness/results.csv,applicable means source status is not inapplicable; denominator is task/scenario/method raw Cartesian rows
applicability_pattern|demixing-rotational-robustness|demixing|pseudo_population|shuffled_decoder_control|applicability_rate|,applicability_pattern,demixing-rotational-robustness,demixing,pseudo_population,pseudo_population,shuffled_decoder_control,applicability_rate,,6,21,0.285714285714,ok,,,demixing-rotational-robustness/results.csv,applicable means source status is not inapplicable; denominator is task/scenario/method raw Cartesian rows
applicability_pattern|demixing-rotational-robustness|demixing|pseudo_population|shuffled_dpca_control|applicability_rate|,applicability_pattern,demixing-rotational-robustness,demixing,pseudo_population,pseudo_population,shuffled_dpca_control,applicability_rate,,12,21,0.571428571429,ok,,,demixing-rotational-robustness/results.csv,applicable means source status is not inapplicable; denominator is task/scenario/method raw Cartesian rows
applicability_pattern|demixing-rotational-robustness|demixing|small_sample|condition_mean|applicability_rate|,applicability_pattern,demixing-rotational-robustness,demixing,small_sample,sample_size,condition_mean,applicability_rate,,6,21,0.285714285714,ok,,,demixing-rotational-robustness/results.csv,applicable means source status is not inapplicable; denominator is task/scenario/method raw Cartesian rows
applicability_pattern|demixing-rotational-robustness|demixing|small_sample|factorial_design_diagnostic|applicability_rate|,applicability_pattern,demixing-rotational-robustness,demixing,small_sample,sample_size,factorial_design_diagnostic,applicability_rate,,3,21,0.142857142857,ok,,,demixing-rotational-robustness/results.csv,applicable means source status is not inapplicable; denominator is task/scenario/method raw Cartesian rows
applicability_pattern|demixing-rotational-robustness|demixing|small_sample|marginal_pca|applicability_rate|,applicability_pattern,demixing-rotational-robustness,demixing,small_sample,sample_size,marginal_pca,applicability_rate,,12,21,0.571428571429,ok,,,demixing-rotational-robustness/results.csv,applicable means source status is not inapplicable; denominator is task/scenario/method raw Cartesian rows
applicability_pattern|demixing-rotational-robustness|demixing|small_sample|pca|applicability_rate|,applicability_pattern,demixing-rotational-robustness,demixing,small_sample,sample_size,pca,applicability_rate,,12,21,0.571428571429,ok,,,demixing-rotational-robustness/results.csv,applicable means source status is not inapplicable; denominator is task/scenario/method raw Cartesian rows
applicability_pattern|demixing-rotational-robustness|demixing|small_sample|ridge_decoder|applicability_rate|,applicability_pattern,demixing-rotational-robustness,demixing,small_sample,sample_size,ridge_decoder,applicability_rate,,6,21,0.285714285714,ok,,,demixing-rotational-robustness/results.csv,applicable means source status is not inapplicable; denominator is task/scenario/method raw Cartesian rows
applicability_pattern|demixing-rotational-robustness|demixing|small_sample|selected_dpca|applicability_rate|,applicability_pattern,demixing-rotational-robustness,demixing,small_sample,sample_size,selected_dpca,applicability_rate,,12,21,0.571428571429,ok,,,demixing-rotational-robustness/results.csv,applicable means source status is not inapplicable; denominator is task/scenario/method raw Cartesian rows
applicability_pattern|demixing-rotational-robustness|demixing|small_sample|shuffled_decoder_control|applicability_rate|,applicability_pattern,demixing-rotational-robustness,demixing,small_sample,sample_size,shuffled_decoder_control,applicability_rate,,6,21,0.285714285714,ok,,,demixing-rotational-robustness/results.csv,applicable means source status is not inapplicable; denominator is task/scenario/method raw Cartesian rows
applicability_pattern|demixing-rotational-robustness|demixing|small_sample|shuffled_dpca_control|applicability_rate|,applicability_pattern,demixing-rotational-robustness,demixing,small_sample,sample_size,shuffled_dpca_control,applicability_rate,,12,21,0.571428571429,ok,,,demixing-rotational-robustness/results.csv,applicable means source status is not inapplicable; denominator is task/scenario/method raw Cartesian rows
applicability_pattern|demixing-rotational-robustness|demixing|unbalanced_cells|condition_mean|applicability_rate|,applicability_pattern,demixing-rotational-robustness,demixing,unbalanced_cells,missing_unbalanced_cells,condition_mean,applicability_rate,,6,21,0.285714285714,ok,,,demixing-rotational-robustness/results.csv,applicable means source status is not inapplicable; denominator is task/scenario/method raw Cartesian rows
applicability_pattern|demixing-rotational-robustness|demixing|unbalanced_cells|factorial_design_diagnostic|applicability_rate|,applicability_pattern,demixing-rotational-robustness,demixing,unbalanced_cells,missing_unbalanced_cells,factorial_design_diagnostic,applicability_rate,,3,21,0.142857142857,ok,,,demixing-rotational-robustness/results.csv,applicable means source status is not inapplicable; denominator is task/scenario/method raw Cartesian rows
applicability_pattern|demixing-rotational-robustness|demixing|unbalanced_cells|marginal_pca|applicability_rate|,applicability_pattern,demixing-rotational-robustness,demixing,unbalanced_cells,missing_unbalanced_cells,marginal_pca,applicability_rate,,12,21,0.571428571429,ok,,,demixing-rotational-robustness/results.csv,applicable means source status is not inapplicable; denominator is task/scenario/method raw Cartesian rows
applicability_pattern|demixing-rotational-robustness|demixing|unbalanced_cells|pca|applicability_rate|,applicability_pattern,demixing-rotational-robustness,demixing,unbalanced_cells,missing_unbalanced_cells,pca,applicability_rate,,12,21,0.571428571429,ok,,,demixing-rotational-robustness/results.csv,applicable means source status is not inapplicable; denominator is task/scenario/method raw Cartesian rows
applicability_pattern|demixing-rotational-robustness|demixing|unbalanced_cells|ridge_decoder|applicability_rate|,applicability_pattern,demixing-rotational-robustness,demixing,unbalanced_cells,missing_unbalanced_cells,ridge_decoder,applicability_rate,,6,21,0.285714285714,ok,,,demixing-rotational-robustness/results.csv,applicable means source status is not inapplicable; denominator is task/scenario/method raw Cartesian rows
applicability_pattern|demixing-rotational-robustness|demixing|unbalanced_cells|selected_dpca|applicability_rate|,applicability_pattern,demixing-rotational-robustness,demixing,unbalanced_cells,missing_unbalanced_cells,selected_dpca,applicability_rate,,12,21,0.571428571429,ok,,,demixing-rotational-robustness/results.csv,applicable means source status is not inapplicable; denominator is task/scenario/method raw Cartesian rows
applicability_pattern|demixing-rotational-robustness|demixing|unbalanced_cells|shuffled_decoder_control|applicability_rate|,applicability_pattern,demixing-rotational-robustness,demixing,unbalanced_cells,missing_unbalanced_cells,shuffled_decoder_control,applicability_rate,,6,21,0.285714285714,ok,,,demixing-rotational-robustness/results.csv,applicable means source status is not inapplicable; denominator is task/scenario/method raw Cartesian rows
applicability_pattern|demixing-rotational-robustness|demixing|unbalanced_cells|shuffled_dpca_control|applicability_rate|,applicability_pattern,demixing-rotational-robustness,demixing,unbalanced_cells,missing_unbalanced_cells,shuffled_dpca_control,applicability_rate,,12,21,0.571428571429,ok,,,demixing-rotational-robustness/results.csv,applicable means source status is not inapplicable; denominator is task/scenario/method raw Cartesian rows
applicability_pattern|demixing-rotational-robustness|rotation|clean_rotation|covariance_shuffle_control|applicability_rate|,applicability_pattern,demixing-rotational-robustness,rotation,clean_rotation,clean_rotation,covariance_shuffle_control,applicability_rate,,9,15,0.6,ok,,,demixing-rotational-robustness/results.csv,applicable means source status is not inapplicable; denominator is task/scenario/method raw Cartesian rows
applicability_pattern|demixing-rotational-robustness|rotation|clean_rotation|fixed_plane|applicability_rate|,applicability_pattern,demixing-rotational-robustness,rotation,clean_rotation,clean_rotation,fixed_plane,applicability_rate,,6,15,0.4,ok,,,demixing-rotational-robustness/results.csv,applicable means source status is not inapplicable; denominator is task/scenario/method raw Cartesian rows
applicability_pattern|demixing-rotational-robustness|rotation|clean_rotation|input_aware_fit|applicability_rate|,applicability_pattern,demixing-rotational-robustness,rotation,clean_rotation,clean_rotation,input_aware_fit,applicability_rate,,3,15,0.2,ok,,,demixing-rotational-robustness/results.csv,applicable means source status is not inapplicable; denominator is task/scenario/method raw Cartesian rows
applicability_pattern|demixing-rotational-robustness|rotation|clean_rotation|pca_plane|applicability_rate|,applicability_pattern,demixing-rotational-robustness,rotation,clean_rotation,clean_rotation,pca_plane,applicability_rate,,6,15,0.4,ok,,,demixing-rotational-robustness/results.csv,applicable means source status is not inapplicable; denominator is task/scenario/method raw Cartesian rows
applicability_pattern|demixing-rotational-robustness|rotation|clean_rotation|random_plane|applicability_rate|,applicability_pattern,demixing-rotational-robustness,rotation,clean_rotation,clean_rotation,random_plane,applicability_rate,,6,15,0.4,ok,,,demixing-rotational-robustness/results.csv,applicable means source status is not inapplicable; denominator is task/scenario/method raw Cartesian rows
applicability_pattern|demixing-rotational-robustness|rotation|clean_rotation|skew_fit|applicability_rate|,applicability_pattern,demixing-rotational-robustness,rotation,clean_rotation,clean_rotation,skew_fit,applicability_rate,,12,15,0.8,ok,,,demixing-rotational-robustness/results.csv,applicable means source status is not inapplicable; denominator is task/scenario/method raw Cartesian rows
applicability_pattern|demixing-rotational-robustness|rotation|clean_rotation|symmetric_fit|applicability_rate|,applicability_pattern,demixing-rotational-robustness,rotation,clean_rotation,clean_rotation,symmetric_fit,applicability_rate,,3,15,0.2,ok,,,demixing-rotational-robustness/results.csv,applicable means source status is not inapplicable; denominator is task/scenario/method raw Cartesian rows
applicability_pattern|demixing-rotational-robustness|rotation|clean_rotation|unrestricted_fit|applicability_rate|,applicability_pattern,demixing-rotational-robustness,rotation,clean_rotation,clean_rotation,unrestricted_fit,applicability_rate,,12,15,0.8,ok,,,demixing-rotational-robustness/results.csv,applicable means source status is not inapplicable; denominator is task/scenario/method raw Cartesian rows
applicability_pattern|demixing-rotational-robustness|rotation|common_input|covariance_shuffle_control|applicability_rate|,applicability_pattern,demixing-rotational-robustness,rotation,common_input,common_input,covariance_shuffle_control,applicability_rate,,6,15,0.4,ok,,,demixing-rotational-robustness/results.csv,applicable means source status is not inapplicable; denominator is task/scenario/method raw Cartesian rows
applicability_pattern|demixing-rotational-robustness|rotation|common_input|fixed_plane|applicability_rate|,applicability_pattern,demixing-rotational-robustness,rotation,common_input,common_input,fixed_plane,applicability_rate,,3,15,0.2,ok,,,demixing-rotational-robustness/results.csv,applicable means source status is not inapplicable; denominator is task/scenario/method raw Cartesian rows
applicability_pattern|demixing-rotational-robustness|rotation|common_input|input_aware_fit|applicability_rate|,applicability_pattern,demixing-rotational-robustness,rotation,common_input,common_input,input_aware_fit,applicability_rate,,3,15,0.2,ok,,,demixing-rotational-robustness/results.csv,applicable means source status is not inapplicable; denominator is task/scenario/method raw Cartesian rows
applicability_pattern|demixing-rotational-robustness|rotation|common_input|pca_plane|applicability_rate|,applicability_pattern,demixing-rotational-robustness,rotation,common_input,common_input,pca_plane,applicability_rate,,3,15,0.2,ok,,,demixing-rotational-robustness/results.csv,applicable means source status is not inapplicable; denominator is task/scenario/method raw Cartesian rows
applicability_pattern|demixing-rotational-robustness|rotation|common_input|random_plane|applicability_rate|,applicability_pattern,demixing-rotational-robustness,rotation,common_input,common_input,random_plane,applicability_rate,,3,15,0.2,ok,,,demixing-rotational-robustness/results.csv,applicable means source status is not inapplicable; denominator is task/scenario/method raw Cartesian rows
applicability_pattern|demixing-rotational-robustness|rotation|common_input|skew_fit|applicability_rate|,applicability_pattern,demixing-rotational-robustness,rotation,common_input,common_input,skew_fit,applicability_rate,,6,15,0.4,ok,,,demixing-rotational-robustness/results.csv,applicable means source status is not inapplicable; denominator is task/scenario/method raw Cartesian rows
applicability_pattern|demixing-rotational-robustness|rotation|common_input|symmetric_fit|applicability_rate|,applicability_pattern,demixing-rotational-robustness,rotation,common_input,common_input,symmetric_fit,applicability_rate,,3,15,0.2,ok,,,demixing-rotational-robustness/results.csv,applicable means source status is not inapplicable; denominator is task/scenario/method raw Cartesian rows
applicability_pattern|demixing-rotational-robustness|rotation|common_input|unrestricted_fit|applicability_rate|,applicability_pattern,demixing-rotational-robustness,rotation,common_input,common_input,unrestricted_fit,applicability_rate,,6,15,0.4,ok,,,demixing-rotational-robustness/results.csv,applicable means source status is not inapplicable; denominator is task/scenario/method raw Cartesian rows
applicability_pattern|demixing-rotational-robustness|rotation|covariance_control|covariance_shuffle_control|applicability_rate|,applicability_pattern,demixing-rotational-robustness,rotation,covariance_control,covariance_control,covariance_shuffle_control,applicability_rate,,6,15,0.4,ok,,,demixing-rotational-robustness/results.csv,applicable means source status is not inapplicable; denominator is task/scenario/method raw Cartesian rows
applicability_pattern|demixing-rotational-robustness|rotation|covariance_control|fixed_plane|applicability_rate|,applicability_pattern,demixing-rotational-robustness,rotation,covariance_control,covariance_control,fixed_plane,applicability_rate,,3,15,0.2,ok,,,demixing-rotational-robustness/results.csv,applicable means source status is not inapplicable; denominator is task/scenario/method raw Cartesian rows
applicability_pattern|demixing-rotational-robustness|rotation|covariance_control|input_aware_fit|applicability_rate|,applicability_pattern,demixing-rotational-robustness,rotation,covariance_control,covariance_control,input_aware_fit,applicability_rate,,3,15,0.2,ok,,,demixing-rotational-robustness/results.csv,applicable means source status is not inapplicable; denominator is task/scenario/method raw Cartesian rows
applicability_pattern|demixing-rotational-robustness|rotation|covariance_control|pca_plane|applicability_rate|,applicability_pattern,demixing-rotational-robustness,rotation,covariance_control,covariance_control,pca_plane,applicability_rate,,3,15,0.2,ok,,,demixing-rotational-robustness/results.csv,applicable means source status is not inapplicable; denominator is task/scenario/method raw Cartesian rows
applicability_pattern|demixing-rotational-robustness|rotation|covariance_control|random_plane|applicability_rate|,applicability_pattern,demixing-rotational-robustness,rotation,covariance_control,covariance_control,random_plane,applicability_rate,,3,15,0.2,ok,,,demixing-rotational-robustness/results.csv,applicable means source status is not inapplicable; denominator is task/scenario/method raw Cartesian rows
applicability_pattern|demixing-rotational-robustness|rotation|covariance_control|skew_fit|applicability_rate|,applicability_pattern,demixing-rotational-robustness,rotation,covariance_control,covariance_control,skew_fit,applicability_rate,,6,15,0.4,ok,,,demixing-rotational-robustness/results.csv,applicable means source status is not inapplicable; denominator is task/scenario/method raw Cartesian rows
applicability_pattern|demixing-rotational-robustness|rotation|covariance_control|symmetric_fit|applicability_rate|,applicability_pattern,demixing-rotational-robustness,rotation,covariance_control,covariance_control,symmetric_fit,applicability_rate,,3,15,0.2,ok,,,demixing-rotational-robustness/results.csv,applicable means source status is not inapplicable; denominator is task/scenario/method raw Cartesian rows
applicability_pattern|demixing-rotational-robustness|rotation|covariance_control|unrestricted_fit|applicability_rate|,applicability_pattern,demixing-rotational-robustness,rotation,covariance_control,covariance_control,unrestricted_fit,applicability_rate,,6,15,0.4,ok,,,demixing-rotational-robustness/results.csv,applicable means source status is not inapplicable; denominator is task/scenario/method raw Cartesian rows
applicability_pattern|demixing-rotational-robustness|rotation|latency_sequence|covariance_shuffle_control|applicability_rate|,applicability_pattern,demixing-rotational-robustness,rotation,latency_sequence,latency,covariance_shuffle_control,applicability_rate,,6,15,0.4,ok,,,demixing-rotational-robustness/results.csv,applicable means source status is not inapplicable; denominator is task/scenario/method raw Cartesian rows
applicability_pattern|demixing-rotational-robustness|rotation|latency_sequence|fixed_plane|applicability_rate|,applicability_pattern,demixing-rotational-robustness,rotation,latency_sequence,latency,fixed_plane,applicability_rate,,3,15,0.2,ok,,,demixing-rotational-robustness/results.csv,applicable means source status is not inapplicable; denominator is task/scenario/method raw Cartesian rows
applicability_pattern|demixing-rotational-robustness|rotation|latency_sequence|input_aware_fit|applicability_rate|,applicability_pattern,demixing-rotational-robustness,rotation,latency_sequence,latency,input_aware_fit,applicability_rate,,3,15,0.2,ok,,,demixing-rotational-robustness/results.csv,applicable means source status is not inapplicable; denominator is task/scenario/method raw Cartesian rows
applicability_pattern|demixing-rotational-robustness|rotation|latency_sequence|pca_plane|applicability_rate|,applicability_pattern,demixing-rotational-robustness,rotation,latency_sequence,latency,pca_plane,applicability_rate,,3,15,0.2,ok,,,demixing-rotational-robustness/results.csv,applicable means source status is not inapplicable; denominator is task/scenario/method raw Cartesian rows
applicability_pattern|demixing-rotational-robustness|rotation|latency_sequence|random_plane|applicability_rate|,applicability_pattern,demixing-rotational-robustness,rotation,latency_sequence,latency,random_plane,applicability_rate,,3,15,0.2,ok,,,demixing-rotational-robustness/results.csv,applicable means source status is not inapplicable; denominator is task/scenario/method raw Cartesian rows
applicability_pattern|demixing-rotational-robustness|rotation|latency_sequence|skew_fit|applicability_rate|,applicability_pattern,demixing-rotational-robustness,rotation,latency_sequence,latency,skew_fit,applicability_rate,,6,15,0.4,ok,,,demixing-rotational-robustness/results.csv,applicable means source status is not inapplicable; denominator is task/scenario/method raw Cartesian rows
applicability_pattern|demixing-rotational-robustness|rotation|latency_sequence|symmetric_fit|applicability_rate|,applicability_pattern,demixing-rotational-robustness,rotation,latency_sequence,latency,symmetric_fit,applicability_rate,,3,15,0.2,ok,,,demixing-rotational-robustness/results.csv,applicable means source status is not inapplicable; denominator is task/scenario/method raw Cartesian rows
applicability_pattern|demixing-rotational-robustness|rotation|latency_sequence|unrestricted_fit|applicability_rate|,applicability_pattern,demixing-rotational-robustness,rotation,latency_sequence,latency,unrestricted_fit,applicability_rate,,6,15,0.4,ok,,,demixing-rotational-robustness/results.csv,applicable means source status is not inapplicable; denominator is task/scenario/method raw Cartesian rows
applicability_pattern|demixing-rotational-robustness|rotation|no_condition_subtraction|covariance_shuffle_control|applicability_rate|,applicability_pattern,demixing-rotational-robustness,rotation,no_condition_subtraction,smoothing_subtraction,covariance_shuffle_control,applicability_rate,,9,15,0.6,ok,,,demixing-rotational-robustness/results.csv,applicable means source status is not inapplicable; denominator is task/scenario/method raw Cartesian rows
applicability_pattern|demixing-rotational-robustness|rotation|no_condition_subtraction|fixed_plane|applicability_rate|,applicability_pattern,demixing-rotational-robustness,rotation,no_condition_subtraction,smoothing_subtraction,fixed_plane,applicability_rate,,6,15,0.4,ok,,,demixing-rotational-robustness/results.csv,applicable means source status is not inapplicable; denominator is task/scenario/method raw Cartesian rows
applicability_pattern|demixing-rotational-robustness|rotation|no_condition_subtraction|input_aware_fit|applicability_rate|,applicability_pattern,demixing-rotational-robustness,rotation,no_condition_subtraction,smoothing_subtraction,input_aware_fit,applicability_rate,,3,15,0.2,ok,,,demixing-rotational-robustness/results.csv,applicable means source status is not inapplicable; denominator is task/scenario/method raw Cartesian rows
applicability_pattern|demixing-rotational-robustness|rotation|no_condition_subtraction|pca_plane|applicability_rate|,applicability_pattern,demixing-rotational-robustness,rotation,no_condition_subtraction,smoothing_subtraction,pca_plane,applicability_rate,,6,15,0.4,ok,,,demixing-rotational-robustness/results.csv,applicable means source status is not inapplicable; denominator is task/scenario/method raw Cartesian rows
applicability_pattern|demixing-rotational-robustness|rotation|no_condition_subtraction|random_plane|applicability_rate|,applicability_pattern,demixing-rotational-robustness,rotation,no_condition_subtraction,smoothing_subtraction,random_plane,applicability_rate,,6,15,0.4,ok,,,demixing-rotational-robustness/results.csv,applicable means source status is not inapplicable; denominator is task/scenario/method raw Cartesian rows
applicability_pattern|demixing-rotational-robustness|rotation|no_condition_subtraction|skew_fit|applicability_rate|,applicability_pattern,demixing-rotational-robustness,rotation,no_condition_subtraction,smoothing_subtraction,skew_fit,applicability_rate,,12,15,0.8,ok,,,demixing-rotational-robustness/results.csv,applicable means source status is not inapplicable; denominator is task/scenario/method raw Cartesian rows
applicability_pattern|demixing-rotational-robustness|rotation|no_condition_subtraction|symmetric_fit|applicability_rate|,applicability_pattern,demixing-rotational-robustness,rotation,no_condition_subtraction,smoothing_subtraction,symmetric_fit,applicability_rate,,3,15,0.2,ok,,,demixing-rotational-robustness/results.csv,applicable means source status is not inapplicable; denominator is task/scenario/method raw Cartesian rows
applicability_pattern|demixing-rotational-robustness|rotation|no_condition_subtraction|unrestricted_fit|applicability_rate|,applicability_pattern,demixing-rotational-robustness,rotation,no_condition_subtraction,smoothing_subtraction,unrestricted_fit,applicability_rate,,12,15,0.8,ok,,,demixing-rotational-robustness/results.csv,applicable means source status is not inapplicable; denominator is task/scenario/method raw Cartesian rows
applicability_pattern|demixing-rotational-robustness|rotation|nonorthogonal_metric|covariance_shuffle_control|applicability_rate|,applicability_pattern,demixing-rotational-robustness,rotation,nonorthogonal_metric,nonorthogonal_metric,covariance_shuffle_control,applicability_rate,,9,15,0.6,ok,,,demixing-rotational-robustness/results.csv,applicable means source status is not inapplicable; denominator is task/scenario/method raw Cartesian rows
applicability_pattern|demixing-rotational-robustness|rotation|nonorthogonal_metric|fixed_plane|applicability_rate|,applicability_pattern,demixing-rotational-robustness,rotation,nonorthogonal_metric,nonorthogonal_metric,fixed_plane,applicability_rate,,6,15,0.4,ok,,,demixing-rotational-robustness/results.csv,applicable means source status is not inapplicable; denominator is task/scenario/method raw Cartesian rows
applicability_pattern|demixing-rotational-robustness|rotation|nonorthogonal_metric|input_aware_fit|applicability_rate|,applicability_pattern,demixing-rotational-robustness,rotation,nonorthogonal_metric,nonorthogonal_metric,input_aware_fit,applicability_rate,,3,15,0.2,ok,,,demixing-rotational-robustness/results.csv,applicable means source status is not inapplicable; denominator is task/scenario/method raw Cartesian rows
applicability_pattern|demixing-rotational-robustness|rotation|nonorthogonal_metric|pca_plane|applicability_rate|,applicability_pattern,demixing-rotational-robustness,rotation,nonorthogonal_metric,nonorthogonal_metric,pca_plane,applicability_rate,,6,15,0.4,ok,,,demixing-rotational-robustness/results.csv,applicable means source status is not inapplicable; denominator is task/scenario/method raw Cartesian rows
applicability_pattern|demixing-rotational-robustness|rotation|nonorthogonal_metric|random_plane|applicability_rate|,applicability_pattern,demixing-rotational-robustness,rotation,nonorthogonal_metric,nonorthogonal_metric,random_plane,applicability_rate,,6,15,0.4,ok,,,demixing-rotational-robustness/results.csv,applicable means source status is not inapplicable; denominator is task/scenario/method raw Cartesian rows
applicability_pattern|demixing-rotational-robustness|rotation|nonorthogonal_metric|skew_fit|applicability_rate|,applicability_pattern,demixing-rotational-robustness,rotation,nonorthogonal_metric,nonorthogonal_metric,skew_fit,applicability_rate,,12,15,0.8,ok,,,demixing-rotational-robustness/results.csv,applicable means source status is not inapplicable; denominator is task/scenario/method raw Cartesian rows
applicability_pattern|demixing-rotational-robustness|rotation|nonorthogonal_metric|symmetric_fit|applicability_rate|,applicability_pattern,demixing-rotational-robustness,rotation,nonorthogonal_metric,nonorthogonal_metric,symmetric_fit,applicability_rate,,3,15,0.2,ok,,,demixing-rotational-robustness/results.csv,applicable means source status is not inapplicable; denominator is task/scenario/method raw Cartesian rows
applicability_pattern|demixing-rotational-robustness|rotation|nonorthogonal_metric|unrestricted_fit|applicability_rate|,applicability_pattern,demixing-rotational-robustness,rotation,nonorthogonal_metric,nonorthogonal_metric,unrestricted_fit,applicability_rate,,12,15,0.8,ok,,,demixing-rotational-robustness/results.csv,applicable means source status is not inapplicable; denominator is task/scenario/method raw Cartesian rows
applicability_pattern|demixing-rotational-robustness|rotation|short_arcs|covariance_shuffle_control|applicability_rate|,applicability_pattern,demixing-rotational-robustness,rotation,short_arcs,short_arcs,covariance_shuffle_control,applicability_rate,,9,15,0.6,ok,,,demixing-rotational-robustness/results.csv,applicable means source status is not inapplicable; denominator is task/scenario/method raw Cartesian rows
applicability_pattern|demixing-rotational-robustness|rotation|short_arcs|fixed_plane|applicability_rate|,applicability_pattern,demixing-rotational-robustness,rotation,short_arcs,short_arcs,fixed_plane,applicability_rate,,6,15,0.4,ok,,,demixing-rotational-robustness/results.csv,applicable means source status is not inapplicable; denominator is task/scenario/method raw Cartesian rows
applicability_pattern|demixing-rotational-robustness|rotation|short_arcs|input_aware_fit|applicability_rate|,applicability_pattern,demixing-rotational-robustness,rotation,short_arcs,short_arcs,input_aware_fit,applicability_rate,,3,15,0.2,ok,,,demixing-rotational-robustness/results.csv,applicable means source status is not inapplicable; denominator is task/scenario/method raw Cartesian rows
applicability_pattern|demixing-rotational-robustness|rotation|short_arcs|pca_plane|applicability_rate|,applicability_pattern,demixing-rotational-robustness,rotation,short_arcs,short_arcs,pca_plane,applicability_rate,,6,15,0.4,ok,,,demixing-rotational-robustness/results.csv,applicable means source status is not inapplicable; denominator is task/scenario/method raw Cartesian rows
applicability_pattern|demixing-rotational-robustness|rotation|short_arcs|random_plane|applicability_rate|,applicability_pattern,demixing-rotational-robustness,rotation,short_arcs,short_arcs,random_plane,applicability_rate,,6,15,0.4,ok,,,demixing-rotational-robustness/results.csv,applicable means source status is not inapplicable; denominator is task/scenario/method raw Cartesian rows
applicability_pattern|demixing-rotational-robustness|rotation|short_arcs|skew_fit|applicability_rate|,applicability_pattern,demixing-rotational-robustness,rotation,short_arcs,short_arcs,skew_fit,applicability_rate,,12,15,0.8,ok,,,demixing-rotational-robustness/results.csv,applicable means source status is not inapplicable; denominator is task/scenario/method raw Cartesian rows
applicability_pattern|demixing-rotational-robustness|rotation|short_arcs|symmetric_fit|applicability_rate|,applicability_pattern,demixing-rotational-robustness,rotation,short_arcs,short_arcs,symmetric_fit,applicability_rate,,3,15,0.2,ok,,,demixing-rotational-robustness/results.csv,applicable means source status is not inapplicable; denominator is task/scenario/method raw Cartesian rows
applicability_pattern|demixing-rotational-robustness|rotation|short_arcs|unrestricted_fit|applicability_rate|,applicability_pattern,demixing-rotational-robustness,rotation,short_arcs,short_arcs,unrestricted_fit,applicability_rate,,12,15,0.8,ok,,,demixing-rotational-robustness/results.csv,applicable means source status is not inapplicable; denominator is task/scenario/method raw Cartesian rows
applicability_pattern|demixing-rotational-robustness|rotation|smoothed|covariance_shuffle_control|applicability_rate|,applicability_pattern,demixing-rotational-robustness,rotation,smoothed,smoothing_subtraction,covariance_shuffle_control,applicability_rate,,9,15,0.6,ok,,,demixing-rotational-robustness/results.csv,applicable means source status is not inapplicable; denominator is task/scenario/method raw Cartesian rows
applicability_pattern|demixing-rotational-robustness|rotation|smoothed|fixed_plane|applicability_rate|,applicability_pattern,demixing-rotational-robustness,rotation,smoothed,smoothing_subtraction,fixed_plane,applicability_rate,,6,15,0.4,ok,,,demixing-rotational-robustness/results.csv,applicable means source status is not inapplicable; denominator is task/scenario/method raw Cartesian rows
applicability_pattern|demixing-rotational-robustness|rotation|smoothed|input_aware_fit|applicability_rate|,applicability_pattern,demixing-rotational-robustness,rotation,smoothed,smoothing_subtraction,input_aware_fit,applicability_rate,,3,15,0.2,ok,,,demixing-rotational-robustness/results.csv,applicable means source status is not inapplicable; denominator is task/scenario/method raw Cartesian rows
applicability_pattern|demixing-rotational-robustness|rotation|smoothed|pca_plane|applicability_rate|,applicability_pattern,demixing-rotational-robustness,rotation,smoothed,smoothing_subtraction,pca_plane,applicability_rate,,6,15,0.4,ok,,,demixing-rotational-robustness/results.csv,applicable means source status is not inapplicable; denominator is task/scenario/method raw Cartesian rows
applicability_pattern|demixing-rotational-robustness|rotation|smoothed|random_plane|applicability_rate|,applicability_pattern,demixing-rotational-robustness,rotation,smoothed,smoothing_subtraction,random_plane,applicability_rate,,6,15,0.4,ok,,,demixing-rotational-robustness/results.csv,applicable means source status is not inapplicable; denominator is task/scenario/method raw Cartesian rows
applicability_pattern|demixing-rotational-robustness|rotation|smoothed|skew_fit|applicability_rate|,applicability_pattern,demixing-rotational-robustness,rotation,smoothed,smoothing_subtraction,skew_fit,applicability_rate,,12,15,0.8,ok,,,demixing-rotational-robustness/results.csv,applicable means source status is not inapplicable; denominator is task/scenario/method raw Cartesian rows
applicability_pattern|demixing-rotational-robustness|rotation|smoothed|symmetric_fit|applicability_rate|,applicability_pattern,demixing-rotational-robustness,rotation,smoothed,smoothing_subtraction,symmetric_fit,applicability_rate,,3,15,0.2,ok,,,demixing-rotational-robustness/results.csv,applicable means source status is not inapplicable; denominator is task/scenario/method raw Cartesian rows
applicability_pattern|demixing-rotational-robustness|rotation|smoothed|unrestricted_fit|applicability_rate|,applicability_pattern,demixing-rotational-robustness,rotation,smoothed,smoothing_subtraction,unrestricted_fit,applicability_rate,,12,15,0.8,ok,,,demixing-rotational-robustness/results.csv,applicable means source status is not inapplicable; denominator is task/scenario/method raw Cartesian rows
applicability_pattern|demixing-rotational-robustness|rotation|symmetric_decay|covariance_shuffle_control|applicability_rate|,applicability_pattern,demixing-rotational-robustness,rotation,symmetric_decay,symmetric_decay,covariance_shuffle_control,applicability_rate,,6,15,0.4,ok,,,demixing-rotational-robustness/results.csv,applicable means source status is not inapplicable; denominator is task/scenario/method raw Cartesian rows
applicability_pattern|demixing-rotational-robustness|rotation|symmetric_decay|fixed_plane|applicability_rate|,applicability_pattern,demixing-rotational-robustness,rotation,symmetric_decay,symmetric_decay,fixed_plane,applicability_rate,,3,15,0.2,ok,,,demixing-rotational-robustness/results.csv,applicable means source status is not inapplicable; denominator is task/scenario/method raw Cartesian rows
applicability_pattern|demixing-rotational-robustness|rotation|symmetric_decay|input_aware_fit|applicability_rate|,applicability_pattern,demixing-rotational-robustness,rotation,symmetric_decay,symmetric_decay,input_aware_fit,applicability_rate,,3,15,0.2,ok,,,demixing-rotational-robustness/results.csv,applicable means source status is not inapplicable; denominator is task/scenario/method raw Cartesian rows
applicability_pattern|demixing-rotational-robustness|rotation|symmetric_decay|pca_plane|applicability_rate|,applicability_pattern,demixing-rotational-robustness,rotation,symmetric_decay,symmetric_decay,pca_plane,applicability_rate,,3,15,0.2,ok,,,demixing-rotational-robustness/results.csv,applicable means source status is not inapplicable; denominator is task/scenario/method raw Cartesian rows
applicability_pattern|demixing-rotational-robustness|rotation|symmetric_decay|random_plane|applicability_rate|,applicability_pattern,demixing-rotational-robustness,rotation,symmetric_decay,symmetric_decay,random_plane,applicability_rate,,3,15,0.2,ok,,,demixing-rotational-robustness/results.csv,applicable means source status is not inapplicable; denominator is task/scenario/method raw Cartesian rows
applicability_pattern|demixing-rotational-robustness|rotation|symmetric_decay|skew_fit|applicability_rate|,applicability_pattern,demixing-rotational-robustness,rotation,symmetric_decay,symmetric_decay,skew_fit,applicability_rate,,6,15,0.4,ok,,,demixing-rotational-robustness/results.csv,applicable means source status is not inapplicable; denominator is task/scenario/method raw Cartesian rows
applicability_pattern|demixing-rotational-robustness|rotation|symmetric_decay|symmetric_fit|applicability_rate|,applicability_pattern,demixing-rotational-robustness,rotation,symmetric_decay,symmetric_decay,symmetric_fit,applicability_rate,,3,15,0.2,ok,,,demixing-rotational-robustness/results.csv,applicable means source status is not inapplicable; denominator is task/scenario/method raw Cartesian rows
applicability_pattern|demixing-rotational-robustness|rotation|symmetric_decay|unrestricted_fit|applicability_rate|,applicability_pattern,demixing-rotational-robustness,rotation,symmetric_decay,symmetric_decay,unrestricted_fit,applicability_rate,,6,15,0.4,ok,,,demixing-rotational-robustness/results.csv,applicable means source status is not inapplicable; denominator is task/scenario/method raw Cartesian rows
applicability_pattern|demixing-rotational-robustness|rotation|time_jitter|covariance_shuffle_control|applicability_rate|,applicability_pattern,demixing-rotational-robustness,rotation,time_jitter,time_jitter,covariance_shuffle_control,applicability_rate,,9,15,0.6,ok,,,demixing-rotational-robustness/results.csv,applicable means source status is not inapplicable; denominator is task/scenario/method raw Cartesian rows
applicability_pattern|demixing-rotational-robustness|rotation|time_jitter|fixed_plane|applicability_rate|,applicability_pattern,demixing-rotational-robustness,rotation,time_jitter,time_jitter,fixed_plane,applicability_rate,,6,15,0.4,ok,,,demixing-rotational-robustness/results.csv,applicable means source status is not inapplicable; denominator is task/scenario/method raw Cartesian rows
applicability_pattern|demixing-rotational-robustness|rotation|time_jitter|input_aware_fit|applicability_rate|,applicability_pattern,demixing-rotational-robustness,rotation,time_jitter,time_jitter,input_aware_fit,applicability_rate,,3,15,0.2,ok,,,demixing-rotational-robustness/results.csv,applicable means source status is not inapplicable; denominator is task/scenario/method raw Cartesian rows
applicability_pattern|demixing-rotational-robustness|rotation|time_jitter|pca_plane|applicability_rate|,applicability_pattern,demixing-rotational-robustness,rotation,time_jitter,time_jitter,pca_plane,applicability_rate,,6,15,0.4,ok,,,demixing-rotational-robustness/results.csv,applicable means source status is not inapplicable; denominator is task/scenario/method raw Cartesian rows
applicability_pattern|demixing-rotational-robustness|rotation|time_jitter|random_plane|applicability_rate|,applicability_pattern,demixing-rotational-robustness,rotation,time_jitter,time_jitter,random_plane,applicability_rate,,6,15,0.4,ok,,,demixing-rotational-robustness/results.csv,applicable means source status is not inapplicable; denominator is task/scenario/method raw Cartesian rows
applicability_pattern|demixing-rotational-robustness|rotation|time_jitter|skew_fit|applicability_rate|,applicability_pattern,demixing-rotational-robustness,rotation,time_jitter,time_jitter,skew_fit,applicability_rate,,12,15,0.8,ok,,,demixing-rotational-robustness/results.csv,applicable means source status is not inapplicable; denominator is task/scenario/method raw Cartesian rows
applicability_pattern|demixing-rotational-robustness|rotation|time_jitter|symmetric_fit|applicability_rate|,applicability_pattern,demixing-rotational-robustness,rotation,time_jitter,time_jitter,symmetric_fit,applicability_rate,,3,15,0.2,ok,,,demixing-rotational-robustness/results.csv,applicable means source status is not inapplicable; denominator is task/scenario/method raw Cartesian rows
applicability_pattern|demixing-rotational-robustness|rotation|time_jitter|unrestricted_fit|applicability_rate|,applicability_pattern,demixing-rotational-robustness,rotation,time_jitter,time_jitter,unrestricted_fit,applicability_rate,,12,15,0.8,ok,,,demixing-rotational-robustness/results.csv,applicable means source status is not inapplicable; denominator is task/scenario/method raw Cartesian rows
applicability_pattern|linear-gaussian-robustness|linear_gaussian_inference|long_sequence|batch_conditioning_oracle|applicability_rate|,applicability_pattern,linear-gaussian-robustness,linear_gaussian_inference,long_sequence,sequence_length,batch_conditioning_oracle,applicability_rate,,20,45,0.444444444444,ok,,,linear-gaussian-robustness/results.csv,applicable means source status is not inapplicable; denominator is task/scenario/method raw Cartesian rows
applicability_pattern|linear-gaussian-robustness|linear_gaussian_inference|long_sequence|false_continuation_filter|applicability_rate|,applicability_pattern,linear-gaussian-robustness,linear_gaussian_inference,long_sequence,sequence_length,false_continuation_filter,applicability_rate,,0,45,0,ok,,,linear-gaussian-robustness/results.csv,applicable means source status is not inapplicable; denominator is task/scenario/method raw Cartesian rows
applicability_pattern|linear-gaussian-robustness|linear_gaussian_inference|long_sequence|known_kalman_filter|applicability_rate|,applicability_pattern,linear-gaussian-robustness,linear_gaussian_inference,long_sequence,sequence_length,known_kalman_filter,applicability_rate,,25,45,0.555555555556,ok,,,linear-gaussian-robustness/results.csv,applicable means source status is not inapplicable; denominator is task/scenario/method raw Cartesian rows
applicability_pattern|linear-gaussian-robustness|linear_gaussian_inference|long_sequence|known_rts_smoother|applicability_rate|,applicability_pattern,linear-gaussian-robustness,linear_gaussian_inference,long_sequence,sequence_length,known_rts_smoother,applicability_rate,,20,45,0.444444444444,ok,,,linear-gaussian-robustness/results.csv,applicable means source status is not inapplicable; denominator is task/scenario/method raw Cartesian rows
applicability_pattern|linear-gaussian-robustness|linear_gaussian_inference|long_sequence|misspecified_kalman_filter|applicability_rate|,applicability_pattern,linear-gaussian-robustness,linear_gaussian_inference,long_sequence,sequence_length,misspecified_kalman_filter,applicability_rate,,0,45,0,ok,,,linear-gaussian-robustness/results.csv,applicable means source status is not inapplicable; denominator is task/scenario/method raw Cartesian rows
applicability_pattern|linear-gaussian-robustness|linear_gaussian_inference|long_sequence|misspecified_rts_smoother|applicability_rate|,applicability_pattern,linear-gaussian-robustness,linear_gaussian_inference,long_sequence,sequence_length,misspecified_rts_smoother,applicability_rate,,0,45,0,ok,,,linear-gaussian-robustness/results.csv,applicable means source status is not inapplicable; denominator is task/scenario/method raw Cartesian rows
applicability_pattern|linear-gaussian-robustness|linear_gaussian_inference|long_sequence|open_loop|applicability_rate|,applicability_pattern,linear-gaussian-robustness,linear_gaussian_inference,long_sequence,sequence_length,open_loop,applicability_rate,,5,45,0.111111111111,ok,,,linear-gaussian-robustness/results.csv,applicable means source status is not inapplicable; denominator is task/scenario/method raw Cartesian rows
applicability_pattern|linear-gaussian-robustness|linear_gaussian_inference|long_sequence|persistence|applicability_rate|,applicability_pattern,linear-gaussian-robustness,linear_gaussian_inference,long_sequence,sequence_length,persistence,applicability_rate,,5,45,0.111111111111,ok,,,linear-gaussian-robustness/results.csv,applicable means source status is not inapplicable; denominator is task/scenario/method raw Cartesian rows
applicability_pattern|linear-gaussian-robustness|linear_gaussian_inference|long_sequence|selected_kalman_filter|applicability_rate|,applicability_pattern,linear-gaussian-robustness,linear_gaussian_inference,long_sequence,sequence_length,selected_kalman_filter,applicability_rate,,25,45,0.555555555556,ok,,,linear-gaussian-robustness/results.csv,applicable means source status is not inapplicable; denominator is task/scenario/method raw Cartesian rows
applicability_pattern|linear-gaussian-robustness|linear_gaussian_inference|long_sequence|selected_rts_smoother|applicability_rate|,applicability_pattern,linear-gaussian-robustness,linear_gaussian_inference,long_sequence,sequence_length,selected_rts_smoother,applicability_rate,,20,45,0.444444444444,ok,,,linear-gaussian-robustness/results.csv,applicable means source status is not inapplicable; denominator is task/scenario/method raw Cartesian rows
applicability_pattern|linear-gaussian-robustness|linear_gaussian_inference|long_sequence|stationary_mean|applicability_rate|,applicability_pattern,linear-gaussian-robustness,linear_gaussian_inference,long_sequence,sequence_length,stationary_mean,applicability_rate,,5,45,0.111111111111,ok,,,linear-gaussian-robustness/results.csv,applicable means source status is not inapplicable; denominator is task/scenario/method raw Cartesian rows
applicability_pattern|linear-gaussian-robustness|linear_gaussian_inference|missing_block|batch_conditioning_oracle|applicability_rate|,applicability_pattern,linear-gaussian-robustness,linear_gaussian_inference,missing_block,missing_blocks,batch_conditioning_oracle,applicability_rate,,30,45,0.666666666667,ok,,,linear-gaussian-robustness/results.csv,applicable means source status is not inapplicable; denominator is task/scenario/method raw Cartesian rows
applicability_pattern|linear-gaussian-robustness|linear_gaussian_inference|missing_block|false_continuation_filter|applicability_rate|,applicability_pattern,linear-gaussian-robustness,linear_gaussian_inference,missing_block,missing_blocks,false_continuation_filter,applicability_rate,,0,45,0,ok,,,linear-gaussian-robustness/results.csv,applicable means source status is not inapplicable; denominator is task/scenario/method raw Cartesian rows
applicability_pattern|linear-gaussian-robustness|linear_gaussian_inference|missing_block|known_kalman_filter|applicability_rate|,applicability_pattern,linear-gaussian-robustness,linear_gaussian_inference,missing_block,missing_blocks,known_kalman_filter,applicability_rate,,35,45,0.777777777778,ok,,,linear-gaussian-robustness/results.csv,applicable means source status is not inapplicable; denominator is task/scenario/method raw Cartesian rows
applicability_pattern|linear-gaussian-robustness|linear_gaussian_inference|missing_block|known_rts_smoother|applicability_rate|,applicability_pattern,linear-gaussian-robustness,linear_gaussian_inference,missing_block,missing_blocks,known_rts_smoother,applicability_rate,,30,45,0.666666666667,ok,,,linear-gaussian-robustness/results.csv,applicable means source status is not inapplicable; denominator is task/scenario/method raw Cartesian rows
applicability_pattern|linear-gaussian-robustness|linear_gaussian_inference|missing_block|misspecified_kalman_filter|applicability_rate|,applicability_pattern,linear-gaussian-robustness,linear_gaussian_inference,missing_block,missing_blocks,misspecified_kalman_filter,applicability_rate,,0,45,0,ok,,,linear-gaussian-robustness/results.csv,applicable means source status is not inapplicable; denominator is task/scenario/method raw Cartesian rows
applicability_pattern|linear-gaussian-robustness|linear_gaussian_inference|missing_block|misspecified_rts_smoother|applicability_rate|,applicability_pattern,linear-gaussian-robustness,linear_gaussian_inference,missing_block,missing_blocks,misspecified_rts_smoother,applicability_rate,,0,45,0,ok,,,linear-gaussian-robustness/results.csv,applicable means source status is not inapplicable; denominator is task/scenario/method raw Cartesian rows
applicability_pattern|linear-gaussian-robustness|linear_gaussian_inference|missing_block|open_loop|applicability_rate|,applicability_pattern,linear-gaussian-robustness,linear_gaussian_inference,missing_block,missing_blocks,open_loop,applicability_rate,,15,45,0.333333333333,ok,,,linear-gaussian-robustness/results.csv,applicable means source status is not inapplicable; denominator is task/scenario/method raw Cartesian rows
applicability_pattern|linear-gaussian-robustness|linear_gaussian_inference|missing_block|persistence|applicability_rate|,applicability_pattern,linear-gaussian-robustness,linear_gaussian_inference,missing_block,missing_blocks,persistence,applicability_rate,,15,45,0.333333333333,ok,,,linear-gaussian-robustness/results.csv,applicable means source status is not inapplicable; denominator is task/scenario/method raw Cartesian rows
applicability_pattern|linear-gaussian-robustness|linear_gaussian_inference|missing_block|selected_kalman_filter|applicability_rate|,applicability_pattern,linear-gaussian-robustness,linear_gaussian_inference,missing_block,missing_blocks,selected_kalman_filter,applicability_rate,,35,45,0.777777777778,ok,,,linear-gaussian-robustness/results.csv,applicable means source status is not inapplicable; denominator is task/scenario/method raw Cartesian rows
applicability_pattern|linear-gaussian-robustness|linear_gaussian_inference|missing_block|selected_rts_smoother|applicability_rate|,applicability_pattern,linear-gaussian-robustness,linear_gaussian_inference,missing_block,missing_blocks,selected_rts_smoother,applicability_rate,,30,45,0.666666666667,ok,,,linear-gaussian-robustness/results.csv,applicable means source status is not inapplicable; denominator is task/scenario/method raw Cartesian rows
applicability_pattern|linear-gaussian-robustness|linear_gaussian_inference|missing_block|stationary_mean|applicability_rate|,applicability_pattern,linear-gaussian-robustness,linear_gaussian_inference,missing_block,missing_blocks,stationary_mean,applicability_rate,,15,45,0.333333333333,ok,,,linear-gaussian-robustness/results.csv,applicable means source status is not inapplicable; denominator is task/scenario/method raw Cartesian rows
applicability_pattern|linear-gaussian-robustness|linear_gaussian_inference|near_unit_root|batch_conditioning_oracle|applicability_rate|,applicability_pattern,linear-gaussian-robustness,linear_gaussian_inference,near_unit_root,near_unit_root_stress,batch_conditioning_oracle,applicability_rate,,20,45,0.444444444444,ok,,,linear-gaussian-robustness/results.csv,applicable means source status is not inapplicable; denominator is task/scenario/method raw Cartesian rows
applicability_pattern|linear-gaussian-robustness|linear_gaussian_inference|near_unit_root|false_continuation_filter|applicability_rate|,applicability_pattern,linear-gaussian-robustness,linear_gaussian_inference,near_unit_root,near_unit_root_stress,false_continuation_filter,applicability_rate,,0,45,0,ok,,,linear-gaussian-robustness/results.csv,applicable means source status is not inapplicable; denominator is task/scenario/method raw Cartesian rows
applicability_pattern|linear-gaussian-robustness|linear_gaussian_inference|near_unit_root|known_kalman_filter|applicability_rate|,applicability_pattern,linear-gaussian-robustness,linear_gaussian_inference,near_unit_root,near_unit_root_stress,known_kalman_filter,applicability_rate,,25,45,0.555555555556,ok,,,linear-gaussian-robustness/results.csv,applicable means source status is not inapplicable; denominator is task/scenario/method raw Cartesian rows
applicability_pattern|linear-gaussian-robustness|linear_gaussian_inference|near_unit_root|known_rts_smoother|applicability_rate|,applicability_pattern,linear-gaussian-robustness,linear_gaussian_inference,near_unit_root,near_unit_root_stress,known_rts_smoother,applicability_rate,,20,45,0.444444444444,ok,,,linear-gaussian-robustness/results.csv,applicable means source status is not inapplicable; denominator is task/scenario/method raw Cartesian rows
applicability_pattern|linear-gaussian-robustness|linear_gaussian_inference|near_unit_root|misspecified_kalman_filter|applicability_rate|,applicability_pattern,linear-gaussian-robustness,linear_gaussian_inference,near_unit_root,near_unit_root_stress,misspecified_kalman_filter,applicability_rate,,0,45,0,ok,,,linear-gaussian-robustness/results.csv,applicable means source status is not inapplicable; denominator is task/scenario/method raw Cartesian rows
applicability_pattern|linear-gaussian-robustness|linear_gaussian_inference|near_unit_root|misspecified_rts_smoother|applicability_rate|,applicability_pattern,linear-gaussian-robustness,linear_gaussian_inference,near_unit_root,near_unit_root_stress,misspecified_rts_smoother,applicability_rate,,0,45,0,ok,,,linear-gaussian-robustness/results.csv,applicable means source status is not inapplicable; denominator is task/scenario/method raw Cartesian rows
applicability_pattern|linear-gaussian-robustness|linear_gaussian_inference|near_unit_root|open_loop|applicability_rate|,applicability_pattern,linear-gaussian-robustness,linear_gaussian_inference,near_unit_root,near_unit_root_stress,open_loop,applicability_rate,,5,45,0.111111111111,ok,,,linear-gaussian-robustness/results.csv,applicable means source status is not inapplicable; denominator is task/scenario/method raw Cartesian rows
applicability_pattern|linear-gaussian-robustness|linear_gaussian_inference|near_unit_root|persistence|applicability_rate|,applicability_pattern,linear-gaussian-robustness,linear_gaussian_inference,near_unit_root,near_unit_root_stress,persistence,applicability_rate,,5,45,0.111111111111,ok,,,linear-gaussian-robustness/results.csv,applicable means source status is not inapplicable; denominator is task/scenario/method raw Cartesian rows
applicability_pattern|linear-gaussian-robustness|linear_gaussian_inference|near_unit_root|selected_kalman_filter|applicability_rate|,applicability_pattern,linear-gaussian-robustness,linear_gaussian_inference,near_unit_root,near_unit_root_stress,selected_kalman_filter,applicability_rate,,25,45,0.555555555556,ok,,,linear-gaussian-robustness/results.csv,applicable means source status is not inapplicable; denominator is task/scenario/method raw Cartesian rows
applicability_pattern|linear-gaussian-robustness|linear_gaussian_inference|near_unit_root|selected_rts_smoother|applicability_rate|,applicability_pattern,linear-gaussian-robustness,linear_gaussian_inference,near_unit_root,near_unit_root_stress,selected_rts_smoother,applicability_rate,,20,45,0.444444444444,ok,,,linear-gaussian-robustness/results.csv,applicable means source status is not inapplicable; denominator is task/scenario/method raw Cartesian rows
applicability_pattern|linear-gaussian-robustness|linear_gaussian_inference|near_unit_root|stationary_mean|applicability_rate|,applicability_pattern,linear-gaussian-robustness,linear_gaussian_inference,near_unit_root,near_unit_root_stress,stationary_mean,applicability_rate,,5,45,0.111111111111,ok,,,linear-gaussian-robustness/results.csv,applicable means source status is not inapplicable; denominator is task/scenario/method raw Cartesian rows
applicability_pattern|linear-gaussian-robustness|linear_gaussian_inference|observation_dominant|batch_conditioning_oracle|applicability_rate|,applicability_pattern,linear-gaussian-robustness,linear_gaussian_inference,observation_dominant,noise_ratio,batch_conditioning_oracle,applicability_rate,,20,45,0.444444444444,ok,,,linear-gaussian-robustness/results.csv,applicable means source status is not inapplicable; denominator is task/scenario/method raw Cartesian rows
applicability_pattern|linear-gaussian-robustness|linear_gaussian_inference|observation_dominant|false_continuation_filter|applicability_rate|,applicability_pattern,linear-gaussian-robustness,linear_gaussian_inference,observation_dominant,noise_ratio,false_continuation_filter,applicability_rate,,0,45,0,ok,,,linear-gaussian-robustness/results.csv,applicable means source status is not inapplicable; denominator is task/scenario/method raw Cartesian rows
applicability_pattern|linear-gaussian-robustness|linear_gaussian_inference|observation_dominant|known_kalman_filter|applicability_rate|,applicability_pattern,linear-gaussian-robustness,linear_gaussian_inference,observation_dominant,noise_ratio,known_kalman_filter,applicability_rate,,25,45,0.555555555556,ok,,,linear-gaussian-robustness/results.csv,applicable means source status is not inapplicable; denominator is task/scenario/method raw Cartesian rows
applicability_pattern|linear-gaussian-robustness|linear_gaussian_inference|observation_dominant|known_rts_smoother|applicability_rate|,applicability_pattern,linear-gaussian-robustness,linear_gaussian_inference,observation_dominant,noise_ratio,known_rts_smoother,applicability_rate,,20,45,0.444444444444,ok,,,linear-gaussian-robustness/results.csv,applicable means source status is not inapplicable; denominator is task/scenario/method raw Cartesian rows
applicability_pattern|linear-gaussian-robustness|linear_gaussian_inference|observation_dominant|misspecified_kalman_filter|applicability_rate|,applicability_pattern,linear-gaussian-robustness,linear_gaussian_inference,observation_dominant,noise_ratio,misspecified_kalman_filter,applicability_rate,,0,45,0,ok,,,linear-gaussian-robustness/results.csv,applicable means source status is not inapplicable; denominator is task/scenario/method raw Cartesian rows
applicability_pattern|linear-gaussian-robustness|linear_gaussian_inference|observation_dominant|misspecified_rts_smoother|applicability_rate|,applicability_pattern,linear-gaussian-robustness,linear_gaussian_inference,observation_dominant,noise_ratio,misspecified_rts_smoother,applicability_rate,,0,45,0,ok,,,linear-gaussian-robustness/results.csv,applicable means source status is not inapplicable; denominator is task/scenario/method raw Cartesian rows
applicability_pattern|linear-gaussian-robustness|linear_gaussian_inference|observation_dominant|open_loop|applicability_rate|,applicability_pattern,linear-gaussian-robustness,linear_gaussian_inference,observation_dominant,noise_ratio,open_loop,applicability_rate,,5,45,0.111111111111,ok,,,linear-gaussian-robustness/results.csv,applicable means source status is not inapplicable; denominator is task/scenario/method raw Cartesian rows
applicability_pattern|linear-gaussian-robustness|linear_gaussian_inference|observation_dominant|persistence|applicability_rate|,applicability_pattern,linear-gaussian-robustness,linear_gaussian_inference,observation_dominant,noise_ratio,persistence,applicability_rate,,5,45,0.111111111111,ok,,,linear-gaussian-robustness/results.csv,applicable means source status is not inapplicable; denominator is task/scenario/method raw Cartesian rows
applicability_pattern|linear-gaussian-robustness|linear_gaussian_inference|observation_dominant|selected_kalman_filter|applicability_rate|,applicability_pattern,linear-gaussian-robustness,linear_gaussian_inference,observation_dominant,noise_ratio,selected_kalman_filter,applicability_rate,,25,45,0.555555555556,ok,,,linear-gaussian-robustness/results.csv,applicable means source status is not inapplicable; denominator is task/scenario/method raw Cartesian rows
applicability_pattern|linear-gaussian-robustness|linear_gaussian_inference|observation_dominant|selected_rts_smoother|applicability_rate|,applicability_pattern,linear-gaussian-robustness,linear_gaussian_inference,observation_dominant,noise_ratio,selected_rts_smoother,applicability_rate,,20,45,0.444444444444,ok,,,linear-gaussian-robustness/results.csv,applicable means source status is not inapplicable; denominator is task/scenario/method raw Cartesian rows
applicability_pattern|linear-gaussian-robustness|linear_gaussian_inference|observation_dominant|stationary_mean|applicability_rate|,applicability_pattern,linear-gaussian-robustness,linear_gaussian_inference,observation_dominant,noise_ratio,stationary_mean,applicability_rate,,5,45,0.111111111111,ok,,,linear-gaussian-robustness/results.csv,applicable means source status is not inapplicable; denominator is task/scenario/method raw Cartesian rows
applicability_pattern|linear-gaussian-robustness|linear_gaussian_inference|process_dominant|batch_conditioning_oracle|applicability_rate|,applicability_pattern,linear-gaussian-robustness,linear_gaussian_inference,process_dominant,noise_ratio,batch_conditioning_oracle,applicability_rate,,20,45,0.444444444444,ok,,,linear-gaussian-robustness/results.csv,applicable means source status is not inapplicable; denominator is task/scenario/method raw Cartesian rows
applicability_pattern|linear-gaussian-robustness|linear_gaussian_inference|process_dominant|false_continuation_filter|applicability_rate|,applicability_pattern,linear-gaussian-robustness,linear_gaussian_inference,process_dominant,noise_ratio,false_continuation_filter,applicability_rate,,0,45,0,ok,,,linear-gaussian-robustness/results.csv,applicable means source status is not inapplicable; denominator is task/scenario/method raw Cartesian rows
applicability_pattern|linear-gaussian-robustness|linear_gaussian_inference|process_dominant|known_kalman_filter|applicability_rate|,applicability_pattern,linear-gaussian-robustness,linear_gaussian_inference,process_dominant,noise_ratio,known_kalman_filter,applicability_rate,,25,45,0.555555555556,ok,,,linear-gaussian-robustness/results.csv,applicable means source status is not inapplicable; denominator is task/scenario/method raw Cartesian rows
applicability_pattern|linear-gaussian-robustness|linear_gaussian_inference|process_dominant|known_rts_smoother|applicability_rate|,applicability_pattern,linear-gaussian-robustness,linear_gaussian_inference,process_dominant,noise_ratio,known_rts_smoother,applicability_rate,,20,45,0.444444444444,ok,,,linear-gaussian-robustness/results.csv,applicable means source status is not inapplicable; denominator is task/scenario/method raw Cartesian rows
applicability_pattern|linear-gaussian-robustness|linear_gaussian_inference|process_dominant|misspecified_kalman_filter|applicability_rate|,applicability_pattern,linear-gaussian-robustness,linear_gaussian_inference,process_dominant,noise_ratio,misspecified_kalman_filter,applicability_rate,,0,45,0,ok,,,linear-gaussian-robustness/results.csv,applicable means source status is not inapplicable; denominator is task/scenario/method raw Cartesian rows
applicability_pattern|linear-gaussian-robustness|linear_gaussian_inference|process_dominant|misspecified_rts_smoother|applicability_rate|,applicability_pattern,linear-gaussian-robustness,linear_gaussian_inference,process_dominant,noise_ratio,misspecified_rts_smoother,applicability_rate,,0,45,0,ok,,,linear-gaussian-robustness/results.csv,applicable means source status is not inapplicable; denominator is task/scenario/method raw Cartesian rows
applicability_pattern|linear-gaussian-robustness|linear_gaussian_inference|process_dominant|open_loop|applicability_rate|,applicability_pattern,linear-gaussian-robustness,linear_gaussian_inference,process_dominant,noise_ratio,open_loop,applicability_rate,,5,45,0.111111111111,ok,,,linear-gaussian-robustness/results.csv,applicable means source status is not inapplicable; denominator is task/scenario/method raw Cartesian rows
applicability_pattern|linear-gaussian-robustness|linear_gaussian_inference|process_dominant|persistence|applicability_rate|,applicability_pattern,linear-gaussian-robustness,linear_gaussian_inference,process_dominant,noise_ratio,persistence,applicability_rate,,5,45,0.111111111111,ok,,,linear-gaussian-robustness/results.csv,applicable means source status is not inapplicable; denominator is task/scenario/method raw Cartesian rows
applicability_pattern|linear-gaussian-robustness|linear_gaussian_inference|process_dominant|selected_kalman_filter|applicability_rate|,applicability_pattern,linear-gaussian-robustness,linear_gaussian_inference,process_dominant,noise_ratio,selected_kalman_filter,applicability_rate,,25,45,0.555555555556,ok,,,linear-gaussian-robustness/results.csv,applicable means source status is not inapplicable; denominator is task/scenario/method raw Cartesian rows
applicability_pattern|linear-gaussian-robustness|linear_gaussian_inference|process_dominant|selected_rts_smoother|applicability_rate|,applicability_pattern,linear-gaussian-robustness,linear_gaussian_inference,process_dominant,noise_ratio,selected_rts_smoother,applicability_rate,,20,45,0.444444444444,ok,,,linear-gaussian-robustness/results.csv,applicable means source status is not inapplicable; denominator is task/scenario/method raw Cartesian rows
applicability_pattern|linear-gaussian-robustness|linear_gaussian_inference|process_dominant|stationary_mean|applicability_rate|,applicability_pattern,linear-gaussian-robustness,linear_gaussian_inference,process_dominant,noise_ratio,stationary_mean,applicability_rate,,5,45,0.111111111111,ok,,,linear-gaussian-robustness/results.csv,applicable means source status is not inapplicable; denominator is task/scenario/method raw Cartesian rows
applicability_pattern|linear-gaussian-robustness|linear_gaussian_inference|reset_boundary|batch_conditioning_oracle|applicability_rate|,applicability_pattern,linear-gaussian-robustness,linear_gaussian_inference,reset_boundary,reset_boundary_failure,batch_conditioning_oracle,applicability_rate,,20,45,0.444444444444,ok,,,linear-gaussian-robustness/results.csv,applicable means source status is not inapplicable; denominator is task/scenario/method raw Cartesian rows
applicability_pattern|linear-gaussian-robustness|linear_gaussian_inference|reset_boundary|false_continuation_filter|applicability_rate|,applicability_pattern,linear-gaussian-robustness,linear_gaussian_inference,reset_boundary,reset_boundary_failure,false_continuation_filter,applicability_rate,,25,45,0.555555555556,ok,,,linear-gaussian-robustness/results.csv,applicable means source status is not inapplicable; denominator is task/scenario/method raw Cartesian rows
applicability_pattern|linear-gaussian-robustness|linear_gaussian_inference|reset_boundary|known_kalman_filter|applicability_rate|,applicability_pattern,linear-gaussian-robustness,linear_gaussian_inference,reset_boundary,reset_boundary_failure,known_kalman_filter,applicability_rate,,25,45,0.555555555556,ok,,,linear-gaussian-robustness/results.csv,applicable means source status is not inapplicable; denominator is task/scenario/method raw Cartesian rows
applicability_pattern|linear-gaussian-robustness|linear_gaussian_inference|reset_boundary|known_rts_smoother|applicability_rate|,applicability_pattern,linear-gaussian-robustness,linear_gaussian_inference,reset_boundary,reset_boundary_failure,known_rts_smoother,applicability_rate,,20,45,0.444444444444,ok,,,linear-gaussian-robustness/results.csv,applicable means source status is not inapplicable; denominator is task/scenario/method raw Cartesian rows
applicability_pattern|linear-gaussian-robustness|linear_gaussian_inference|reset_boundary|misspecified_kalman_filter|applicability_rate|,applicability_pattern,linear-gaussian-robustness,linear_gaussian_inference,reset_boundary,reset_boundary_failure,misspecified_kalman_filter,applicability_rate,,0,45,0,ok,,,linear-gaussian-robustness/results.csv,applicable means source status is not inapplicable; denominator is task/scenario/method raw Cartesian rows
applicability_pattern|linear-gaussian-robustness|linear_gaussian_inference|reset_boundary|misspecified_rts_smoother|applicability_rate|,applicability_pattern,linear-gaussian-robustness,linear_gaussian_inference,reset_boundary,reset_boundary_failure,misspecified_rts_smoother,applicability_rate,,0,45,0,ok,,,linear-gaussian-robustness/results.csv,applicable means source status is not inapplicable; denominator is task/scenario/method raw Cartesian rows
applicability_pattern|linear-gaussian-robustness|linear_gaussian_inference|reset_boundary|open_loop|applicability_rate|,applicability_pattern,linear-gaussian-robustness,linear_gaussian_inference,reset_boundary,reset_boundary_failure,open_loop,applicability_rate,,5,45,0.111111111111,ok,,,linear-gaussian-robustness/results.csv,applicable means source status is not inapplicable; denominator is task/scenario/method raw Cartesian rows
applicability_pattern|linear-gaussian-robustness|linear_gaussian_inference|reset_boundary|persistence|applicability_rate|,applicability_pattern,linear-gaussian-robustness,linear_gaussian_inference,reset_boundary,reset_boundary_failure,persistence,applicability_rate,,5,45,0.111111111111,ok,,,linear-gaussian-robustness/results.csv,applicable means source status is not inapplicable; denominator is task/scenario/method raw Cartesian rows
applicability_pattern|linear-gaussian-robustness|linear_gaussian_inference|reset_boundary|selected_kalman_filter|applicability_rate|,applicability_pattern,linear-gaussian-robustness,linear_gaussian_inference,reset_boundary,reset_boundary_failure,selected_kalman_filter,applicability_rate,,25,45,0.555555555556,ok,,,linear-gaussian-robustness/results.csv,applicable means source status is not inapplicable; denominator is task/scenario/method raw Cartesian rows
applicability_pattern|linear-gaussian-robustness|linear_gaussian_inference|reset_boundary|selected_rts_smoother|applicability_rate|,applicability_pattern,linear-gaussian-robustness,linear_gaussian_inference,reset_boundary,reset_boundary_failure,selected_rts_smoother,applicability_rate,,20,45,0.444444444444,ok,,,linear-gaussian-robustness/results.csv,applicable means source status is not inapplicable; denominator is task/scenario/method raw Cartesian rows
applicability_pattern|linear-gaussian-robustness|linear_gaussian_inference|reset_boundary|stationary_mean|applicability_rate|,applicability_pattern,linear-gaussian-robustness,linear_gaussian_inference,reset_boundary,reset_boundary_failure,stationary_mean,applicability_rate,,5,45,0.111111111111,ok,,,linear-gaussian-robustness/results.csv,applicable means source status is not inapplicable; denominator is task/scenario/method raw Cartesian rows
applicability_pattern|linear-gaussian-robustness|linear_gaussian_inference|short_sequence|batch_conditioning_oracle|applicability_rate|,applicability_pattern,linear-gaussian-robustness,linear_gaussian_inference,short_sequence,sequence_length,batch_conditioning_oracle,applicability_rate,,20,45,0.444444444444,ok,,,linear-gaussian-robustness/results.csv,applicable means source status is not inapplicable; denominator is task/scenario/method raw Cartesian rows
applicability_pattern|linear-gaussian-robustness|linear_gaussian_inference|short_sequence|false_continuation_filter|applicability_rate|,applicability_pattern,linear-gaussian-robustness,linear_gaussian_inference,short_sequence,sequence_length,false_continuation_filter,applicability_rate,,0,45,0,ok,,,linear-gaussian-robustness/results.csv,applicable means source status is not inapplicable; denominator is task/scenario/method raw Cartesian rows
applicability_pattern|linear-gaussian-robustness|linear_gaussian_inference|short_sequence|known_kalman_filter|applicability_rate|,applicability_pattern,linear-gaussian-robustness,linear_gaussian_inference,short_sequence,sequence_length,known_kalman_filter,applicability_rate,,25,45,0.555555555556,ok,,,linear-gaussian-robustness/results.csv,applicable means source status is not inapplicable; denominator is task/scenario/method raw Cartesian rows
applicability_pattern|linear-gaussian-robustness|linear_gaussian_inference|short_sequence|known_rts_smoother|applicability_rate|,applicability_pattern,linear-gaussian-robustness,linear_gaussian_inference,short_sequence,sequence_length,known_rts_smoother,applicability_rate,,20,45,0.444444444444,ok,,,linear-gaussian-robustness/results.csv,applicable means source status is not inapplicable; denominator is task/scenario/method raw Cartesian rows
applicability_pattern|linear-gaussian-robustness|linear_gaussian_inference|short_sequence|misspecified_kalman_filter|applicability_rate|,applicability_pattern,linear-gaussian-robustness,linear_gaussian_inference,short_sequence,sequence_length,misspecified_kalman_filter,applicability_rate,,0,45,0,ok,,,linear-gaussian-robustness/results.csv,applicable means source status is not inapplicable; denominator is task/scenario/method raw Cartesian rows
applicability_pattern|linear-gaussian-robustness|linear_gaussian_inference|short_sequence|misspecified_rts_smoother|applicability_rate|,applicability_pattern,linear-gaussian-robustness,linear_gaussian_inference,short_sequence,sequence_length,misspecified_rts_smoother,applicability_rate,,0,45,0,ok,,,linear-gaussian-robustness/results.csv,applicable means source status is not inapplicable; denominator is task/scenario/method raw Cartesian rows
applicability_pattern|linear-gaussian-robustness|linear_gaussian_inference|short_sequence|open_loop|applicability_rate|,applicability_pattern,linear-gaussian-robustness,linear_gaussian_inference,short_sequence,sequence_length,open_loop,applicability_rate,,5,45,0.111111111111,ok,,,linear-gaussian-robustness/results.csv,applicable means source status is not inapplicable; denominator is task/scenario/method raw Cartesian rows
applicability_pattern|linear-gaussian-robustness|linear_gaussian_inference|short_sequence|persistence|applicability_rate|,applicability_pattern,linear-gaussian-robustness,linear_gaussian_inference,short_sequence,sequence_length,persistence,applicability_rate,,5,45,0.111111111111,ok,,,linear-gaussian-robustness/results.csv,applicable means source status is not inapplicable; denominator is task/scenario/method raw Cartesian rows
applicability_pattern|linear-gaussian-robustness|linear_gaussian_inference|short_sequence|selected_kalman_filter|applicability_rate|,applicability_pattern,linear-gaussian-robustness,linear_gaussian_inference,short_sequence,sequence_length,selected_kalman_filter,applicability_rate,,25,45,0.555555555556,ok,,,linear-gaussian-robustness/results.csv,applicable means source status is not inapplicable; denominator is task/scenario/method raw Cartesian rows
applicability_pattern|linear-gaussian-robustness|linear_gaussian_inference|short_sequence|selected_rts_smoother|applicability_rate|,applicability_pattern,linear-gaussian-robustness,linear_gaussian_inference,short_sequence,sequence_length,selected_rts_smoother,applicability_rate,,20,45,0.444444444444,ok,,,linear-gaussian-robustness/results.csv,applicable means source status is not inapplicable; denominator is task/scenario/method raw Cartesian rows
applicability_pattern|linear-gaussian-robustness|linear_gaussian_inference|short_sequence|stationary_mean|applicability_rate|,applicability_pattern,linear-gaussian-robustness,linear_gaussian_inference,short_sequence,sequence_length,stationary_mean,applicability_rate,,5,45,0.111111111111,ok,,,linear-gaussian-robustness/results.csv,applicable means source status is not inapplicable; denominator is task/scenario/method raw Cartesian rows
applicability_pattern|linear-gaussian-robustness|linear_gaussian_inference|stable_high_a|batch_conditioning_oracle|applicability_rate|,applicability_pattern,linear-gaussian-robustness,linear_gaussian_inference,stable_high_a,transition_stability,batch_conditioning_oracle,applicability_rate,,20,45,0.444444444444,ok,,,linear-gaussian-robustness/results.csv,applicable means source status is not inapplicable; denominator is task/scenario/method raw Cartesian rows
applicability_pattern|linear-gaussian-robustness|linear_gaussian_inference|stable_high_a|false_continuation_filter|applicability_rate|,applicability_pattern,linear-gaussian-robustness,linear_gaussian_inference,stable_high_a,transition_stability,false_continuation_filter,applicability_rate,,0,45,0,ok,,,linear-gaussian-robustness/results.csv,applicable means source status is not inapplicable; denominator is task/scenario/method raw Cartesian rows
applicability_pattern|linear-gaussian-robustness|linear_gaussian_inference|stable_high_a|known_kalman_filter|applicability_rate|,applicability_pattern,linear-gaussian-robustness,linear_gaussian_inference,stable_high_a,transition_stability,known_kalman_filter,applicability_rate,,25,45,0.555555555556,ok,,,linear-gaussian-robustness/results.csv,applicable means source status is not inapplicable; denominator is task/scenario/method raw Cartesian rows
applicability_pattern|linear-gaussian-robustness|linear_gaussian_inference|stable_high_a|known_rts_smoother|applicability_rate|,applicability_pattern,linear-gaussian-robustness,linear_gaussian_inference,stable_high_a,transition_stability,known_rts_smoother,applicability_rate,,20,45,0.444444444444,ok,,,linear-gaussian-robustness/results.csv,applicable means source status is not inapplicable; denominator is task/scenario/method raw Cartesian rows
applicability_pattern|linear-gaussian-robustness|linear_gaussian_inference|stable_high_a|misspecified_kalman_filter|applicability_rate|,applicability_pattern,linear-gaussian-robustness,linear_gaussian_inference,stable_high_a,transition_stability,misspecified_kalman_filter,applicability_rate,,0,45,0,ok,,,linear-gaussian-robustness/results.csv,applicable means source status is not inapplicable; denominator is task/scenario/method raw Cartesian rows
applicability_pattern|linear-gaussian-robustness|linear_gaussian_inference|stable_high_a|misspecified_rts_smoother|applicability_rate|,applicability_pattern,linear-gaussian-robustness,linear_gaussian_inference,stable_high_a,transition_stability,misspecified_rts_smoother,applicability_rate,,0,45,0,ok,,,linear-gaussian-robustness/results.csv,applicable means source status is not inapplicable; denominator is task/scenario/method raw Cartesian rows
applicability_pattern|linear-gaussian-robustness|linear_gaussian_inference|stable_high_a|open_loop|applicability_rate|,applicability_pattern,linear-gaussian-robustness,linear_gaussian_inference,stable_high_a,transition_stability,open_loop,applicability_rate,,5,45,0.111111111111,ok,,,linear-gaussian-robustness/results.csv,applicable means source status is not inapplicable; denominator is task/scenario/method raw Cartesian rows
applicability_pattern|linear-gaussian-robustness|linear_gaussian_inference|stable_high_a|persistence|applicability_rate|,applicability_pattern,linear-gaussian-robustness,linear_gaussian_inference,stable_high_a,transition_stability,persistence,applicability_rate,,5,45,0.111111111111,ok,,,linear-gaussian-robustness/results.csv,applicable means source status is not inapplicable; denominator is task/scenario/method raw Cartesian rows
applicability_pattern|linear-gaussian-robustness|linear_gaussian_inference|stable_high_a|selected_kalman_filter|applicability_rate|,applicability_pattern,linear-gaussian-robustness,linear_gaussian_inference,stable_high_a,transition_stability,selected_kalman_filter,applicability_rate,,25,45,0.555555555556,ok,,,linear-gaussian-robustness/results.csv,applicable means source status is not inapplicable; denominator is task/scenario/method raw Cartesian rows
applicability_pattern|linear-gaussian-robustness|linear_gaussian_inference|stable_high_a|selected_rts_smoother|applicability_rate|,applicability_pattern,linear-gaussian-robustness,linear_gaussian_inference,stable_high_a,transition_stability,selected_rts_smoother,applicability_rate,,20,45,0.444444444444,ok,,,linear-gaussian-robustness/results.csv,applicable means source status is not inapplicable; denominator is task/scenario/method raw Cartesian rows
applicability_pattern|linear-gaussian-robustness|linear_gaussian_inference|stable_high_a|stationary_mean|applicability_rate|,applicability_pattern,linear-gaussian-robustness,linear_gaussian_inference,stable_high_a,transition_stability,stationary_mean,applicability_rate,,5,45,0.111111111111,ok,,,linear-gaussian-robustness/results.csv,applicable means source status is not inapplicable; denominator is task/scenario/method raw Cartesian rows
applicability_pattern|linear-gaussian-robustness|linear_gaussian_inference|stable_low_a|batch_conditioning_oracle|applicability_rate|,applicability_pattern,linear-gaussian-robustness,linear_gaussian_inference,stable_low_a,transition_stability,batch_conditioning_oracle,applicability_rate,,20,45,0.444444444444,ok,,,linear-gaussian-robustness/results.csv,applicable means source status is not inapplicable; denominator is task/scenario/method raw Cartesian rows
applicability_pattern|linear-gaussian-robustness|linear_gaussian_inference|stable_low_a|false_continuation_filter|applicability_rate|,applicability_pattern,linear-gaussian-robustness,linear_gaussian_inference,stable_low_a,transition_stability,false_continuation_filter,applicability_rate,,0,45,0,ok,,,linear-gaussian-robustness/results.csv,applicable means source status is not inapplicable; denominator is task/scenario/method raw Cartesian rows
applicability_pattern|linear-gaussian-robustness|linear_gaussian_inference|stable_low_a|known_kalman_filter|applicability_rate|,applicability_pattern,linear-gaussian-robustness,linear_gaussian_inference,stable_low_a,transition_stability,known_kalman_filter,applicability_rate,,25,45,0.555555555556,ok,,,linear-gaussian-robustness/results.csv,applicable means source status is not inapplicable; denominator is task/scenario/method raw Cartesian rows
applicability_pattern|linear-gaussian-robustness|linear_gaussian_inference|stable_low_a|known_rts_smoother|applicability_rate|,applicability_pattern,linear-gaussian-robustness,linear_gaussian_inference,stable_low_a,transition_stability,known_rts_smoother,applicability_rate,,20,45,0.444444444444,ok,,,linear-gaussian-robustness/results.csv,applicable means source status is not inapplicable; denominator is task/scenario/method raw Cartesian rows
applicability_pattern|linear-gaussian-robustness|linear_gaussian_inference|stable_low_a|misspecified_kalman_filter|applicability_rate|,applicability_pattern,linear-gaussian-robustness,linear_gaussian_inference,stable_low_a,transition_stability,misspecified_kalman_filter,applicability_rate,,0,45,0,ok,,,linear-gaussian-robustness/results.csv,applicable means source status is not inapplicable; denominator is task/scenario/method raw Cartesian rows
applicability_pattern|linear-gaussian-robustness|linear_gaussian_inference|stable_low_a|misspecified_rts_smoother|applicability_rate|,applicability_pattern,linear-gaussian-robustness,linear_gaussian_inference,stable_low_a,transition_stability,misspecified_rts_smoother,applicability_rate,,0,45,0,ok,,,linear-gaussian-robustness/results.csv,applicable means source status is not inapplicable; denominator is task/scenario/method raw Cartesian rows
applicability_pattern|linear-gaussian-robustness|linear_gaussian_inference|stable_low_a|open_loop|applicability_rate|,applicability_pattern,linear-gaussian-robustness,linear_gaussian_inference,stable_low_a,transition_stability,open_loop,applicability_rate,,5,45,0.111111111111,ok,,,linear-gaussian-robustness/results.csv,applicable means source status is not inapplicable; denominator is task/scenario/method raw Cartesian rows
applicability_pattern|linear-gaussian-robustness|linear_gaussian_inference|stable_low_a|persistence|applicability_rate|,applicability_pattern,linear-gaussian-robustness,linear_gaussian_inference,stable_low_a,transition_stability,persistence,applicability_rate,,5,45,0.111111111111,ok,,,linear-gaussian-robustness/results.csv,applicable means source status is not inapplicable; denominator is task/scenario/method raw Cartesian rows
applicability_pattern|linear-gaussian-robustness|linear_gaussian_inference|stable_low_a|selected_kalman_filter|applicability_rate|,applicability_pattern,linear-gaussian-robustness,linear_gaussian_inference,stable_low_a,transition_stability,selected_kalman_filter,applicability_rate,,25,45,0.555555555556,ok,,,linear-gaussian-robustness/results.csv,applicable means source status is not inapplicable; denominator is task/scenario/method raw Cartesian rows
applicability_pattern|linear-gaussian-robustness|linear_gaussian_inference|stable_low_a|selected_rts_smoother|applicability_rate|,applicability_pattern,linear-gaussian-robustness,linear_gaussian_inference,stable_low_a,transition_stability,selected_rts_smoother,applicability_rate,,20,45,0.444444444444,ok,,,linear-gaussian-robustness/results.csv,applicable means source status is not inapplicable; denominator is task/scenario/method raw Cartesian rows
applicability_pattern|linear-gaussian-robustness|linear_gaussian_inference|stable_low_a|stationary_mean|applicability_rate|,applicability_pattern,linear-gaussian-robustness,linear_gaussian_inference,stable_low_a,transition_stability,stationary_mean,applicability_rate,,5,45,0.111111111111,ok,,,linear-gaussian-robustness/results.csv,applicable means source status is not inapplicable; denominator is task/scenario/method raw Cartesian rows
applicability_pattern|linear-gaussian-robustness|linear_gaussian_inference|stable_moderate|batch_conditioning_oracle|applicability_rate|,applicability_pattern,linear-gaussian-robustness,linear_gaussian_inference,stable_moderate,transition_stability,batch_conditioning_oracle,applicability_rate,,20,45,0.444444444444,ok,,,linear-gaussian-robustness/results.csv,applicable means source status is not inapplicable; denominator is task/scenario/method raw Cartesian rows
applicability_pattern|linear-gaussian-robustness|linear_gaussian_inference|stable_moderate|false_continuation_filter|applicability_rate|,applicability_pattern,linear-gaussian-robustness,linear_gaussian_inference,stable_moderate,transition_stability,false_continuation_filter,applicability_rate,,0,45,0,ok,,,linear-gaussian-robustness/results.csv,applicable means source status is not inapplicable; denominator is task/scenario/method raw Cartesian rows
applicability_pattern|linear-gaussian-robustness|linear_gaussian_inference|stable_moderate|known_kalman_filter|applicability_rate|,applicability_pattern,linear-gaussian-robustness,linear_gaussian_inference,stable_moderate,transition_stability,known_kalman_filter,applicability_rate,,25,45,0.555555555556,ok,,,linear-gaussian-robustness/results.csv,applicable means source status is not inapplicable; denominator is task/scenario/method raw Cartesian rows
applicability_pattern|linear-gaussian-robustness|linear_gaussian_inference|stable_moderate|known_rts_smoother|applicability_rate|,applicability_pattern,linear-gaussian-robustness,linear_gaussian_inference,stable_moderate,transition_stability,known_rts_smoother,applicability_rate,,20,45,0.444444444444,ok,,,linear-gaussian-robustness/results.csv,applicable means source status is not inapplicable; denominator is task/scenario/method raw Cartesian rows
applicability_pattern|linear-gaussian-robustness|linear_gaussian_inference|stable_moderate|misspecified_kalman_filter|applicability_rate|,applicability_pattern,linear-gaussian-robustness,linear_gaussian_inference,stable_moderate,transition_stability,misspecified_kalman_filter,applicability_rate,,0,45,0,ok,,,linear-gaussian-robustness/results.csv,applicable means source status is not inapplicable; denominator is task/scenario/method raw Cartesian rows
applicability_pattern|linear-gaussian-robustness|linear_gaussian_inference|stable_moderate|misspecified_rts_smoother|applicability_rate|,applicability_pattern,linear-gaussian-robustness,linear_gaussian_inference,stable_moderate,transition_stability,misspecified_rts_smoother,applicability_rate,,0,45,0,ok,,,linear-gaussian-robustness/results.csv,applicable means source status is not inapplicable; denominator is task/scenario/method raw Cartesian rows
applicability_pattern|linear-gaussian-robustness|linear_gaussian_inference|stable_moderate|open_loop|applicability_rate|,applicability_pattern,linear-gaussian-robustness,linear_gaussian_inference,stable_moderate,transition_stability,open_loop,applicability_rate,,5,45,0.111111111111,ok,,,linear-gaussian-robustness/results.csv,applicable means source status is not inapplicable; denominator is task/scenario/method raw Cartesian rows
applicability_pattern|linear-gaussian-robustness|linear_gaussian_inference|stable_moderate|persistence|applicability_rate|,applicability_pattern,linear-gaussian-robustness,linear_gaussian_inference,stable_moderate,transition_stability,persistence,applicability_rate,,5,45,0.111111111111,ok,,,linear-gaussian-robustness/results.csv,applicable means source status is not inapplicable; denominator is task/scenario/method raw Cartesian rows
applicability_pattern|linear-gaussian-robustness|linear_gaussian_inference|stable_moderate|selected_kalman_filter|applicability_rate|,applicability_pattern,linear-gaussian-robustness,linear_gaussian_inference,stable_moderate,transition_stability,selected_kalman_filter,applicability_rate,,25,45,0.555555555556,ok,,,linear-gaussian-robustness/results.csv,applicable means source status is not inapplicable; denominator is task/scenario/method raw Cartesian rows
applicability_pattern|linear-gaussian-robustness|linear_gaussian_inference|stable_moderate|selected_rts_smoother|applicability_rate|,applicability_pattern,linear-gaussian-robustness,linear_gaussian_inference,stable_moderate,transition_stability,selected_rts_smoother,applicability_rate,,20,45,0.444444444444,ok,,,linear-gaussian-robustness/results.csv,applicable means source status is not inapplicable; denominator is task/scenario/method raw Cartesian rows
applicability_pattern|linear-gaussian-robustness|linear_gaussian_inference|stable_moderate|stationary_mean|applicability_rate|,applicability_pattern,linear-gaussian-robustness,linear_gaussian_inference,stable_moderate,transition_stability,stationary_mean,applicability_rate,,5,45,0.111111111111,ok,,,linear-gaussian-robustness/results.csv,applicable means source status is not inapplicable; denominator is task/scenario/method raw Cartesian rows
applicability_pattern|linear-gaussian-robustness|linear_gaussian_inference|wrong_parameters|batch_conditioning_oracle|applicability_rate|,applicability_pattern,linear-gaussian-robustness,linear_gaussian_inference,wrong_parameters,wrong_parameters,batch_conditioning_oracle,applicability_rate,,20,45,0.444444444444,ok,,,linear-gaussian-robustness/results.csv,applicable means source status is not inapplicable; denominator is task/scenario/method raw Cartesian rows
applicability_pattern|linear-gaussian-robustness|linear_gaussian_inference|wrong_parameters|false_continuation_filter|applicability_rate|,applicability_pattern,linear-gaussian-robustness,linear_gaussian_inference,wrong_parameters,wrong_parameters,false_continuation_filter,applicability_rate,,0,45,0,ok,,,linear-gaussian-robustness/results.csv,applicable means source status is not inapplicable; denominator is task/scenario/method raw Cartesian rows
applicability_pattern|linear-gaussian-robustness|linear_gaussian_inference|wrong_parameters|known_kalman_filter|applicability_rate|,applicability_pattern,linear-gaussian-robustness,linear_gaussian_inference,wrong_parameters,wrong_parameters,known_kalman_filter,applicability_rate,,25,45,0.555555555556,ok,,,linear-gaussian-robustness/results.csv,applicable means source status is not inapplicable; denominator is task/scenario/method raw Cartesian rows
applicability_pattern|linear-gaussian-robustness|linear_gaussian_inference|wrong_parameters|known_rts_smoother|applicability_rate|,applicability_pattern,linear-gaussian-robustness,linear_gaussian_inference,wrong_parameters,wrong_parameters,known_rts_smoother,applicability_rate,,20,45,0.444444444444,ok,,,linear-gaussian-robustness/results.csv,applicable means source status is not inapplicable; denominator is task/scenario/method raw Cartesian rows
applicability_pattern|linear-gaussian-robustness|linear_gaussian_inference|wrong_parameters|misspecified_kalman_filter|applicability_rate|,applicability_pattern,linear-gaussian-robustness,linear_gaussian_inference,wrong_parameters,wrong_parameters,misspecified_kalman_filter,applicability_rate,,20,45,0.444444444444,ok,,,linear-gaussian-robustness/results.csv,applicable means source status is not inapplicable; denominator is task/scenario/method raw Cartesian rows
applicability_pattern|linear-gaussian-robustness|linear_gaussian_inference|wrong_parameters|misspecified_rts_smoother|applicability_rate|,applicability_pattern,linear-gaussian-robustness,linear_gaussian_inference,wrong_parameters,wrong_parameters,misspecified_rts_smoother,applicability_rate,,15,45,0.333333333333,ok,,,linear-gaussian-robustness/results.csv,applicable means source status is not inapplicable; denominator is task/scenario/method raw Cartesian rows
applicability_pattern|linear-gaussian-robustness|linear_gaussian_inference|wrong_parameters|open_loop|applicability_rate|,applicability_pattern,linear-gaussian-robustness,linear_gaussian_inference,wrong_parameters,wrong_parameters,open_loop,applicability_rate,,5,45,0.111111111111,ok,,,linear-gaussian-robustness/results.csv,applicable means source status is not inapplicable; denominator is task/scenario/method raw Cartesian rows
applicability_pattern|linear-gaussian-robustness|linear_gaussian_inference|wrong_parameters|persistence|applicability_rate|,applicability_pattern,linear-gaussian-robustness,linear_gaussian_inference,wrong_parameters,wrong_parameters,persistence,applicability_rate,,5,45,0.111111111111,ok,,,linear-gaussian-robustness/results.csv,applicable means source status is not inapplicable; denominator is task/scenario/method raw Cartesian rows
applicability_pattern|linear-gaussian-robustness|linear_gaussian_inference|wrong_parameters|selected_kalman_filter|applicability_rate|,applicability_pattern,linear-gaussian-robustness,linear_gaussian_inference,wrong_parameters,wrong_parameters,selected_kalman_filter,applicability_rate,,25,45,0.555555555556,ok,,,linear-gaussian-robustness/results.csv,applicable means source status is not inapplicable; denominator is task/scenario/method raw Cartesian rows
applicability_pattern|linear-gaussian-robustness|linear_gaussian_inference|wrong_parameters|selected_rts_smoother|applicability_rate|,applicability_pattern,linear-gaussian-robustness,linear_gaussian_inference,wrong_parameters,wrong_parameters,selected_rts_smoother,applicability_rate,,20,45,0.444444444444,ok,,,linear-gaussian-robustness/results.csv,applicable means source status is not inapplicable; denominator is task/scenario/method raw Cartesian rows
applicability_pattern|linear-gaussian-robustness|linear_gaussian_inference|wrong_parameters|stationary_mean|applicability_rate|,applicability_pattern,linear-gaussian-robustness,linear_gaussian_inference,wrong_parameters,wrong_parameters,stationary_mean,applicability_rate,,5,45,0.111111111111,ok,,,linear-gaussian-robustness/results.csv,applicable means source status is not inapplicable; denominator is task/scenario/method raw Cartesian rows
applicability_pattern|nonlinear-graph-robustness|graph|circle_bandwidth_large|ambient_mds|applicability_rate|,applicability_pattern,nonlinear-graph-robustness,graph,circle_bandwidth_large,bandwidth,ambient_mds,applicability_rate,,0,33,0,ok,,,nonlinear-graph-robustness/results.csv,applicable means source status is not inapplicable; denominator is task/scenario/method raw Cartesian rows
applicability_pattern|nonlinear-graph-robustness|graph|circle_bandwidth_large|diffusion_maps|applicability_rate|,applicability_pattern,nonlinear-graph-robustness,graph,circle_bandwidth_large,bandwidth,diffusion_maps,applicability_rate,,6,33,0.181818181818,ok,,,nonlinear-graph-robustness/results.csv,applicable means source status is not inapplicable; denominator is task/scenario/method raw Cartesian rows
applicability_pattern|nonlinear-graph-robustness|graph|circle_bandwidth_large|direct_operator|applicability_rate|,applicability_pattern,nonlinear-graph-robustness,graph,circle_bandwidth_large,bandwidth,direct_operator,applicability_rate,,6,33,0.181818181818,ok,,,nonlinear-graph-robustness/results.csv,applicable means source status is not inapplicable; denominator is task/scenario/method raw Cartesian rows
applicability_pattern|nonlinear-graph-robustness|graph|circle_bandwidth_large|graph_diagnostics|applicability_rate|,applicability_pattern,nonlinear-graph-robustness,graph,circle_bandwidth_large,bandwidth,graph_diagnostics,applicability_rate,,0,33,0,ok,,,nonlinear-graph-robustness/results.csv,applicable means source status is not inapplicable; denominator is task/scenario/method raw Cartesian rows
applicability_pattern|nonlinear-graph-robustness|graph|circle_bandwidth_large|isomap|applicability_rate|,applicability_pattern,nonlinear-graph-robustness,graph,circle_bandwidth_large,bandwidth,isomap,applicability_rate,,0,33,0,ok,,,nonlinear-graph-robustness/results.csv,applicable means source status is not inapplicable; denominator is task/scenario/method raw Cartesian rows
applicability_pattern|nonlinear-graph-robustness|graph|circle_bandwidth_large|mean|applicability_rate|,applicability_pattern,nonlinear-graph-robustness,graph,circle_bandwidth_large,bandwidth,mean,applicability_rate,,0,33,0,ok,,,nonlinear-graph-robustness/results.csv,applicable means source status is not inapplicable; denominator is task/scenario/method raw Cartesian rows
applicability_pattern|nonlinear-graph-robustness|graph|circle_bandwidth_large|nystrom_extension|applicability_rate|,applicability_pattern,nonlinear-graph-robustness,graph,circle_bandwidth_large,bandwidth,nystrom_extension,applicability_rate,,3,33,0.0909090909091,ok,,,nonlinear-graph-robustness/results.csv,applicable means source status is not inapplicable; denominator is task/scenario/method raw Cartesian rows
applicability_pattern|nonlinear-graph-robustness|graph|circle_bandwidth_large|pca|applicability_rate|,applicability_pattern,nonlinear-graph-robustness,graph,circle_bandwidth_large,bandwidth,pca,applicability_rate,,0,33,0,ok,,,nonlinear-graph-robustness/results.csv,applicable means source status is not inapplicable; denominator is task/scenario/method raw Cartesian rows
applicability_pattern|nonlinear-graph-robustness|graph|circle_bandwidth_small|ambient_mds|applicability_rate|,applicability_pattern,nonlinear-graph-robustness,graph,circle_bandwidth_small,bandwidth,ambient_mds,applicability_rate,,0,33,0,ok,,,nonlinear-graph-robustness/results.csv,applicable means source status is not inapplicable; denominator is task/scenario/method raw Cartesian rows
applicability_pattern|nonlinear-graph-robustness|graph|circle_bandwidth_small|diffusion_maps|applicability_rate|,applicability_pattern,nonlinear-graph-robustness,graph,circle_bandwidth_small,bandwidth,diffusion_maps,applicability_rate,,6,33,0.181818181818,ok,,,nonlinear-graph-robustness/results.csv,applicable means source status is not inapplicable; denominator is task/scenario/method raw Cartesian rows
applicability_pattern|nonlinear-graph-robustness|graph|circle_bandwidth_small|direct_operator|applicability_rate|,applicability_pattern,nonlinear-graph-robustness,graph,circle_bandwidth_small,bandwidth,direct_operator,applicability_rate,,6,33,0.181818181818,ok,,,nonlinear-graph-robustness/results.csv,applicable means source status is not inapplicable; denominator is task/scenario/method raw Cartesian rows
applicability_pattern|nonlinear-graph-robustness|graph|circle_bandwidth_small|graph_diagnostics|applicability_rate|,applicability_pattern,nonlinear-graph-robustness,graph,circle_bandwidth_small,bandwidth,graph_diagnostics,applicability_rate,,0,33,0,ok,,,nonlinear-graph-robustness/results.csv,applicable means source status is not inapplicable; denominator is task/scenario/method raw Cartesian rows
applicability_pattern|nonlinear-graph-robustness|graph|circle_bandwidth_small|isomap|applicability_rate|,applicability_pattern,nonlinear-graph-robustness,graph,circle_bandwidth_small,bandwidth,isomap,applicability_rate,,0,33,0,ok,,,nonlinear-graph-robustness/results.csv,applicable means source status is not inapplicable; denominator is task/scenario/method raw Cartesian rows
applicability_pattern|nonlinear-graph-robustness|graph|circle_bandwidth_small|mean|applicability_rate|,applicability_pattern,nonlinear-graph-robustness,graph,circle_bandwidth_small,bandwidth,mean,applicability_rate,,0,33,0,ok,,,nonlinear-graph-robustness/results.csv,applicable means source status is not inapplicable; denominator is task/scenario/method raw Cartesian rows
applicability_pattern|nonlinear-graph-robustness|graph|circle_bandwidth_small|nystrom_extension|applicability_rate|,applicability_pattern,nonlinear-graph-robustness,graph,circle_bandwidth_small,bandwidth,nystrom_extension,applicability_rate,,3,33,0.0909090909091,ok,,,nonlinear-graph-robustness/results.csv,applicable means source status is not inapplicable; denominator is task/scenario/method raw Cartesian rows
applicability_pattern|nonlinear-graph-robustness|graph|circle_bandwidth_small|pca|applicability_rate|,applicability_pattern,nonlinear-graph-robustness,graph,circle_bandwidth_small,bandwidth,pca,applicability_rate,,0,33,0,ok,,,nonlinear-graph-robustness/results.csv,applicable means source status is not inapplicable; denominator is task/scenario/method raw Cartesian rows
applicability_pattern|nonlinear-graph-robustness|graph|circle_metric_scaling|ambient_mds|applicability_rate|,applicability_pattern,nonlinear-graph-robustness,graph,circle_metric_scaling,metric_scaling,ambient_mds,applicability_rate,,0,33,0,ok,,,nonlinear-graph-robustness/results.csv,applicable means source status is not inapplicable; denominator is task/scenario/method raw Cartesian rows
applicability_pattern|nonlinear-graph-robustness|graph|circle_metric_scaling|diffusion_maps|applicability_rate|,applicability_pattern,nonlinear-graph-robustness,graph,circle_metric_scaling,metric_scaling,diffusion_maps,applicability_rate,,6,33,0.181818181818,ok,,,nonlinear-graph-robustness/results.csv,applicable means source status is not inapplicable; denominator is task/scenario/method raw Cartesian rows
applicability_pattern|nonlinear-graph-robustness|graph|circle_metric_scaling|direct_operator|applicability_rate|,applicability_pattern,nonlinear-graph-robustness,graph,circle_metric_scaling,metric_scaling,direct_operator,applicability_rate,,6,33,0.181818181818,ok,,,nonlinear-graph-robustness/results.csv,applicable means source status is not inapplicable; denominator is task/scenario/method raw Cartesian rows
applicability_pattern|nonlinear-graph-robustness|graph|circle_metric_scaling|graph_diagnostics|applicability_rate|,applicability_pattern,nonlinear-graph-robustness,graph,circle_metric_scaling,metric_scaling,graph_diagnostics,applicability_rate,,0,33,0,ok,,,nonlinear-graph-robustness/results.csv,applicable means source status is not inapplicable; denominator is task/scenario/method raw Cartesian rows
applicability_pattern|nonlinear-graph-robustness|graph|circle_metric_scaling|isomap|applicability_rate|,applicability_pattern,nonlinear-graph-robustness,graph,circle_metric_scaling,metric_scaling,isomap,applicability_rate,,0,33,0,ok,,,nonlinear-graph-robustness/results.csv,applicable means source status is not inapplicable; denominator is task/scenario/method raw Cartesian rows
applicability_pattern|nonlinear-graph-robustness|graph|circle_metric_scaling|mean|applicability_rate|,applicability_pattern,nonlinear-graph-robustness,graph,circle_metric_scaling,metric_scaling,mean,applicability_rate,,0,33,0,ok,,,nonlinear-graph-robustness/results.csv,applicable means source status is not inapplicable; denominator is task/scenario/method raw Cartesian rows
applicability_pattern|nonlinear-graph-robustness|graph|circle_metric_scaling|nystrom_extension|applicability_rate|,applicability_pattern,nonlinear-graph-robustness,graph,circle_metric_scaling,metric_scaling,nystrom_extension,applicability_rate,,3,33,0.0909090909091,ok,,,nonlinear-graph-robustness/results.csv,applicable means source status is not inapplicable; denominator is task/scenario/method raw Cartesian rows
applicability_pattern|nonlinear-graph-robustness|graph|circle_metric_scaling|pca|applicability_rate|,applicability_pattern,nonlinear-graph-robustness,graph,circle_metric_scaling,metric_scaling,pca,applicability_rate,,0,33,0,ok,,,nonlinear-graph-robustness/results.csv,applicable means source status is not inapplicable; denominator is task/scenario/method raw Cartesian rows
applicability_pattern|nonlinear-graph-robustness|graph|circle_nonuniform|ambient_mds|applicability_rate|,applicability_pattern,nonlinear-graph-robustness,graph,circle_nonuniform,nonuniform_density,ambient_mds,applicability_rate,,0,33,0,ok,,,nonlinear-graph-robustness/results.csv,applicable means source status is not inapplicable; denominator is task/scenario/method raw Cartesian rows
applicability_pattern|nonlinear-graph-robustness|graph|circle_nonuniform|diffusion_maps|applicability_rate|,applicability_pattern,nonlinear-graph-robustness,graph,circle_nonuniform,nonuniform_density,diffusion_maps,applicability_rate,,6,33,0.181818181818,ok,,,nonlinear-graph-robustness/results.csv,applicable means source status is not inapplicable; denominator is task/scenario/method raw Cartesian rows
applicability_pattern|nonlinear-graph-robustness|graph|circle_nonuniform|direct_operator|applicability_rate|,applicability_pattern,nonlinear-graph-robustness,graph,circle_nonuniform,nonuniform_density,direct_operator,applicability_rate,,6,33,0.181818181818,ok,,,nonlinear-graph-robustness/results.csv,applicable means source status is not inapplicable; denominator is task/scenario/method raw Cartesian rows
applicability_pattern|nonlinear-graph-robustness|graph|circle_nonuniform|graph_diagnostics|applicability_rate|,applicability_pattern,nonlinear-graph-robustness,graph,circle_nonuniform,nonuniform_density,graph_diagnostics,applicability_rate,,0,33,0,ok,,,nonlinear-graph-robustness/results.csv,applicable means source status is not inapplicable; denominator is task/scenario/method raw Cartesian rows
applicability_pattern|nonlinear-graph-robustness|graph|circle_nonuniform|isomap|applicability_rate|,applicability_pattern,nonlinear-graph-robustness,graph,circle_nonuniform,nonuniform_density,isomap,applicability_rate,,0,33,0,ok,,,nonlinear-graph-robustness/results.csv,applicable means source status is not inapplicable; denominator is task/scenario/method raw Cartesian rows
applicability_pattern|nonlinear-graph-robustness|graph|circle_nonuniform|mean|applicability_rate|,applicability_pattern,nonlinear-graph-robustness,graph,circle_nonuniform,nonuniform_density,mean,applicability_rate,,0,33,0,ok,,,nonlinear-graph-robustness/results.csv,applicable means source status is not inapplicable; denominator is task/scenario/method raw Cartesian rows
applicability_pattern|nonlinear-graph-robustness|graph|circle_nonuniform|nystrom_extension|applicability_rate|,applicability_pattern,nonlinear-graph-robustness,graph,circle_nonuniform,nonuniform_density,nystrom_extension,applicability_rate,,3,33,0.0909090909091,ok,,,nonlinear-graph-robustness/results.csv,applicable means source status is not inapplicable; denominator is task/scenario/method raw Cartesian rows
applicability_pattern|nonlinear-graph-robustness|graph|circle_nonuniform|pca|applicability_rate|,applicability_pattern,nonlinear-graph-robustness,graph,circle_nonuniform,nonuniform_density,pca,applicability_rate,,0,33,0,ok,,,nonlinear-graph-robustness/results.csv,applicable means source status is not inapplicable; denominator is task/scenario/method raw Cartesian rows
applicability_pattern|nonlinear-graph-robustness|graph|circle_reference|ambient_mds|applicability_rate|,applicability_pattern,nonlinear-graph-robustness,graph,circle_reference,reference,ambient_mds,applicability_rate,,0,33,0,ok,,,nonlinear-graph-robustness/results.csv,applicable means source status is not inapplicable; denominator is task/scenario/method raw Cartesian rows
applicability_pattern|nonlinear-graph-robustness|graph|circle_reference|diffusion_maps|applicability_rate|,applicability_pattern,nonlinear-graph-robustness,graph,circle_reference,reference,diffusion_maps,applicability_rate,,6,33,0.181818181818,ok,,,nonlinear-graph-robustness/results.csv,applicable means source status is not inapplicable; denominator is task/scenario/method raw Cartesian rows
applicability_pattern|nonlinear-graph-robustness|graph|circle_reference|direct_operator|applicability_rate|,applicability_pattern,nonlinear-graph-robustness,graph,circle_reference,reference,direct_operator,applicability_rate,,6,33,0.181818181818,ok,,,nonlinear-graph-robustness/results.csv,applicable means source status is not inapplicable; denominator is task/scenario/method raw Cartesian rows
applicability_pattern|nonlinear-graph-robustness|graph|circle_reference|graph_diagnostics|applicability_rate|,applicability_pattern,nonlinear-graph-robustness,graph,circle_reference,reference,graph_diagnostics,applicability_rate,,0,33,0,ok,,,nonlinear-graph-robustness/results.csv,applicable means source status is not inapplicable; denominator is task/scenario/method raw Cartesian rows
applicability_pattern|nonlinear-graph-robustness|graph|circle_reference|isomap|applicability_rate|,applicability_pattern,nonlinear-graph-robustness,graph,circle_reference,reference,isomap,applicability_rate,,0,33,0,ok,,,nonlinear-graph-robustness/results.csv,applicable means source status is not inapplicable; denominator is task/scenario/method raw Cartesian rows
applicability_pattern|nonlinear-graph-robustness|graph|circle_reference|mean|applicability_rate|,applicability_pattern,nonlinear-graph-robustness,graph,circle_reference,reference,mean,applicability_rate,,0,33,0,ok,,,nonlinear-graph-robustness/results.csv,applicable means source status is not inapplicable; denominator is task/scenario/method raw Cartesian rows
applicability_pattern|nonlinear-graph-robustness|graph|circle_reference|nystrom_extension|applicability_rate|,applicability_pattern,nonlinear-graph-robustness,graph,circle_reference,reference,nystrom_extension,applicability_rate,,3,33,0.0909090909091,ok,,,nonlinear-graph-robustness/results.csv,applicable means source status is not inapplicable; denominator is task/scenario/method raw Cartesian rows
applicability_pattern|nonlinear-graph-robustness|graph|circle_reference|pca|applicability_rate|,applicability_pattern,nonlinear-graph-robustness,graph,circle_reference,reference,pca,applicability_rate,,0,33,0,ok,,,nonlinear-graph-robustness/results.csv,applicable means source status is not inapplicable; denominator is task/scenario/method raw Cartesian rows
applicability_pattern|nonlinear-graph-robustness|graph|hairpin_disconnected|ambient_mds|applicability_rate|,applicability_pattern,nonlinear-graph-robustness,graph,hairpin_disconnected,connectivity,ambient_mds,applicability_rate,,6,33,0.181818181818,ok,,,nonlinear-graph-robustness/results.csv,applicable means source status is not inapplicable; denominator is task/scenario/method raw Cartesian rows
applicability_pattern|nonlinear-graph-robustness|graph|hairpin_disconnected|diffusion_maps|applicability_rate|,applicability_pattern,nonlinear-graph-robustness,graph,hairpin_disconnected,connectivity,diffusion_maps,applicability_rate,,0,33,0,ok,,,nonlinear-graph-robustness/results.csv,applicable means source status is not inapplicable; denominator is task/scenario/method raw Cartesian rows
applicability_pattern|nonlinear-graph-robustness|graph|hairpin_disconnected|direct_operator|applicability_rate|,applicability_pattern,nonlinear-graph-robustness,graph,hairpin_disconnected,connectivity,direct_operator,applicability_rate,,0,33,0,ok,,,nonlinear-graph-robustness/results.csv,applicable means source status is not inapplicable; denominator is task/scenario/method raw Cartesian rows
applicability_pattern|nonlinear-graph-robustness|graph|hairpin_disconnected|graph_diagnostics|applicability_rate|,applicability_pattern,nonlinear-graph-robustness,graph,hairpin_disconnected,connectivity,graph_diagnostics,applicability_rate,,12,33,0.363636363636,ok,,,nonlinear-graph-robustness/results.csv,applicable means source status is not inapplicable; denominator is task/scenario/method raw Cartesian rows
applicability_pattern|nonlinear-graph-robustness|graph|hairpin_disconnected|isomap|applicability_rate|,applicability_pattern,nonlinear-graph-robustness,graph,hairpin_disconnected,connectivity,isomap,applicability_rate,,0,33,0,ok,,,nonlinear-graph-robustness/results.csv,applicable means source status is not inapplicable; denominator is task/scenario/method raw Cartesian rows
applicability_pattern|nonlinear-graph-robustness|graph|hairpin_disconnected|mean|applicability_rate|,applicability_pattern,nonlinear-graph-robustness,graph,hairpin_disconnected,connectivity,mean,applicability_rate,,3,33,0.0909090909091,ok,,,nonlinear-graph-robustness/results.csv,applicable means source status is not inapplicable; denominator is task/scenario/method raw Cartesian rows
applicability_pattern|nonlinear-graph-robustness|graph|hairpin_disconnected|nystrom_extension|applicability_rate|,applicability_pattern,nonlinear-graph-robustness,graph,hairpin_disconnected,connectivity,nystrom_extension,applicability_rate,,0,33,0,ok,,,nonlinear-graph-robustness/results.csv,applicable means source status is not inapplicable; denominator is task/scenario/method raw Cartesian rows
applicability_pattern|nonlinear-graph-robustness|graph|hairpin_disconnected|pca|applicability_rate|,applicability_pattern,nonlinear-graph-robustness,graph,hairpin_disconnected,connectivity,pca,applicability_rate,,3,33,0.0909090909091,ok,,,nonlinear-graph-robustness/results.csv,applicable means source status is not inapplicable; denominator is task/scenario/method raw Cartesian rows
applicability_pattern|nonlinear-graph-robustness|graph|hairpin_large_k|ambient_mds|applicability_rate|,applicability_pattern,nonlinear-graph-robustness,graph,hairpin_large_k,neighborhood,ambient_mds,applicability_rate,,6,33,0.181818181818,ok,,,nonlinear-graph-robustness/results.csv,applicable means source status is not inapplicable; denominator is task/scenario/method raw Cartesian rows
applicability_pattern|nonlinear-graph-robustness|graph|hairpin_large_k|diffusion_maps|applicability_rate|,applicability_pattern,nonlinear-graph-robustness,graph,hairpin_large_k,neighborhood,diffusion_maps,applicability_rate,,0,33,0,ok,,,nonlinear-graph-robustness/results.csv,applicable means source status is not inapplicable; denominator is task/scenario/method raw Cartesian rows
applicability_pattern|nonlinear-graph-robustness|graph|hairpin_large_k|direct_operator|applicability_rate|,applicability_pattern,nonlinear-graph-robustness,graph,hairpin_large_k,neighborhood,direct_operator,applicability_rate,,0,33,0,ok,,,nonlinear-graph-robustness/results.csv,applicable means source status is not inapplicable; denominator is task/scenario/method raw Cartesian rows
applicability_pattern|nonlinear-graph-robustness|graph|hairpin_large_k|graph_diagnostics|applicability_rate|,applicability_pattern,nonlinear-graph-robustness,graph,hairpin_large_k,neighborhood,graph_diagnostics,applicability_rate,,12,33,0.363636363636,ok,,,nonlinear-graph-robustness/results.csv,applicable means source status is not inapplicable; denominator is task/scenario/method raw Cartesian rows
applicability_pattern|nonlinear-graph-robustness|graph|hairpin_large_k|isomap|applicability_rate|,applicability_pattern,nonlinear-graph-robustness,graph,hairpin_large_k,neighborhood,isomap,applicability_rate,,6,33,0.181818181818,ok,,,nonlinear-graph-robustness/results.csv,applicable means source status is not inapplicable; denominator is task/scenario/method raw Cartesian rows
applicability_pattern|nonlinear-graph-robustness|graph|hairpin_large_k|mean|applicability_rate|,applicability_pattern,nonlinear-graph-robustness,graph,hairpin_large_k,neighborhood,mean,applicability_rate,,3,33,0.0909090909091,ok,,,nonlinear-graph-robustness/results.csv,applicable means source status is not inapplicable; denominator is task/scenario/method raw Cartesian rows
applicability_pattern|nonlinear-graph-robustness|graph|hairpin_large_k|nystrom_extension|applicability_rate|,applicability_pattern,nonlinear-graph-robustness,graph,hairpin_large_k,neighborhood,nystrom_extension,applicability_rate,,0,33,0,ok,,,nonlinear-graph-robustness/results.csv,applicable means source status is not inapplicable; denominator is task/scenario/method raw Cartesian rows
applicability_pattern|nonlinear-graph-robustness|graph|hairpin_large_k|pca|applicability_rate|,applicability_pattern,nonlinear-graph-robustness,graph,hairpin_large_k,neighborhood,pca,applicability_rate,,3,33,0.0909090909091,ok,,,nonlinear-graph-robustness/results.csv,applicable means source status is not inapplicable; denominator is task/scenario/method raw Cartesian rows
applicability_pattern|nonlinear-graph-robustness|graph|hairpin_metric_scaling|ambient_mds|applicability_rate|,applicability_pattern,nonlinear-graph-robustness,graph,hairpin_metric_scaling,metric_scaling,ambient_mds,applicability_rate,,6,33,0.181818181818,ok,,,nonlinear-graph-robustness/results.csv,applicable means source status is not inapplicable; denominator is task/scenario/method raw Cartesian rows
applicability_pattern|nonlinear-graph-robustness|graph|hairpin_metric_scaling|diffusion_maps|applicability_rate|,applicability_pattern,nonlinear-graph-robustness,graph,hairpin_metric_scaling,metric_scaling,diffusion_maps,applicability_rate,,0,33,0,ok,,,nonlinear-graph-robustness/results.csv,applicable means source status is not inapplicable; denominator is task/scenario/method raw Cartesian rows
applicability_pattern|nonlinear-graph-robustness|graph|hairpin_metric_scaling|direct_operator|applicability_rate|,applicability_pattern,nonlinear-graph-robustness,graph,hairpin_metric_scaling,metric_scaling,direct_operator,applicability_rate,,0,33,0,ok,,,nonlinear-graph-robustness/results.csv,applicable means source status is not inapplicable; denominator is task/scenario/method raw Cartesian rows
applicability_pattern|nonlinear-graph-robustness|graph|hairpin_metric_scaling|graph_diagnostics|applicability_rate|,applicability_pattern,nonlinear-graph-robustness,graph,hairpin_metric_scaling,metric_scaling,graph_diagnostics,applicability_rate,,12,33,0.363636363636,ok,,,nonlinear-graph-robustness/results.csv,applicable means source status is not inapplicable; denominator is task/scenario/method raw Cartesian rows
applicability_pattern|nonlinear-graph-robustness|graph|hairpin_metric_scaling|isomap|applicability_rate|,applicability_pattern,nonlinear-graph-robustness,graph,hairpin_metric_scaling,metric_scaling,isomap,applicability_rate,,6,33,0.181818181818,ok,,,nonlinear-graph-robustness/results.csv,applicable means source status is not inapplicable; denominator is task/scenario/method raw Cartesian rows
applicability_pattern|nonlinear-graph-robustness|graph|hairpin_metric_scaling|mean|applicability_rate|,applicability_pattern,nonlinear-graph-robustness,graph,hairpin_metric_scaling,metric_scaling,mean,applicability_rate,,3,33,0.0909090909091,ok,,,nonlinear-graph-robustness/results.csv,applicable means source status is not inapplicable; denominator is task/scenario/method raw Cartesian rows
applicability_pattern|nonlinear-graph-robustness|graph|hairpin_metric_scaling|nystrom_extension|applicability_rate|,applicability_pattern,nonlinear-graph-robustness,graph,hairpin_metric_scaling,metric_scaling,nystrom_extension,applicability_rate,,0,33,0,ok,,,nonlinear-graph-robustness/results.csv,applicable means source status is not inapplicable; denominator is task/scenario/method raw Cartesian rows
applicability_pattern|nonlinear-graph-robustness|graph|hairpin_metric_scaling|pca|applicability_rate|,applicability_pattern,nonlinear-graph-robustness,graph,hairpin_metric_scaling,metric_scaling,pca,applicability_rate,,3,33,0.0909090909091,ok,,,nonlinear-graph-robustness/results.csv,applicable means source status is not inapplicable; denominator is task/scenario/method raw Cartesian rows
applicability_pattern|nonlinear-graph-robustness|graph|hairpin_nearly_complete|ambient_mds|applicability_rate|,applicability_pattern,nonlinear-graph-robustness,graph,hairpin_nearly_complete,neighborhood,ambient_mds,applicability_rate,,6,33,0.181818181818,ok,,,nonlinear-graph-robustness/results.csv,applicable means source status is not inapplicable; denominator is task/scenario/method raw Cartesian rows
applicability_pattern|nonlinear-graph-robustness|graph|hairpin_nearly_complete|diffusion_maps|applicability_rate|,applicability_pattern,nonlinear-graph-robustness,graph,hairpin_nearly_complete,neighborhood,diffusion_maps,applicability_rate,,0,33,0,ok,,,nonlinear-graph-robustness/results.csv,applicable means source status is not inapplicable; denominator is task/scenario/method raw Cartesian rows
applicability_pattern|nonlinear-graph-robustness|graph|hairpin_nearly_complete|direct_operator|applicability_rate|,applicability_pattern,nonlinear-graph-robustness,graph,hairpin_nearly_complete,neighborhood,direct_operator,applicability_rate,,0,33,0,ok,,,nonlinear-graph-robustness/results.csv,applicable means source status is not inapplicable; denominator is task/scenario/method raw Cartesian rows
applicability_pattern|nonlinear-graph-robustness|graph|hairpin_nearly_complete|graph_diagnostics|applicability_rate|,applicability_pattern,nonlinear-graph-robustness,graph,hairpin_nearly_complete,neighborhood,graph_diagnostics,applicability_rate,,12,33,0.363636363636,ok,,,nonlinear-graph-robustness/results.csv,applicable means source status is not inapplicable; denominator is task/scenario/method raw Cartesian rows
applicability_pattern|nonlinear-graph-robustness|graph|hairpin_nearly_complete|isomap|applicability_rate|,applicability_pattern,nonlinear-graph-robustness,graph,hairpin_nearly_complete,neighborhood,isomap,applicability_rate,,6,33,0.181818181818,ok,,,nonlinear-graph-robustness/results.csv,applicable means source status is not inapplicable; denominator is task/scenario/method raw Cartesian rows
applicability_pattern|nonlinear-graph-robustness|graph|hairpin_nearly_complete|mean|applicability_rate|,applicability_pattern,nonlinear-graph-robustness,graph,hairpin_nearly_complete,neighborhood,mean,applicability_rate,,3,33,0.0909090909091,ok,,,nonlinear-graph-robustness/results.csv,applicable means source status is not inapplicable; denominator is task/scenario/method raw Cartesian rows
applicability_pattern|nonlinear-graph-robustness|graph|hairpin_nearly_complete|nystrom_extension|applicability_rate|,applicability_pattern,nonlinear-graph-robustness,graph,hairpin_nearly_complete,neighborhood,nystrom_extension,applicability_rate,,0,33,0,ok,,,nonlinear-graph-robustness/results.csv,applicable means source status is not inapplicable; denominator is task/scenario/method raw Cartesian rows
applicability_pattern|nonlinear-graph-robustness|graph|hairpin_nearly_complete|pca|applicability_rate|,applicability_pattern,nonlinear-graph-robustness,graph,hairpin_nearly_complete,neighborhood,pca,applicability_rate,,3,33,0.0909090909091,ok,,,nonlinear-graph-robustness/results.csv,applicable means source status is not inapplicable; denominator is task/scenario/method raw Cartesian rows
applicability_pattern|nonlinear-graph-robustness|graph|hairpin_nonuniform|ambient_mds|applicability_rate|,applicability_pattern,nonlinear-graph-robustness,graph,hairpin_nonuniform,nonuniform_density,ambient_mds,applicability_rate,,6,33,0.181818181818,ok,,,nonlinear-graph-robustness/results.csv,applicable means source status is not inapplicable; denominator is task/scenario/method raw Cartesian rows
applicability_pattern|nonlinear-graph-robustness|graph|hairpin_nonuniform|diffusion_maps|applicability_rate|,applicability_pattern,nonlinear-graph-robustness,graph,hairpin_nonuniform,nonuniform_density,diffusion_maps,applicability_rate,,0,33,0,ok,,,nonlinear-graph-robustness/results.csv,applicable means source status is not inapplicable; denominator is task/scenario/method raw Cartesian rows
applicability_pattern|nonlinear-graph-robustness|graph|hairpin_nonuniform|direct_operator|applicability_rate|,applicability_pattern,nonlinear-graph-robustness,graph,hairpin_nonuniform,nonuniform_density,direct_operator,applicability_rate,,0,33,0,ok,,,nonlinear-graph-robustness/results.csv,applicable means source status is not inapplicable; denominator is task/scenario/method raw Cartesian rows
applicability_pattern|nonlinear-graph-robustness|graph|hairpin_nonuniform|graph_diagnostics|applicability_rate|,applicability_pattern,nonlinear-graph-robustness,graph,hairpin_nonuniform,nonuniform_density,graph_diagnostics,applicability_rate,,12,33,0.363636363636,ok,,,nonlinear-graph-robustness/results.csv,applicable means source status is not inapplicable; denominator is task/scenario/method raw Cartesian rows
applicability_pattern|nonlinear-graph-robustness|graph|hairpin_nonuniform|isomap|applicability_rate|,applicability_pattern,nonlinear-graph-robustness,graph,hairpin_nonuniform,nonuniform_density,isomap,applicability_rate,,0,33,0,ok,,,nonlinear-graph-robustness/results.csv,applicable means source status is not inapplicable; denominator is task/scenario/method raw Cartesian rows
applicability_pattern|nonlinear-graph-robustness|graph|hairpin_nonuniform|mean|applicability_rate|,applicability_pattern,nonlinear-graph-robustness,graph,hairpin_nonuniform,nonuniform_density,mean,applicability_rate,,3,33,0.0909090909091,ok,,,nonlinear-graph-robustness/results.csv,applicable means source status is not inapplicable; denominator is task/scenario/method raw Cartesian rows
applicability_pattern|nonlinear-graph-robustness|graph|hairpin_nonuniform|nystrom_extension|applicability_rate|,applicability_pattern,nonlinear-graph-robustness,graph,hairpin_nonuniform,nonuniform_density,nystrom_extension,applicability_rate,,0,33,0,ok,,,nonlinear-graph-robustness/results.csv,applicable means source status is not inapplicable; denominator is task/scenario/method raw Cartesian rows
applicability_pattern|nonlinear-graph-robustness|graph|hairpin_nonuniform|pca|applicability_rate|,applicability_pattern,nonlinear-graph-robustness,graph,hairpin_nonuniform,nonuniform_density,pca,applicability_rate,,3,33,0.0909090909091,ok,,,nonlinear-graph-robustness/results.csv,applicable means source status is not inapplicable; denominator is task/scenario/method raw Cartesian rows
applicability_pattern|nonlinear-graph-robustness|graph|hairpin_reference|ambient_mds|applicability_rate|,applicability_pattern,nonlinear-graph-robustness,graph,hairpin_reference,reference,ambient_mds,applicability_rate,,6,33,0.181818181818,ok,,,nonlinear-graph-robustness/results.csv,applicable means source status is not inapplicable; denominator is task/scenario/method raw Cartesian rows
applicability_pattern|nonlinear-graph-robustness|graph|hairpin_reference|diffusion_maps|applicability_rate|,applicability_pattern,nonlinear-graph-robustness,graph,hairpin_reference,reference,diffusion_maps,applicability_rate,,0,33,0,ok,,,nonlinear-graph-robustness/results.csv,applicable means source status is not inapplicable; denominator is task/scenario/method raw Cartesian rows
applicability_pattern|nonlinear-graph-robustness|graph|hairpin_reference|direct_operator|applicability_rate|,applicability_pattern,nonlinear-graph-robustness,graph,hairpin_reference,reference,direct_operator,applicability_rate,,0,33,0,ok,,,nonlinear-graph-robustness/results.csv,applicable means source status is not inapplicable; denominator is task/scenario/method raw Cartesian rows
applicability_pattern|nonlinear-graph-robustness|graph|hairpin_reference|graph_diagnostics|applicability_rate|,applicability_pattern,nonlinear-graph-robustness,graph,hairpin_reference,reference,graph_diagnostics,applicability_rate,,12,33,0.363636363636,ok,,,nonlinear-graph-robustness/results.csv,applicable means source status is not inapplicable; denominator is task/scenario/method raw Cartesian rows
applicability_pattern|nonlinear-graph-robustness|graph|hairpin_reference|isomap|applicability_rate|,applicability_pattern,nonlinear-graph-robustness,graph,hairpin_reference,reference,isomap,applicability_rate,,6,33,0.181818181818,ok,,,nonlinear-graph-robustness/results.csv,applicable means source status is not inapplicable; denominator is task/scenario/method raw Cartesian rows
applicability_pattern|nonlinear-graph-robustness|graph|hairpin_reference|mean|applicability_rate|,applicability_pattern,nonlinear-graph-robustness,graph,hairpin_reference,reference,mean,applicability_rate,,3,33,0.0909090909091,ok,,,nonlinear-graph-robustness/results.csv,applicable means source status is not inapplicable; denominator is task/scenario/method raw Cartesian rows
applicability_pattern|nonlinear-graph-robustness|graph|hairpin_reference|nystrom_extension|applicability_rate|,applicability_pattern,nonlinear-graph-robustness,graph,hairpin_reference,reference,nystrom_extension,applicability_rate,,0,33,0,ok,,,nonlinear-graph-robustness/results.csv,applicable means source status is not inapplicable; denominator is task/scenario/method raw Cartesian rows
applicability_pattern|nonlinear-graph-robustness|graph|hairpin_reference|pca|applicability_rate|,applicability_pattern,nonlinear-graph-robustness,graph,hairpin_reference,reference,pca,applicability_rate,,3,33,0.0909090909091,ok,,,nonlinear-graph-robustness/results.csv,applicable means source status is not inapplicable; denominator is task/scenario/method raw Cartesian rows
applicability_pattern|nonlinear-graph-robustness|graph|hairpin_shortcuts|ambient_mds|applicability_rate|,applicability_pattern,nonlinear-graph-robustness,graph,hairpin_shortcuts,shortcuts,ambient_mds,applicability_rate,,6,33,0.181818181818,ok,,,nonlinear-graph-robustness/results.csv,applicable means source status is not inapplicable; denominator is task/scenario/method raw Cartesian rows
applicability_pattern|nonlinear-graph-robustness|graph|hairpin_shortcuts|diffusion_maps|applicability_rate|,applicability_pattern,nonlinear-graph-robustness,graph,hairpin_shortcuts,shortcuts,diffusion_maps,applicability_rate,,0,33,0,ok,,,nonlinear-graph-robustness/results.csv,applicable means source status is not inapplicable; denominator is task/scenario/method raw Cartesian rows
applicability_pattern|nonlinear-graph-robustness|graph|hairpin_shortcuts|direct_operator|applicability_rate|,applicability_pattern,nonlinear-graph-robustness,graph,hairpin_shortcuts,shortcuts,direct_operator,applicability_rate,,0,33,0,ok,,,nonlinear-graph-robustness/results.csv,applicable means source status is not inapplicable; denominator is task/scenario/method raw Cartesian rows
applicability_pattern|nonlinear-graph-robustness|graph|hairpin_shortcuts|graph_diagnostics|applicability_rate|,applicability_pattern,nonlinear-graph-robustness,graph,hairpin_shortcuts,shortcuts,graph_diagnostics,applicability_rate,,12,33,0.363636363636,ok,,,nonlinear-graph-robustness/results.csv,applicable means source status is not inapplicable; denominator is task/scenario/method raw Cartesian rows
applicability_pattern|nonlinear-graph-robustness|graph|hairpin_shortcuts|isomap|applicability_rate|,applicability_pattern,nonlinear-graph-robustness,graph,hairpin_shortcuts,shortcuts,isomap,applicability_rate,,6,33,0.181818181818,ok,,,nonlinear-graph-robustness/results.csv,applicable means source status is not inapplicable; denominator is task/scenario/method raw Cartesian rows
applicability_pattern|nonlinear-graph-robustness|graph|hairpin_shortcuts|mean|applicability_rate|,applicability_pattern,nonlinear-graph-robustness,graph,hairpin_shortcuts,shortcuts,mean,applicability_rate,,3,33,0.0909090909091,ok,,,nonlinear-graph-robustness/results.csv,applicable means source status is not inapplicable; denominator is task/scenario/method raw Cartesian rows
applicability_pattern|nonlinear-graph-robustness|graph|hairpin_shortcuts|nystrom_extension|applicability_rate|,applicability_pattern,nonlinear-graph-robustness,graph,hairpin_shortcuts,shortcuts,nystrom_extension,applicability_rate,,0,33,0,ok,,,nonlinear-graph-robustness/results.csv,applicable means source status is not inapplicable; denominator is task/scenario/method raw Cartesian rows
applicability_pattern|nonlinear-graph-robustness|graph|hairpin_shortcuts|pca|applicability_rate|,applicability_pattern,nonlinear-graph-robustness,graph,hairpin_shortcuts,shortcuts,pca,applicability_rate,,3,33,0.0909090909091,ok,,,nonlinear-graph-robustness/results.csv,applicable means source status is not inapplicable; denominator is task/scenario/method raw Cartesian rows
applicability_pattern|nonlinear-graph-robustness|graph|hairpin_sparse_gap|ambient_mds|applicability_rate|,applicability_pattern,nonlinear-graph-robustness,graph,hairpin_sparse_gap,sampling_gap,ambient_mds,applicability_rate,,6,33,0.181818181818,ok,,,nonlinear-graph-robustness/results.csv,applicable means source status is not inapplicable; denominator is task/scenario/method raw Cartesian rows
applicability_pattern|nonlinear-graph-robustness|graph|hairpin_sparse_gap|diffusion_maps|applicability_rate|,applicability_pattern,nonlinear-graph-robustness,graph,hairpin_sparse_gap,sampling_gap,diffusion_maps,applicability_rate,,0,33,0,ok,,,nonlinear-graph-robustness/results.csv,applicable means source status is not inapplicable; denominator is task/scenario/method raw Cartesian rows
applicability_pattern|nonlinear-graph-robustness|graph|hairpin_sparse_gap|direct_operator|applicability_rate|,applicability_pattern,nonlinear-graph-robustness,graph,hairpin_sparse_gap,sampling_gap,direct_operator,applicability_rate,,0,33,0,ok,,,nonlinear-graph-robustness/results.csv,applicable means source status is not inapplicable; denominator is task/scenario/method raw Cartesian rows
applicability_pattern|nonlinear-graph-robustness|graph|hairpin_sparse_gap|graph_diagnostics|applicability_rate|,applicability_pattern,nonlinear-graph-robustness,graph,hairpin_sparse_gap,sampling_gap,graph_diagnostics,applicability_rate,,12,33,0.363636363636,ok,,,nonlinear-graph-robustness/results.csv,applicable means source status is not inapplicable; denominator is task/scenario/method raw Cartesian rows
applicability_pattern|nonlinear-graph-robustness|graph|hairpin_sparse_gap|isomap|applicability_rate|,applicability_pattern,nonlinear-graph-robustness,graph,hairpin_sparse_gap,sampling_gap,isomap,applicability_rate,,2,33,0.0606060606061,ok,,,nonlinear-graph-robustness/results.csv,applicable means source status is not inapplicable; denominator is task/scenario/method raw Cartesian rows
applicability_pattern|nonlinear-graph-robustness|graph|hairpin_sparse_gap|mean|applicability_rate|,applicability_pattern,nonlinear-graph-robustness,graph,hairpin_sparse_gap,sampling_gap,mean,applicability_rate,,3,33,0.0909090909091,ok,,,nonlinear-graph-robustness/results.csv,applicable means source status is not inapplicable; denominator is task/scenario/method raw Cartesian rows
applicability_pattern|nonlinear-graph-robustness|graph|hairpin_sparse_gap|nystrom_extension|applicability_rate|,applicability_pattern,nonlinear-graph-robustness,graph,hairpin_sparse_gap,sampling_gap,nystrom_extension,applicability_rate,,0,33,0,ok,,,nonlinear-graph-robustness/results.csv,applicable means source status is not inapplicable; denominator is task/scenario/method raw Cartesian rows
applicability_pattern|nonlinear-graph-robustness|graph|hairpin_sparse_gap|pca|applicability_rate|,applicability_pattern,nonlinear-graph-robustness,graph,hairpin_sparse_gap,sampling_gap,pca,applicability_rate,,3,33,0.0909090909091,ok,,,nonlinear-graph-robustness/results.csv,applicable means source status is not inapplicable; denominator is task/scenario/method raw Cartesian rows
applicability_pattern|nonlinear-graph-robustness|reconstruction|high_curvature|frozen_encoder|applicability_rate|,applicability_pattern,nonlinear-graph-robustness,reconstruction,high_curvature,curvature,frozen_encoder,applicability_rate,,21,21,1,ok,,,nonlinear-graph-robustness/results.csv,applicable means source status is not inapplicable; denominator is task/scenario/method raw Cartesian rows
applicability_pattern|nonlinear-graph-robustness|reconstruction|high_curvature|linear_autoencoder|applicability_rate|,applicability_pattern,nonlinear-graph-robustness,reconstruction,high_curvature,curvature,linear_autoencoder,applicability_rate,,21,21,1,ok,,,nonlinear-graph-robustness/results.csv,applicable means source status is not inapplicable; denominator is task/scenario/method raw Cartesian rows
applicability_pattern|nonlinear-graph-robustness|reconstruction|high_curvature|mean|applicability_rate|,applicability_pattern,nonlinear-graph-robustness,reconstruction,high_curvature,curvature,mean,applicability_rate,,21,21,1,ok,,,nonlinear-graph-robustness/results.csv,applicable means source status is not inapplicable; denominator is task/scenario/method raw Cartesian rows
applicability_pattern|nonlinear-graph-robustness|reconstruction|high_curvature|nonlinear_autoencoder|applicability_rate|,applicability_pattern,nonlinear-graph-robustness,reconstruction,high_curvature,curvature,nonlinear_autoencoder,applicability_rate,,21,21,1,ok,,,nonlinear-graph-robustness/results.csv,applicable means source status is not inapplicable; denominator is task/scenario/method raw Cartesian rows
applicability_pattern|nonlinear-graph-robustness|reconstruction|high_curvature|pca|applicability_rate|,applicability_pattern,nonlinear-graph-robustness,reconstruction,high_curvature,curvature,pca,applicability_rate,,21,21,1,ok,,,nonlinear-graph-robustness/results.csv,applicable means source status is not inapplicable; denominator is task/scenario/method raw Cartesian rows
applicability_pattern|nonlinear-graph-robustness|reconstruction|high_variance_nuisance|frozen_encoder|applicability_rate|,applicability_pattern,nonlinear-graph-robustness,reconstruction,high_variance_nuisance,nuisance,frozen_encoder,applicability_rate,,21,21,1,ok,,,nonlinear-graph-robustness/results.csv,applicable means source status is not inapplicable; denominator is task/scenario/method raw Cartesian rows
applicability_pattern|nonlinear-graph-robustness|reconstruction|high_variance_nuisance|linear_autoencoder|applicability_rate|,applicability_pattern,nonlinear-graph-robustness,reconstruction,high_variance_nuisance,nuisance,linear_autoencoder,applicability_rate,,21,21,1,ok,,,nonlinear-graph-robustness/results.csv,applicable means source status is not inapplicable; denominator is task/scenario/method raw Cartesian rows
applicability_pattern|nonlinear-graph-robustness|reconstruction|high_variance_nuisance|mean|applicability_rate|,applicability_pattern,nonlinear-graph-robustness,reconstruction,high_variance_nuisance,nuisance,mean,applicability_rate,,21,21,1,ok,,,nonlinear-graph-robustness/results.csv,applicable means source status is not inapplicable; denominator is task/scenario/method raw Cartesian rows
applicability_pattern|nonlinear-graph-robustness|reconstruction|high_variance_nuisance|nonlinear_autoencoder|applicability_rate|,applicability_pattern,nonlinear-graph-robustness,reconstruction,high_variance_nuisance,nuisance,nonlinear_autoencoder,applicability_rate,,21,21,1,ok,,,nonlinear-graph-robustness/results.csv,applicable means source status is not inapplicable; denominator is task/scenario/method raw Cartesian rows
applicability_pattern|nonlinear-graph-robustness|reconstruction|high_variance_nuisance|pca|applicability_rate|,applicability_pattern,nonlinear-graph-robustness,reconstruction,high_variance_nuisance,nuisance,pca,applicability_rate,,21,21,1,ok,,,nonlinear-graph-robustness/results.csv,applicable means source status is not inapplicable; denominator is task/scenario/method raw Cartesian rows
applicability_pattern|nonlinear-graph-robustness|reconstruction|low_curvature|frozen_encoder|applicability_rate|,applicability_pattern,nonlinear-graph-robustness,reconstruction,low_curvature,curvature,frozen_encoder,applicability_rate,,21,21,1,ok,,,nonlinear-graph-robustness/results.csv,applicable means source status is not inapplicable; denominator is task/scenario/method raw Cartesian rows
applicability_pattern|nonlinear-graph-robustness|reconstruction|low_curvature|linear_autoencoder|applicability_rate|,applicability_pattern,nonlinear-graph-robustness,reconstruction,low_curvature,curvature,linear_autoencoder,applicability_rate,,21,21,1,ok,,,nonlinear-graph-robustness/results.csv,applicable means source status is not inapplicable; denominator is task/scenario/method raw Cartesian rows
applicability_pattern|nonlinear-graph-robustness|reconstruction|low_curvature|mean|applicability_rate|,applicability_pattern,nonlinear-graph-robustness,reconstruction,low_curvature,curvature,mean,applicability_rate,,21,21,1,ok,,,nonlinear-graph-robustness/results.csv,applicable means source status is not inapplicable; denominator is task/scenario/method raw Cartesian rows
applicability_pattern|nonlinear-graph-robustness|reconstruction|low_curvature|nonlinear_autoencoder|applicability_rate|,applicability_pattern,nonlinear-graph-robustness,reconstruction,low_curvature,curvature,nonlinear_autoencoder,applicability_rate,,21,21,1,ok,,,nonlinear-graph-robustness/results.csv,applicable means source status is not inapplicable; denominator is task/scenario/method raw Cartesian rows
applicability_pattern|nonlinear-graph-robustness|reconstruction|low_curvature|pca|applicability_rate|,applicability_pattern,nonlinear-graph-robustness,reconstruction,low_curvature,curvature,pca,applicability_rate,,21,21,1,ok,,,nonlinear-graph-robustness/results.csv,applicable means source status is not inapplicable; denominator is task/scenario/method raw Cartesian rows
applicability_pattern|nonlinear-graph-robustness|reconstruction|moment_matched_gaussian|frozen_encoder|applicability_rate|,applicability_pattern,nonlinear-graph-robustness,reconstruction,moment_matched_gaussian,support_family,frozen_encoder,applicability_rate,,12,21,0.571428571429,ok,,,nonlinear-graph-robustness/results.csv,applicable means source status is not inapplicable; denominator is task/scenario/method raw Cartesian rows
applicability_pattern|nonlinear-graph-robustness|reconstruction|moment_matched_gaussian|linear_autoencoder|applicability_rate|,applicability_pattern,nonlinear-graph-robustness,reconstruction,moment_matched_gaussian,support_family,linear_autoencoder,applicability_rate,,12,21,0.571428571429,ok,,,nonlinear-graph-robustness/results.csv,applicable means source status is not inapplicable; denominator is task/scenario/method raw Cartesian rows
applicability_pattern|nonlinear-graph-robustness|reconstruction|moment_matched_gaussian|mean|applicability_rate|,applicability_pattern,nonlinear-graph-robustness,reconstruction,moment_matched_gaussian,support_family,mean,applicability_rate,,12,21,0.571428571429,ok,,,nonlinear-graph-robustness/results.csv,applicable means source status is not inapplicable; denominator is task/scenario/method raw Cartesian rows
applicability_pattern|nonlinear-graph-robustness|reconstruction|moment_matched_gaussian|nonlinear_autoencoder|applicability_rate|,applicability_pattern,nonlinear-graph-robustness,reconstruction,moment_matched_gaussian,support_family,nonlinear_autoencoder,applicability_rate,,12,21,0.571428571429,ok,,,nonlinear-graph-robustness/results.csv,applicable means source status is not inapplicable; denominator is task/scenario/method raw Cartesian rows
applicability_pattern|nonlinear-graph-robustness|reconstruction|moment_matched_gaussian|pca|applicability_rate|,applicability_pattern,nonlinear-graph-robustness,reconstruction,moment_matched_gaussian,support_family,pca,applicability_rate,,12,21,0.571428571429,ok,,,nonlinear-graph-robustness/results.csv,applicable means source status is not inapplicable; denominator is task/scenario/method raw Cartesian rows
applicability_pattern|nonlinear-graph-robustness|reconstruction|reference_curved|frozen_encoder|applicability_rate|,applicability_pattern,nonlinear-graph-robustness,reconstruction,reference_curved,curvature,frozen_encoder,applicability_rate,,21,21,1,ok,,,nonlinear-graph-robustness/results.csv,applicable means source status is not inapplicable; denominator is task/scenario/method raw Cartesian rows
applicability_pattern|nonlinear-graph-robustness|reconstruction|reference_curved|linear_autoencoder|applicability_rate|,applicability_pattern,nonlinear-graph-robustness,reconstruction,reference_curved,curvature,linear_autoencoder,applicability_rate,,21,21,1,ok,,,nonlinear-graph-robustness/results.csv,applicable means source status is not inapplicable; denominator is task/scenario/method raw Cartesian rows
applicability_pattern|nonlinear-graph-robustness|reconstruction|reference_curved|mean|applicability_rate|,applicability_pattern,nonlinear-graph-robustness,reconstruction,reference_curved,curvature,mean,applicability_rate,,21,21,1,ok,,,nonlinear-graph-robustness/results.csv,applicable means source status is not inapplicable; denominator is task/scenario/method raw Cartesian rows
applicability_pattern|nonlinear-graph-robustness|reconstruction|reference_curved|nonlinear_autoencoder|applicability_rate|,applicability_pattern,nonlinear-graph-robustness,reconstruction,reference_curved,curvature,nonlinear_autoencoder,applicability_rate,,21,21,1,ok,,,nonlinear-graph-robustness/results.csv,applicable means source status is not inapplicable; denominator is task/scenario/method raw Cartesian rows
applicability_pattern|nonlinear-graph-robustness|reconstruction|reference_curved|pca|applicability_rate|,applicability_pattern,nonlinear-graph-robustness,reconstruction,reference_curved,curvature,pca,applicability_rate,,21,21,1,ok,,,nonlinear-graph-robustness/results.csv,applicable means source status is not inapplicable; denominator is task/scenario/method raw Cartesian rows
applicability_pattern|nonlinear-graph-robustness|reconstruction|small_sample_high_capacity|frozen_encoder|applicability_rate|,applicability_pattern,nonlinear-graph-robustness,reconstruction,small_sample_high_capacity,sample_capacity,frozen_encoder,applicability_rate,,21,21,1,ok,,,nonlinear-graph-robustness/results.csv,applicable means source status is not inapplicable; denominator is task/scenario/method raw Cartesian rows
applicability_pattern|nonlinear-graph-robustness|reconstruction|small_sample_high_capacity|linear_autoencoder|applicability_rate|,applicability_pattern,nonlinear-graph-robustness,reconstruction,small_sample_high_capacity,sample_capacity,linear_autoencoder,applicability_rate,,21,21,1,ok,,,nonlinear-graph-robustness/results.csv,applicable means source status is not inapplicable; denominator is task/scenario/method raw Cartesian rows
applicability_pattern|nonlinear-graph-robustness|reconstruction|small_sample_high_capacity|mean|applicability_rate|,applicability_pattern,nonlinear-graph-robustness,reconstruction,small_sample_high_capacity,sample_capacity,mean,applicability_rate,,21,21,1,ok,,,nonlinear-graph-robustness/results.csv,applicable means source status is not inapplicable; denominator is task/scenario/method raw Cartesian rows
applicability_pattern|nonlinear-graph-robustness|reconstruction|small_sample_high_capacity|nonlinear_autoencoder|applicability_rate|,applicability_pattern,nonlinear-graph-robustness,reconstruction,small_sample_high_capacity,sample_capacity,nonlinear_autoencoder,applicability_rate,,21,21,1,ok,,,nonlinear-graph-robustness/results.csv,applicable means source status is not inapplicable; denominator is task/scenario/method raw Cartesian rows
applicability_pattern|nonlinear-graph-robustness|reconstruction|small_sample_high_capacity|pca|applicability_rate|,applicability_pattern,nonlinear-graph-robustness,reconstruction,small_sample_high_capacity,sample_capacity,pca,applicability_rate,,21,21,1,ok,,,nonlinear-graph-robustness/results.csv,applicable means source status is not inapplicable; denominator is task/scenario/method raw Cartesian rows
applicability_pattern|nonlinear-graph-robustness|reconstruction|support_shift|frozen_encoder|applicability_rate|,applicability_pattern,nonlinear-graph-robustness,reconstruction,support_shift,support_shift,frozen_encoder,applicability_rate,,21,21,1,ok,,,nonlinear-graph-robustness/results.csv,applicable means source status is not inapplicable; denominator is task/scenario/method raw Cartesian rows
applicability_pattern|nonlinear-graph-robustness|reconstruction|support_shift|linear_autoencoder|applicability_rate|,applicability_pattern,nonlinear-graph-robustness,reconstruction,support_shift,support_shift,linear_autoencoder,applicability_rate,,21,21,1,ok,,,nonlinear-graph-robustness/results.csv,applicable means source status is not inapplicable; denominator is task/scenario/method raw Cartesian rows
applicability_pattern|nonlinear-graph-robustness|reconstruction|support_shift|mean|applicability_rate|,applicability_pattern,nonlinear-graph-robustness,reconstruction,support_shift,support_shift,mean,applicability_rate,,21,21,1,ok,,,nonlinear-graph-robustness/results.csv,applicable means source status is not inapplicable; denominator is task/scenario/method raw Cartesian rows
applicability_pattern|nonlinear-graph-robustness|reconstruction|support_shift|nonlinear_autoencoder|applicability_rate|,applicability_pattern,nonlinear-graph-robustness,reconstruction,support_shift,support_shift,nonlinear_autoencoder,applicability_rate,,21,21,1,ok,,,nonlinear-graph-robustness/results.csv,applicable means source status is not inapplicable; denominator is task/scenario/method raw Cartesian rows
applicability_pattern|nonlinear-graph-robustness|reconstruction|support_shift|pca|applicability_rate|,applicability_pattern,nonlinear-graph-robustness,reconstruction,support_shift,support_shift,pca,applicability_rate,,21,21,1,ok,,,nonlinear-graph-robustness/results.csv,applicable means source status is not inapplicable; denominator is task/scenario/method raw Cartesian rows
applicability_pattern|static-linear-latent-robustness|static_linear_latent_recovery|correlated_residuals|fa_selected|applicability_rate|,applicability_pattern,static-linear-latent-robustness,static_linear_latent_recovery,correlated_residuals,correlated_residuals,fa_selected,applicability_rate,,28,44,0.636363636364,ok,,,static-linear-latent-robustness/results.csv,applicable means source status is not inapplicable; denominator is task/scenario/method raw Cartesian rows
applicability_pattern|static-linear-latent-robustness|static_linear_latent_recovery|correlated_residuals|fixed_projection|applicability_rate|,applicability_pattern,static-linear-latent-robustness,static_linear_latent_recovery,correlated_residuals,correlated_residuals,fixed_projection,applicability_rate,,8,44,0.181818181818,ok,,,static-linear-latent-robustness/results.csv,applicable means source status is not inapplicable; denominator is task/scenario/method raw Cartesian rows
applicability_pattern|static-linear-latent-robustness|static_linear_latent_recovery|correlated_residuals|leaked_scaled_pca_control|applicability_rate|,applicability_pattern,static-linear-latent-robustness,static_linear_latent_recovery,correlated_residuals,correlated_residuals,leaked_scaled_pca_control,applicability_rate,,0,44,0,ok,,,static-linear-latent-robustness/results.csv,applicable means source status is not inapplicable; denominator is task/scenario/method raw Cartesian rows
applicability_pattern|static-linear-latent-robustness|static_linear_latent_recovery|correlated_residuals|mean|applicability_rate|,applicability_pattern,static-linear-latent-robustness,static_linear_latent_recovery,correlated_residuals,correlated_residuals,mean,applicability_rate,,8,44,0.181818181818,ok,,,static-linear-latent-robustness/results.csv,applicable means source status is not inapplicable; denominator is task/scenario/method raw Cartesian rows
applicability_pattern|static-linear-latent-robustness|static_linear_latent_recovery|correlated_residuals|pca|applicability_rate|,applicability_pattern,static-linear-latent-robustness,static_linear_latent_recovery,correlated_residuals,correlated_residuals,pca,applicability_rate,,12,44,0.272727272727,ok,,,static-linear-latent-robustness/results.csv,applicable means source status is not inapplicable; denominator is task/scenario/method raw Cartesian rows
applicability_pattern|static-linear-latent-robustness|static_linear_latent_recovery|correlated_residuals|ppca|applicability_rate|,applicability_pattern,static-linear-latent-robustness,static_linear_latent_recovery,correlated_residuals,correlated_residuals,ppca,applicability_rate,,20,44,0.454545454545,ok,,,static-linear-latent-robustness/results.csv,applicable means source status is not inapplicable; denominator is task/scenario/method raw Cartesian rows
applicability_pattern|static-linear-latent-robustness|static_linear_latent_recovery|correlated_residuals|proper_scaled_pca|applicability_rate|,applicability_pattern,static-linear-latent-robustness,static_linear_latent_recovery,correlated_residuals,correlated_residuals,proper_scaled_pca,applicability_rate,,0,44,0,ok,,,static-linear-latent-robustness/results.csv,applicable means source status is not inapplicable; denominator is task/scenario/method raw Cartesian rows
applicability_pattern|static-linear-latent-robustness|static_linear_latent_recovery|correlated_residuals|random_projection|applicability_rate|,applicability_pattern,static-linear-latent-robustness,static_linear_latent_recovery,correlated_residuals,correlated_residuals,random_projection,applicability_rate,,8,44,0.181818181818,ok,,,static-linear-latent-robustness/results.csv,applicable means source status is not inapplicable; denominator is task/scenario/method raw Cartesian rows
applicability_pattern|static-linear-latent-robustness|static_linear_latent_recovery|correlated_residuals|true_gaussian_reference|applicability_rate|,applicability_pattern,static-linear-latent-robustness,static_linear_latent_recovery,correlated_residuals,correlated_residuals,true_gaussian_reference,applicability_rate,,20,44,0.454545454545,ok,,,static-linear-latent-robustness/results.csv,applicable means source status is not inapplicable; denominator is task/scenario/method raw Cartesian rows
applicability_pattern|static-linear-latent-robustness|static_linear_latent_recovery|heterogeneous_uniqueness|fa_selected|applicability_rate|,applicability_pattern,static-linear-latent-robustness,static_linear_latent_recovery,heterogeneous_uniqueness,heterogeneous_uniqueness,fa_selected,applicability_rate,,36,44,0.818181818182,ok,,,static-linear-latent-robustness/results.csv,applicable means source status is not inapplicable; denominator is task/scenario/method raw Cartesian rows
applicability_pattern|static-linear-latent-robustness|static_linear_latent_recovery|heterogeneous_uniqueness|fixed_projection|applicability_rate|,applicability_pattern,static-linear-latent-robustness,static_linear_latent_recovery,heterogeneous_uniqueness,heterogeneous_uniqueness,fixed_projection,applicability_rate,,8,44,0.181818181818,ok,,,static-linear-latent-robustness/results.csv,applicable means source status is not inapplicable; denominator is task/scenario/method raw Cartesian rows
applicability_pattern|static-linear-latent-robustness|static_linear_latent_recovery|heterogeneous_uniqueness|leaked_scaled_pca_control|applicability_rate|,applicability_pattern,static-linear-latent-robustness,static_linear_latent_recovery,heterogeneous_uniqueness,heterogeneous_uniqueness,leaked_scaled_pca_control,applicability_rate,,0,44,0,ok,,,static-linear-latent-robustness/results.csv,applicable means source status is not inapplicable; denominator is task/scenario/method raw Cartesian rows
applicability_pattern|static-linear-latent-robustness|static_linear_latent_recovery|heterogeneous_uniqueness|mean|applicability_rate|,applicability_pattern,static-linear-latent-robustness,static_linear_latent_recovery,heterogeneous_uniqueness,heterogeneous_uniqueness,mean,applicability_rate,,8,44,0.181818181818,ok,,,static-linear-latent-robustness/results.csv,applicable means source status is not inapplicable; denominator is task/scenario/method raw Cartesian rows
applicability_pattern|static-linear-latent-robustness|static_linear_latent_recovery|heterogeneous_uniqueness|pca|applicability_rate|,applicability_pattern,static-linear-latent-robustness,static_linear_latent_recovery,heterogeneous_uniqueness,heterogeneous_uniqueness,pca,applicability_rate,,12,44,0.272727272727,ok,,,static-linear-latent-robustness/results.csv,applicable means source status is not inapplicable; denominator is task/scenario/method raw Cartesian rows
applicability_pattern|static-linear-latent-robustness|static_linear_latent_recovery|heterogeneous_uniqueness|ppca|applicability_rate|,applicability_pattern,static-linear-latent-robustness,static_linear_latent_recovery,heterogeneous_uniqueness,heterogeneous_uniqueness,ppca,applicability_rate,,20,44,0.454545454545,ok,,,static-linear-latent-robustness/results.csv,applicable means source status is not inapplicable; denominator is task/scenario/method raw Cartesian rows
applicability_pattern|static-linear-latent-robustness|static_linear_latent_recovery|heterogeneous_uniqueness|proper_scaled_pca|applicability_rate|,applicability_pattern,static-linear-latent-robustness,static_linear_latent_recovery,heterogeneous_uniqueness,heterogeneous_uniqueness,proper_scaled_pca,applicability_rate,,0,44,0,ok,,,static-linear-latent-robustness/results.csv,applicable means source status is not inapplicable; denominator is task/scenario/method raw Cartesian rows
applicability_pattern|static-linear-latent-robustness|static_linear_latent_recovery|heterogeneous_uniqueness|random_projection|applicability_rate|,applicability_pattern,static-linear-latent-robustness,static_linear_latent_recovery,heterogeneous_uniqueness,heterogeneous_uniqueness,random_projection,applicability_rate,,8,44,0.181818181818,ok,,,static-linear-latent-robustness/results.csv,applicable means source status is not inapplicable; denominator is task/scenario/method raw Cartesian rows
applicability_pattern|static-linear-latent-robustness|static_linear_latent_recovery|heterogeneous_uniqueness|true_gaussian_reference|applicability_rate|,applicability_pattern,static-linear-latent-robustness,static_linear_latent_recovery,heterogeneous_uniqueness,heterogeneous_uniqueness,true_gaussian_reference,applicability_rate,,28,44,0.636363636364,ok,,,static-linear-latent-robustness/results.csv,applicable means source status is not inapplicable; denominator is task/scenario/method raw Cartesian rows
applicability_pattern|static-linear-latent-robustness|static_linear_latent_recovery|high_nuisance|fa_selected|applicability_rate|,applicability_pattern,static-linear-latent-robustness,static_linear_latent_recovery,high_nuisance,high_nuisance,fa_selected,applicability_rate,,36,44,0.818181818182,ok,,,static-linear-latent-robustness/results.csv,applicable means source status is not inapplicable; denominator is task/scenario/method raw Cartesian rows
applicability_pattern|static-linear-latent-robustness|static_linear_latent_recovery|high_nuisance|fixed_projection|applicability_rate|,applicability_pattern,static-linear-latent-robustness,static_linear_latent_recovery,high_nuisance,high_nuisance,fixed_projection,applicability_rate,,8,44,0.181818181818,ok,,,static-linear-latent-robustness/results.csv,applicable means source status is not inapplicable; denominator is task/scenario/method raw Cartesian rows
applicability_pattern|static-linear-latent-robustness|static_linear_latent_recovery|high_nuisance|leaked_scaled_pca_control|applicability_rate|,applicability_pattern,static-linear-latent-robustness,static_linear_latent_recovery,high_nuisance,high_nuisance,leaked_scaled_pca_control,applicability_rate,,0,44,0,ok,,,static-linear-latent-robustness/results.csv,applicable means source status is not inapplicable; denominator is task/scenario/method raw Cartesian rows
applicability_pattern|static-linear-latent-robustness|static_linear_latent_recovery|high_nuisance|mean|applicability_rate|,applicability_pattern,static-linear-latent-robustness,static_linear_latent_recovery,high_nuisance,high_nuisance,mean,applicability_rate,,8,44,0.181818181818,ok,,,static-linear-latent-robustness/results.csv,applicable means source status is not inapplicable; denominator is task/scenario/method raw Cartesian rows
applicability_pattern|static-linear-latent-robustness|static_linear_latent_recovery|high_nuisance|pca|applicability_rate|,applicability_pattern,static-linear-latent-robustness,static_linear_latent_recovery,high_nuisance,high_nuisance,pca,applicability_rate,,12,44,0.272727272727,ok,,,static-linear-latent-robustness/results.csv,applicable means source status is not inapplicable; denominator is task/scenario/method raw Cartesian rows
applicability_pattern|static-linear-latent-robustness|static_linear_latent_recovery|high_nuisance|ppca|applicability_rate|,applicability_pattern,static-linear-latent-robustness,static_linear_latent_recovery,high_nuisance,high_nuisance,ppca,applicability_rate,,20,44,0.454545454545,ok,,,static-linear-latent-robustness/results.csv,applicable means source status is not inapplicable; denominator is task/scenario/method raw Cartesian rows
applicability_pattern|static-linear-latent-robustness|static_linear_latent_recovery|high_nuisance|proper_scaled_pca|applicability_rate|,applicability_pattern,static-linear-latent-robustness,static_linear_latent_recovery,high_nuisance,high_nuisance,proper_scaled_pca,applicability_rate,,0,44,0,ok,,,static-linear-latent-robustness/results.csv,applicable means source status is not inapplicable; denominator is task/scenario/method raw Cartesian rows
applicability_pattern|static-linear-latent-robustness|static_linear_latent_recovery|high_nuisance|random_projection|applicability_rate|,applicability_pattern,static-linear-latent-robustness,static_linear_latent_recovery,high_nuisance,high_nuisance,random_projection,applicability_rate,,8,44,0.181818181818,ok,,,static-linear-latent-robustness/results.csv,applicable means source status is not inapplicable; denominator is task/scenario/method raw Cartesian rows
applicability_pattern|static-linear-latent-robustness|static_linear_latent_recovery|high_nuisance|true_gaussian_reference|applicability_rate|,applicability_pattern,static-linear-latent-robustness,static_linear_latent_recovery,high_nuisance,high_nuisance,true_gaussian_reference,applicability_rate,,28,44,0.636363636364,ok,,,static-linear-latent-robustness/results.csv,applicable means source status is not inapplicable; denominator is task/scenario/method raw Cartesian rows
applicability_pattern|static-linear-latent-robustness|static_linear_latent_recovery|large_sample|fa_selected|applicability_rate|,applicability_pattern,static-linear-latent-robustness,static_linear_latent_recovery,large_sample,sample_size,fa_selected,applicability_rate,,36,44,0.818181818182,ok,,,static-linear-latent-robustness/results.csv,applicable means source status is not inapplicable; denominator is task/scenario/method raw Cartesian rows
applicability_pattern|static-linear-latent-robustness|static_linear_latent_recovery|large_sample|fixed_projection|applicability_rate|,applicability_pattern,static-linear-latent-robustness,static_linear_latent_recovery,large_sample,sample_size,fixed_projection,applicability_rate,,8,44,0.181818181818,ok,,,static-linear-latent-robustness/results.csv,applicable means source status is not inapplicable; denominator is task/scenario/method raw Cartesian rows
applicability_pattern|static-linear-latent-robustness|static_linear_latent_recovery|large_sample|leaked_scaled_pca_control|applicability_rate|,applicability_pattern,static-linear-latent-robustness,static_linear_latent_recovery,large_sample,sample_size,leaked_scaled_pca_control,applicability_rate,,0,44,0,ok,,,static-linear-latent-robustness/results.csv,applicable means source status is not inapplicable; denominator is task/scenario/method raw Cartesian rows
applicability_pattern|static-linear-latent-robustness|static_linear_latent_recovery|large_sample|mean|applicability_rate|,applicability_pattern,static-linear-latent-robustness,static_linear_latent_recovery,large_sample,sample_size,mean,applicability_rate,,8,44,0.181818181818,ok,,,static-linear-latent-robustness/results.csv,applicable means source status is not inapplicable; denominator is task/scenario/method raw Cartesian rows
applicability_pattern|static-linear-latent-robustness|static_linear_latent_recovery|large_sample|pca|applicability_rate|,applicability_pattern,static-linear-latent-robustness,static_linear_latent_recovery,large_sample,sample_size,pca,applicability_rate,,12,44,0.272727272727,ok,,,static-linear-latent-robustness/results.csv,applicable means source status is not inapplicable; denominator is task/scenario/method raw Cartesian rows
applicability_pattern|static-linear-latent-robustness|static_linear_latent_recovery|large_sample|ppca|applicability_rate|,applicability_pattern,static-linear-latent-robustness,static_linear_latent_recovery,large_sample,sample_size,ppca,applicability_rate,,20,44,0.454545454545,ok,,,static-linear-latent-robustness/results.csv,applicable means source status is not inapplicable; denominator is task/scenario/method raw Cartesian rows
applicability_pattern|static-linear-latent-robustness|static_linear_latent_recovery|large_sample|proper_scaled_pca|applicability_rate|,applicability_pattern,static-linear-latent-robustness,static_linear_latent_recovery,large_sample,sample_size,proper_scaled_pca,applicability_rate,,0,44,0,ok,,,static-linear-latent-robustness/results.csv,applicable means source status is not inapplicable; denominator is task/scenario/method raw Cartesian rows
applicability_pattern|static-linear-latent-robustness|static_linear_latent_recovery|large_sample|random_projection|applicability_rate|,applicability_pattern,static-linear-latent-robustness,static_linear_latent_recovery,large_sample,sample_size,random_projection,applicability_rate,,8,44,0.181818181818,ok,,,static-linear-latent-robustness/results.csv,applicable means source status is not inapplicable; denominator is task/scenario/method raw Cartesian rows
applicability_pattern|static-linear-latent-robustness|static_linear_latent_recovery|large_sample|true_gaussian_reference|applicability_rate|,applicability_pattern,static-linear-latent-robustness,static_linear_latent_recovery,large_sample,sample_size,true_gaussian_reference,applicability_rate,,28,44,0.636363636364,ok,,,static-linear-latent-robustness/results.csv,applicable means source status is not inapplicable; denominator is task/scenario/method raw Cartesian rows
applicability_pattern|static-linear-latent-robustness|static_linear_latent_recovery|near_zero_uniqueness|fa_selected|applicability_rate|,applicability_pattern,static-linear-latent-robustness,static_linear_latent_recovery,near_zero_uniqueness,near_zero_uniqueness,fa_selected,applicability_rate,,36,44,0.818181818182,ok,,,static-linear-latent-robustness/results.csv,applicable means source status is not inapplicable; denominator is task/scenario/method raw Cartesian rows
applicability_pattern|static-linear-latent-robustness|static_linear_latent_recovery|near_zero_uniqueness|fixed_projection|applicability_rate|,applicability_pattern,static-linear-latent-robustness,static_linear_latent_recovery,near_zero_uniqueness,near_zero_uniqueness,fixed_projection,applicability_rate,,8,44,0.181818181818,ok,,,static-linear-latent-robustness/results.csv,applicable means source status is not inapplicable; denominator is task/scenario/method raw Cartesian rows
applicability_pattern|static-linear-latent-robustness|static_linear_latent_recovery|near_zero_uniqueness|leaked_scaled_pca_control|applicability_rate|,applicability_pattern,static-linear-latent-robustness,static_linear_latent_recovery,near_zero_uniqueness,near_zero_uniqueness,leaked_scaled_pca_control,applicability_rate,,0,44,0,ok,,,static-linear-latent-robustness/results.csv,applicable means source status is not inapplicable; denominator is task/scenario/method raw Cartesian rows
applicability_pattern|static-linear-latent-robustness|static_linear_latent_recovery|near_zero_uniqueness|mean|applicability_rate|,applicability_pattern,static-linear-latent-robustness,static_linear_latent_recovery,near_zero_uniqueness,near_zero_uniqueness,mean,applicability_rate,,8,44,0.181818181818,ok,,,static-linear-latent-robustness/results.csv,applicable means source status is not inapplicable; denominator is task/scenario/method raw Cartesian rows
applicability_pattern|static-linear-latent-robustness|static_linear_latent_recovery|near_zero_uniqueness|pca|applicability_rate|,applicability_pattern,static-linear-latent-robustness,static_linear_latent_recovery,near_zero_uniqueness,near_zero_uniqueness,pca,applicability_rate,,12,44,0.272727272727,ok,,,static-linear-latent-robustness/results.csv,applicable means source status is not inapplicable; denominator is task/scenario/method raw Cartesian rows
applicability_pattern|static-linear-latent-robustness|static_linear_latent_recovery|near_zero_uniqueness|ppca|applicability_rate|,applicability_pattern,static-linear-latent-robustness,static_linear_latent_recovery,near_zero_uniqueness,near_zero_uniqueness,ppca,applicability_rate,,20,44,0.454545454545,ok,,,static-linear-latent-robustness/results.csv,applicable means source status is not inapplicable; denominator is task/scenario/method raw Cartesian rows
applicability_pattern|static-linear-latent-robustness|static_linear_latent_recovery|near_zero_uniqueness|proper_scaled_pca|applicability_rate|,applicability_pattern,static-linear-latent-robustness,static_linear_latent_recovery,near_zero_uniqueness,near_zero_uniqueness,proper_scaled_pca,applicability_rate,,0,44,0,ok,,,static-linear-latent-robustness/results.csv,applicable means source status is not inapplicable; denominator is task/scenario/method raw Cartesian rows
applicability_pattern|static-linear-latent-robustness|static_linear_latent_recovery|near_zero_uniqueness|random_projection|applicability_rate|,applicability_pattern,static-linear-latent-robustness,static_linear_latent_recovery,near_zero_uniqueness,near_zero_uniqueness,random_projection,applicability_rate,,8,44,0.181818181818,ok,,,static-linear-latent-robustness/results.csv,applicable means source status is not inapplicable; denominator is task/scenario/method raw Cartesian rows
applicability_pattern|static-linear-latent-robustness|static_linear_latent_recovery|near_zero_uniqueness|true_gaussian_reference|applicability_rate|,applicability_pattern,static-linear-latent-robustness,static_linear_latent_recovery,near_zero_uniqueness,near_zero_uniqueness,true_gaussian_reference,applicability_rate,,28,44,0.636363636364,ok,,,static-linear-latent-robustness/results.csv,applicable means source status is not inapplicable; denominator is task/scenario/method raw Cartesian rows
applicability_pattern|static-linear-latent-robustness|static_linear_latent_recovery|outliers|fa_selected|applicability_rate|,applicability_pattern,static-linear-latent-robustness,static_linear_latent_recovery,outliers,outliers,fa_selected,applicability_rate,,28,44,0.636363636364,ok,,,static-linear-latent-robustness/results.csv,applicable means source status is not inapplicable; denominator is task/scenario/method raw Cartesian rows
applicability_pattern|static-linear-latent-robustness|static_linear_latent_recovery|outliers|fixed_projection|applicability_rate|,applicability_pattern,static-linear-latent-robustness,static_linear_latent_recovery,outliers,outliers,fixed_projection,applicability_rate,,8,44,0.181818181818,ok,,,static-linear-latent-robustness/results.csv,applicable means source status is not inapplicable; denominator is task/scenario/method raw Cartesian rows
applicability_pattern|static-linear-latent-robustness|static_linear_latent_recovery|outliers|leaked_scaled_pca_control|applicability_rate|,applicability_pattern,static-linear-latent-robustness,static_linear_latent_recovery,outliers,outliers,leaked_scaled_pca_control,applicability_rate,,0,44,0,ok,,,static-linear-latent-robustness/results.csv,applicable means source status is not inapplicable; denominator is task/scenario/method raw Cartesian rows
applicability_pattern|static-linear-latent-robustness|static_linear_latent_recovery|outliers|mean|applicability_rate|,applicability_pattern,static-linear-latent-robustness,static_linear_latent_recovery,outliers,outliers,mean,applicability_rate,,8,44,0.181818181818,ok,,,static-linear-latent-robustness/results.csv,applicable means source status is not inapplicable; denominator is task/scenario/method raw Cartesian rows
applicability_pattern|static-linear-latent-robustness|static_linear_latent_recovery|outliers|pca|applicability_rate|,applicability_pattern,static-linear-latent-robustness,static_linear_latent_recovery,outliers,outliers,pca,applicability_rate,,12,44,0.272727272727,ok,,,static-linear-latent-robustness/results.csv,applicable means source status is not inapplicable; denominator is task/scenario/method raw Cartesian rows
applicability_pattern|static-linear-latent-robustness|static_linear_latent_recovery|outliers|ppca|applicability_rate|,applicability_pattern,static-linear-latent-robustness,static_linear_latent_recovery,outliers,outliers,ppca,applicability_rate,,20,44,0.454545454545,ok,,,static-linear-latent-robustness/results.csv,applicable means source status is not inapplicable; denominator is task/scenario/method raw Cartesian rows
applicability_pattern|static-linear-latent-robustness|static_linear_latent_recovery|outliers|proper_scaled_pca|applicability_rate|,applicability_pattern,static-linear-latent-robustness,static_linear_latent_recovery,outliers,outliers,proper_scaled_pca,applicability_rate,,0,44,0,ok,,,static-linear-latent-robustness/results.csv,applicable means source status is not inapplicable; denominator is task/scenario/method raw Cartesian rows
applicability_pattern|static-linear-latent-robustness|static_linear_latent_recovery|outliers|random_projection|applicability_rate|,applicability_pattern,static-linear-latent-robustness,static_linear_latent_recovery,outliers,outliers,random_projection,applicability_rate,,8,44,0.181818181818,ok,,,static-linear-latent-robustness/results.csv,applicable means source status is not inapplicable; denominator is task/scenario/method raw Cartesian rows
applicability_pattern|static-linear-latent-robustness|static_linear_latent_recovery|outliers|true_gaussian_reference|applicability_rate|,applicability_pattern,static-linear-latent-robustness,static_linear_latent_recovery,outliers,outliers,true_gaussian_reference,applicability_rate,,20,44,0.454545454545,ok,,,static-linear-latent-robustness/results.csv,applicable means source status is not inapplicable; denominator is task/scenario/method raw Cartesian rows
applicability_pattern|static-linear-latent-robustness|static_linear_latent_recovery|preprocessing_leakage|fa_selected|applicability_rate|,applicability_pattern,static-linear-latent-robustness,static_linear_latent_recovery,preprocessing_leakage,preprocessing_leakage,fa_selected,applicability_rate,,36,44,0.818181818182,ok,,,static-linear-latent-robustness/results.csv,applicable means source status is not inapplicable; denominator is task/scenario/method raw Cartesian rows
applicability_pattern|static-linear-latent-robustness|static_linear_latent_recovery|preprocessing_leakage|fixed_projection|applicability_rate|,applicability_pattern,static-linear-latent-robustness,static_linear_latent_recovery,preprocessing_leakage,preprocessing_leakage,fixed_projection,applicability_rate,,8,44,0.181818181818,ok,,,static-linear-latent-robustness/results.csv,applicable means source status is not inapplicable; denominator is task/scenario/method raw Cartesian rows
applicability_pattern|static-linear-latent-robustness|static_linear_latent_recovery|preprocessing_leakage|leaked_scaled_pca_control|applicability_rate|,applicability_pattern,static-linear-latent-robustness,static_linear_latent_recovery,preprocessing_leakage,preprocessing_leakage,leaked_scaled_pca_control,applicability_rate,,12,44,0.272727272727,ok,,,static-linear-latent-robustness/results.csv,applicable means source status is not inapplicable; denominator is task/scenario/method raw Cartesian rows
applicability_pattern|static-linear-latent-robustness|static_linear_latent_recovery|preprocessing_leakage|mean|applicability_rate|,applicability_pattern,static-linear-latent-robustness,static_linear_latent_recovery,preprocessing_leakage,preprocessing_leakage,mean,applicability_rate,,8,44,0.181818181818,ok,,,static-linear-latent-robustness/results.csv,applicable means source status is not inapplicable; denominator is task/scenario/method raw Cartesian rows
applicability_pattern|static-linear-latent-robustness|static_linear_latent_recovery|preprocessing_leakage|pca|applicability_rate|,applicability_pattern,static-linear-latent-robustness,static_linear_latent_recovery,preprocessing_leakage,preprocessing_leakage,pca,applicability_rate,,12,44,0.272727272727,ok,,,static-linear-latent-robustness/results.csv,applicable means source status is not inapplicable; denominator is task/scenario/method raw Cartesian rows
applicability_pattern|static-linear-latent-robustness|static_linear_latent_recovery|preprocessing_leakage|ppca|applicability_rate|,applicability_pattern,static-linear-latent-robustness,static_linear_latent_recovery,preprocessing_leakage,preprocessing_leakage,ppca,applicability_rate,,20,44,0.454545454545,ok,,,static-linear-latent-robustness/results.csv,applicable means source status is not inapplicable; denominator is task/scenario/method raw Cartesian rows
applicability_pattern|static-linear-latent-robustness|static_linear_latent_recovery|preprocessing_leakage|proper_scaled_pca|applicability_rate|,applicability_pattern,static-linear-latent-robustness,static_linear_latent_recovery,preprocessing_leakage,preprocessing_leakage,proper_scaled_pca,applicability_rate,,12,44,0.272727272727,ok,,,static-linear-latent-robustness/results.csv,applicable means source status is not inapplicable; denominator is task/scenario/method raw Cartesian rows
applicability_pattern|static-linear-latent-robustness|static_linear_latent_recovery|preprocessing_leakage|random_projection|applicability_rate|,applicability_pattern,static-linear-latent-robustness,static_linear_latent_recovery,preprocessing_leakage,preprocessing_leakage,random_projection,applicability_rate,,8,44,0.181818181818,ok,,,static-linear-latent-robustness/results.csv,applicable means source status is not inapplicable; denominator is task/scenario/method raw Cartesian rows
applicability_pattern|static-linear-latent-robustness|static_linear_latent_recovery|preprocessing_leakage|true_gaussian_reference|applicability_rate|,applicability_pattern,static-linear-latent-robustness,static_linear_latent_recovery,preprocessing_leakage,preprocessing_leakage,true_gaussian_reference,applicability_rate,,28,44,0.636363636364,ok,,,static-linear-latent-robustness/results.csv,applicable means source status is not inapplicable; denominator is task/scenario/method raw Cartesian rows
applicability_pattern|static-linear-latent-robustness|static_linear_latent_recovery|reference|fa_selected|applicability_rate|,applicability_pattern,static-linear-latent-robustness,static_linear_latent_recovery,reference,reference,fa_selected,applicability_rate,,36,44,0.818181818182,ok,,,static-linear-latent-robustness/results.csv,applicable means source status is not inapplicable; denominator is task/scenario/method raw Cartesian rows
applicability_pattern|static-linear-latent-robustness|static_linear_latent_recovery|reference|fixed_projection|applicability_rate|,applicability_pattern,static-linear-latent-robustness,static_linear_latent_recovery,reference,reference,fixed_projection,applicability_rate,,8,44,0.181818181818,ok,,,static-linear-latent-robustness/results.csv,applicable means source status is not inapplicable; denominator is task/scenario/method raw Cartesian rows
applicability_pattern|static-linear-latent-robustness|static_linear_latent_recovery|reference|leaked_scaled_pca_control|applicability_rate|,applicability_pattern,static-linear-latent-robustness,static_linear_latent_recovery,reference,reference,leaked_scaled_pca_control,applicability_rate,,0,44,0,ok,,,static-linear-latent-robustness/results.csv,applicable means source status is not inapplicable; denominator is task/scenario/method raw Cartesian rows
applicability_pattern|static-linear-latent-robustness|static_linear_latent_recovery|reference|mean|applicability_rate|,applicability_pattern,static-linear-latent-robustness,static_linear_latent_recovery,reference,reference,mean,applicability_rate,,8,44,0.181818181818,ok,,,static-linear-latent-robustness/results.csv,applicable means source status is not inapplicable; denominator is task/scenario/method raw Cartesian rows
applicability_pattern|static-linear-latent-robustness|static_linear_latent_recovery|reference|pca|applicability_rate|,applicability_pattern,static-linear-latent-robustness,static_linear_latent_recovery,reference,reference,pca,applicability_rate,,12,44,0.272727272727,ok,,,static-linear-latent-robustness/results.csv,applicable means source status is not inapplicable; denominator is task/scenario/method raw Cartesian rows
applicability_pattern|static-linear-latent-robustness|static_linear_latent_recovery|reference|ppca|applicability_rate|,applicability_pattern,static-linear-latent-robustness,static_linear_latent_recovery,reference,reference,ppca,applicability_rate,,20,44,0.454545454545,ok,,,static-linear-latent-robustness/results.csv,applicable means source status is not inapplicable; denominator is task/scenario/method raw Cartesian rows
applicability_pattern|static-linear-latent-robustness|static_linear_latent_recovery|reference|proper_scaled_pca|applicability_rate|,applicability_pattern,static-linear-latent-robustness,static_linear_latent_recovery,reference,reference,proper_scaled_pca,applicability_rate,,0,44,0,ok,,,static-linear-latent-robustness/results.csv,applicable means source status is not inapplicable; denominator is task/scenario/method raw Cartesian rows
applicability_pattern|static-linear-latent-robustness|static_linear_latent_recovery|reference|random_projection|applicability_rate|,applicability_pattern,static-linear-latent-robustness,static_linear_latent_recovery,reference,reference,random_projection,applicability_rate,,8,44,0.181818181818,ok,,,static-linear-latent-robustness/results.csv,applicable means source status is not inapplicable; denominator is task/scenario/method raw Cartesian rows
applicability_pattern|static-linear-latent-robustness|static_linear_latent_recovery|reference|true_gaussian_reference|applicability_rate|,applicability_pattern,static-linear-latent-robustness,static_linear_latent_recovery,reference,reference,true_gaussian_reference,applicability_rate,,28,44,0.636363636364,ok,,,static-linear-latent-robustness/results.csv,applicable means source status is not inapplicable; denominator is task/scenario/method raw Cartesian rows
applicability_pattern|static-linear-latent-robustness|static_linear_latent_recovery|repeated_signal|fa_selected|applicability_rate|,applicability_pattern,static-linear-latent-robustness,static_linear_latent_recovery,repeated_signal,signal_eigenvalue_separation,fa_selected,applicability_rate,,36,44,0.818181818182,ok,,,static-linear-latent-robustness/results.csv,applicable means source status is not inapplicable; denominator is task/scenario/method raw Cartesian rows
applicability_pattern|static-linear-latent-robustness|static_linear_latent_recovery|repeated_signal|fixed_projection|applicability_rate|,applicability_pattern,static-linear-latent-robustness,static_linear_latent_recovery,repeated_signal,signal_eigenvalue_separation,fixed_projection,applicability_rate,,8,44,0.181818181818,ok,,,static-linear-latent-robustness/results.csv,applicable means source status is not inapplicable; denominator is task/scenario/method raw Cartesian rows
applicability_pattern|static-linear-latent-robustness|static_linear_latent_recovery|repeated_signal|leaked_scaled_pca_control|applicability_rate|,applicability_pattern,static-linear-latent-robustness,static_linear_latent_recovery,repeated_signal,signal_eigenvalue_separation,leaked_scaled_pca_control,applicability_rate,,0,44,0,ok,,,static-linear-latent-robustness/results.csv,applicable means source status is not inapplicable; denominator is task/scenario/method raw Cartesian rows
applicability_pattern|static-linear-latent-robustness|static_linear_latent_recovery|repeated_signal|mean|applicability_rate|,applicability_pattern,static-linear-latent-robustness,static_linear_latent_recovery,repeated_signal,signal_eigenvalue_separation,mean,applicability_rate,,8,44,0.181818181818,ok,,,static-linear-latent-robustness/results.csv,applicable means source status is not inapplicable; denominator is task/scenario/method raw Cartesian rows
applicability_pattern|static-linear-latent-robustness|static_linear_latent_recovery|repeated_signal|pca|applicability_rate|,applicability_pattern,static-linear-latent-robustness,static_linear_latent_recovery,repeated_signal,signal_eigenvalue_separation,pca,applicability_rate,,12,44,0.272727272727,ok,,,static-linear-latent-robustness/results.csv,applicable means source status is not inapplicable; denominator is task/scenario/method raw Cartesian rows
applicability_pattern|static-linear-latent-robustness|static_linear_latent_recovery|repeated_signal|ppca|applicability_rate|,applicability_pattern,static-linear-latent-robustness,static_linear_latent_recovery,repeated_signal,signal_eigenvalue_separation,ppca,applicability_rate,,20,44,0.454545454545,ok,,,static-linear-latent-robustness/results.csv,applicable means source status is not inapplicable; denominator is task/scenario/method raw Cartesian rows
applicability_pattern|static-linear-latent-robustness|static_linear_latent_recovery|repeated_signal|proper_scaled_pca|applicability_rate|,applicability_pattern,static-linear-latent-robustness,static_linear_latent_recovery,repeated_signal,signal_eigenvalue_separation,proper_scaled_pca,applicability_rate,,0,44,0,ok,,,static-linear-latent-robustness/results.csv,applicable means source status is not inapplicable; denominator is task/scenario/method raw Cartesian rows
applicability_pattern|static-linear-latent-robustness|static_linear_latent_recovery|repeated_signal|random_projection|applicability_rate|,applicability_pattern,static-linear-latent-robustness,static_linear_latent_recovery,repeated_signal,signal_eigenvalue_separation,random_projection,applicability_rate,,8,44,0.181818181818,ok,,,static-linear-latent-robustness/results.csv,applicable means source status is not inapplicable; denominator is task/scenario/method raw Cartesian rows
applicability_pattern|static-linear-latent-robustness|static_linear_latent_recovery|repeated_signal|true_gaussian_reference|applicability_rate|,applicability_pattern,static-linear-latent-robustness,static_linear_latent_recovery,repeated_signal,signal_eigenvalue_separation,true_gaussian_reference,applicability_rate,,28,44,0.636363636364,ok,,,static-linear-latent-robustness/results.csv,applicable means source status is not inapplicable; denominator is task/scenario/method raw Cartesian rows
applicability_pattern|static-linear-latent-robustness|static_linear_latent_recovery|small_sample|fa_selected|applicability_rate|,applicability_pattern,static-linear-latent-robustness,static_linear_latent_recovery,small_sample,sample_size,fa_selected,applicability_rate,,36,44,0.818181818182,ok,,,static-linear-latent-robustness/results.csv,applicable means source status is not inapplicable; denominator is task/scenario/method raw Cartesian rows
applicability_pattern|static-linear-latent-robustness|static_linear_latent_recovery|small_sample|fixed_projection|applicability_rate|,applicability_pattern,static-linear-latent-robustness,static_linear_latent_recovery,small_sample,sample_size,fixed_projection,applicability_rate,,8,44,0.181818181818,ok,,,static-linear-latent-robustness/results.csv,applicable means source status is not inapplicable; denominator is task/scenario/method raw Cartesian rows
applicability_pattern|static-linear-latent-robustness|static_linear_latent_recovery|small_sample|leaked_scaled_pca_control|applicability_rate|,applicability_pattern,static-linear-latent-robustness,static_linear_latent_recovery,small_sample,sample_size,leaked_scaled_pca_control,applicability_rate,,0,44,0,ok,,,static-linear-latent-robustness/results.csv,applicable means source status is not inapplicable; denominator is task/scenario/method raw Cartesian rows
applicability_pattern|static-linear-latent-robustness|static_linear_latent_recovery|small_sample|mean|applicability_rate|,applicability_pattern,static-linear-latent-robustness,static_linear_latent_recovery,small_sample,sample_size,mean,applicability_rate,,8,44,0.181818181818,ok,,,static-linear-latent-robustness/results.csv,applicable means source status is not inapplicable; denominator is task/scenario/method raw Cartesian rows
applicability_pattern|static-linear-latent-robustness|static_linear_latent_recovery|small_sample|pca|applicability_rate|,applicability_pattern,static-linear-latent-robustness,static_linear_latent_recovery,small_sample,sample_size,pca,applicability_rate,,12,44,0.272727272727,ok,,,static-linear-latent-robustness/results.csv,applicable means source status is not inapplicable; denominator is task/scenario/method raw Cartesian rows
applicability_pattern|static-linear-latent-robustness|static_linear_latent_recovery|small_sample|ppca|applicability_rate|,applicability_pattern,static-linear-latent-robustness,static_linear_latent_recovery,small_sample,sample_size,ppca,applicability_rate,,20,44,0.454545454545,ok,,,static-linear-latent-robustness/results.csv,applicable means source status is not inapplicable; denominator is task/scenario/method raw Cartesian rows
applicability_pattern|static-linear-latent-robustness|static_linear_latent_recovery|small_sample|proper_scaled_pca|applicability_rate|,applicability_pattern,static-linear-latent-robustness,static_linear_latent_recovery,small_sample,sample_size,proper_scaled_pca,applicability_rate,,0,44,0,ok,,,static-linear-latent-robustness/results.csv,applicable means source status is not inapplicable; denominator is task/scenario/method raw Cartesian rows
applicability_pattern|static-linear-latent-robustness|static_linear_latent_recovery|small_sample|random_projection|applicability_rate|,applicability_pattern,static-linear-latent-robustness,static_linear_latent_recovery,small_sample,sample_size,random_projection,applicability_rate,,8,44,0.181818181818,ok,,,static-linear-latent-robustness/results.csv,applicable means source status is not inapplicable; denominator is task/scenario/method raw Cartesian rows
applicability_pattern|static-linear-latent-robustness|static_linear_latent_recovery|small_sample|true_gaussian_reference|applicability_rate|,applicability_pattern,static-linear-latent-robustness,static_linear_latent_recovery,small_sample,sample_size,true_gaussian_reference,applicability_rate,,28,44,0.636363636364,ok,,,static-linear-latent-robustness/results.csv,applicable means source status is not inapplicable; denominator is task/scenario/method raw Cartesian rows
applicability_pattern|static-linear-latent-robustness|static_linear_latent_recovery|weak_separation|fa_selected|applicability_rate|,applicability_pattern,static-linear-latent-robustness,static_linear_latent_recovery,weak_separation,signal_eigenvalue_separation,fa_selected,applicability_rate,,36,44,0.818181818182,ok,,,static-linear-latent-robustness/results.csv,applicable means source status is not inapplicable; denominator is task/scenario/method raw Cartesian rows
applicability_pattern|static-linear-latent-robustness|static_linear_latent_recovery|weak_separation|fixed_projection|applicability_rate|,applicability_pattern,static-linear-latent-robustness,static_linear_latent_recovery,weak_separation,signal_eigenvalue_separation,fixed_projection,applicability_rate,,8,44,0.181818181818,ok,,,static-linear-latent-robustness/results.csv,applicable means source status is not inapplicable; denominator is task/scenario/method raw Cartesian rows
applicability_pattern|static-linear-latent-robustness|static_linear_latent_recovery|weak_separation|leaked_scaled_pca_control|applicability_rate|,applicability_pattern,static-linear-latent-robustness,static_linear_latent_recovery,weak_separation,signal_eigenvalue_separation,leaked_scaled_pca_control,applicability_rate,,0,44,0,ok,,,static-linear-latent-robustness/results.csv,applicable means source status is not inapplicable; denominator is task/scenario/method raw Cartesian rows
applicability_pattern|static-linear-latent-robustness|static_linear_latent_recovery|weak_separation|mean|applicability_rate|,applicability_pattern,static-linear-latent-robustness,static_linear_latent_recovery,weak_separation,signal_eigenvalue_separation,mean,applicability_rate,,8,44,0.181818181818,ok,,,static-linear-latent-robustness/results.csv,applicable means source status is not inapplicable; denominator is task/scenario/method raw Cartesian rows
applicability_pattern|static-linear-latent-robustness|static_linear_latent_recovery|weak_separation|pca|applicability_rate|,applicability_pattern,static-linear-latent-robustness,static_linear_latent_recovery,weak_separation,signal_eigenvalue_separation,pca,applicability_rate,,12,44,0.272727272727,ok,,,static-linear-latent-robustness/results.csv,applicable means source status is not inapplicable; denominator is task/scenario/method raw Cartesian rows
applicability_pattern|static-linear-latent-robustness|static_linear_latent_recovery|weak_separation|ppca|applicability_rate|,applicability_pattern,static-linear-latent-robustness,static_linear_latent_recovery,weak_separation,signal_eigenvalue_separation,ppca,applicability_rate,,20,44,0.454545454545,ok,,,static-linear-latent-robustness/results.csv,applicable means source status is not inapplicable; denominator is task/scenario/method raw Cartesian rows
applicability_pattern|static-linear-latent-robustness|static_linear_latent_recovery|weak_separation|proper_scaled_pca|applicability_rate|,applicability_pattern,static-linear-latent-robustness,static_linear_latent_recovery,weak_separation,signal_eigenvalue_separation,proper_scaled_pca,applicability_rate,,0,44,0,ok,,,static-linear-latent-robustness/results.csv,applicable means source status is not inapplicable; denominator is task/scenario/method raw Cartesian rows
applicability_pattern|static-linear-latent-robustness|static_linear_latent_recovery|weak_separation|random_projection|applicability_rate|,applicability_pattern,static-linear-latent-robustness,static_linear_latent_recovery,weak_separation,signal_eigenvalue_separation,random_projection,applicability_rate,,8,44,0.181818181818,ok,,,static-linear-latent-robustness/results.csv,applicable means source status is not inapplicable; denominator is task/scenario/method raw Cartesian rows
applicability_pattern|static-linear-latent-robustness|static_linear_latent_recovery|weak_separation|true_gaussian_reference|applicability_rate|,applicability_pattern,static-linear-latent-robustness,static_linear_latent_recovery,weak_separation,signal_eigenvalue_separation,true_gaussian_reference,applicability_rate,,28,44,0.636363636364,ok,,,static-linear-latent-robustness/results.csv,applicable means source status is not inapplicable; denominator is task/scenario/method raw Cartesian rows
applicability_pattern|temporal-covariance-inference|temporal_covariance_inference|alignment_jitter|ar_kalman_filter|applicability_rate|,applicability_pattern,temporal-covariance-inference,temporal_covariance_inference,alignment_jitter,alignment_jitter,ar_kalman_filter,applicability_rate,,15,30,0.5,ok,,,temporal-covariance-inference/results.csv,applicable means source status is not inapplicable; denominator is task/scenario/method raw Cartesian rows
applicability_pattern|temporal-covariance-inference|temporal_covariance_inference|alignment_jitter|ar_rts_smoother|applicability_rate|,applicability_pattern,temporal-covariance-inference,temporal_covariance_inference,alignment_jitter,alignment_jitter,ar_rts_smoother,applicability_rate,,15,30,0.5,ok,,,temporal-covariance-inference/results.csv,applicable means source status is not inapplicable; denominator is task/scenario/method raw Cartesian rows
applicability_pattern|temporal-covariance-inference|temporal_covariance_inference|alignment_jitter|exact_gaussian_oracle|applicability_rate|,applicability_pattern,temporal-covariance-inference,temporal_covariance_inference,alignment_jitter,alignment_jitter,exact_gaussian_oracle,applicability_rate,,0,30,0,ok,,,temporal-covariance-inference/results.csv,applicable means source status is not inapplicable; denominator is task/scenario/method raw Cartesian rows
applicability_pattern|temporal-covariance-inference|temporal_covariance_inference|alignment_jitter|independent_channel_gp|applicability_rate|,applicability_pattern,temporal-covariance-inference,temporal_covariance_inference,alignment_jitter,alignment_jitter,independent_channel_gp,applicability_rate,,6,30,0.2,ok,,,temporal-covariance-inference/results.csv,applicable means source status is not inapplicable; denominator is task/scenario/method raw Cartesian rows
applicability_pattern|temporal-covariance-inference|temporal_covariance_inference|alignment_jitter|known_gpfa|applicability_rate|,applicability_pattern,temporal-covariance-inference,temporal_covariance_inference,alignment_jitter,alignment_jitter,known_gpfa,applicability_rate,,15,30,0.5,ok,,,temporal-covariance-inference/results.csv,applicable means source status is not inapplicable; denominator is task/scenario/method raw Cartesian rows
applicability_pattern|temporal-covariance-inference|temporal_covariance_inference|alignment_jitter|mean_diagonal|applicability_rate|,applicability_pattern,temporal-covariance-inference,temporal_covariance_inference,alignment_jitter,alignment_jitter,mean_diagonal,applicability_rate,,9,30,0.3,ok,,,temporal-covariance-inference/results.csv,applicable means source status is not inapplicable; denominator is task/scenario/method raw Cartesian rows
applicability_pattern|temporal-covariance-inference|temporal_covariance_inference|alignment_jitter|selected_gpfa|applicability_rate|,applicability_pattern,temporal-covariance-inference,temporal_covariance_inference,alignment_jitter,alignment_jitter,selected_gpfa,applicability_rate,,21,30,0.7,ok,,,temporal-covariance-inference/results.csv,applicable means source status is not inapplicable; denominator is task/scenario/method raw Cartesian rows
applicability_pattern|temporal-covariance-inference|temporal_covariance_inference|alignment_jitter|static_factor|applicability_rate|,applicability_pattern,temporal-covariance-inference,temporal_covariance_inference,alignment_jitter,alignment_jitter,static_factor,applicability_rate,,15,30,0.5,ok,,,temporal-covariance-inference/results.csv,applicable means source status is not inapplicable; denominator is task/scenario/method raw Cartesian rows
applicability_pattern|temporal-covariance-inference|temporal_covariance_inference|alignment_jitter|two_stage_pca_smooth|applicability_rate|,applicability_pattern,temporal-covariance-inference,temporal_covariance_inference,alignment_jitter,alignment_jitter,two_stage_pca_smooth,applicability_rate,,12,30,0.4,ok,,,temporal-covariance-inference/results.csv,applicable means source status is not inapplicable; denominator is task/scenario/method raw Cartesian rows
applicability_pattern|temporal-covariance-inference|temporal_covariance_inference|alignment_jitter|wrong_ar_gpfa|applicability_rate|,applicability_pattern,temporal-covariance-inference,temporal_covariance_inference,alignment_jitter,alignment_jitter,wrong_ar_gpfa,applicability_rate,,15,30,0.5,ok,,,temporal-covariance-inference/results.csv,applicable means source status is not inapplicable; denominator is task/scenario/method raw Cartesian rows
applicability_pattern|temporal-covariance-inference|temporal_covariance_inference|alignment_jitter|wrong_timescale_gpfa|applicability_rate|,applicability_pattern,temporal-covariance-inference,temporal_covariance_inference,alignment_jitter,alignment_jitter,wrong_timescale_gpfa,applicability_rate,,15,30,0.5,ok,,,temporal-covariance-inference/results.csv,applicable means source status is not inapplicable; denominator is task/scenario/method raw Cartesian rows
applicability_pattern|temporal-covariance-inference|temporal_covariance_inference|channel_mask|ar_kalman_filter|applicability_rate|,applicability_pattern,temporal-covariance-inference,temporal_covariance_inference,channel_mask,channel_time_masks,ar_kalman_filter,applicability_rate,,15,30,0.5,ok,,,temporal-covariance-inference/results.csv,applicable means source status is not inapplicable; denominator is task/scenario/method raw Cartesian rows
applicability_pattern|temporal-covariance-inference|temporal_covariance_inference|channel_mask|ar_rts_smoother|applicability_rate|,applicability_pattern,temporal-covariance-inference,temporal_covariance_inference,channel_mask,channel_time_masks,ar_rts_smoother,applicability_rate,,18,30,0.6,ok,,,temporal-covariance-inference/results.csv,applicable means source status is not inapplicable; denominator is task/scenario/method raw Cartesian rows
applicability_pattern|temporal-covariance-inference|temporal_covariance_inference|channel_mask|exact_gaussian_oracle|applicability_rate|,applicability_pattern,temporal-covariance-inference,temporal_covariance_inference,channel_mask,channel_time_masks,exact_gaussian_oracle,applicability_rate,,18,30,0.6,ok,,,temporal-covariance-inference/results.csv,applicable means source status is not inapplicable; denominator is task/scenario/method raw Cartesian rows
applicability_pattern|temporal-covariance-inference|temporal_covariance_inference|channel_mask|independent_channel_gp|applicability_rate|,applicability_pattern,temporal-covariance-inference,temporal_covariance_inference,channel_mask,channel_time_masks,independent_channel_gp,applicability_rate,,6,30,0.2,ok,,,temporal-covariance-inference/results.csv,applicable means source status is not inapplicable; denominator is task/scenario/method raw Cartesian rows
applicability_pattern|temporal-covariance-inference|temporal_covariance_inference|channel_mask|known_gpfa|applicability_rate|,applicability_pattern,temporal-covariance-inference,temporal_covariance_inference,channel_mask,channel_time_masks,known_gpfa,applicability_rate,,21,30,0.7,ok,,,temporal-covariance-inference/results.csv,applicable means source status is not inapplicable; denominator is task/scenario/method raw Cartesian rows
applicability_pattern|temporal-covariance-inference|temporal_covariance_inference|channel_mask|mean_diagonal|applicability_rate|,applicability_pattern,temporal-covariance-inference,temporal_covariance_inference,channel_mask,channel_time_masks,mean_diagonal,applicability_rate,,12,30,0.4,ok,,,temporal-covariance-inference/results.csv,applicable means source status is not inapplicable; denominator is task/scenario/method raw Cartesian rows
applicability_pattern|temporal-covariance-inference|temporal_covariance_inference|channel_mask|selected_gpfa|applicability_rate|,applicability_pattern,temporal-covariance-inference,temporal_covariance_inference,channel_mask,channel_time_masks,selected_gpfa,applicability_rate,,24,30,0.8,ok,,,temporal-covariance-inference/results.csv,applicable means source status is not inapplicable; denominator is task/scenario/method raw Cartesian rows
applicability_pattern|temporal-covariance-inference|temporal_covariance_inference|channel_mask|static_factor|applicability_rate|,applicability_pattern,temporal-covariance-inference,temporal_covariance_inference,channel_mask,channel_time_masks,static_factor,applicability_rate,,18,30,0.6,ok,,,temporal-covariance-inference/results.csv,applicable means source status is not inapplicable; denominator is task/scenario/method raw Cartesian rows
applicability_pattern|temporal-covariance-inference|temporal_covariance_inference|channel_mask|two_stage_pca_smooth|applicability_rate|,applicability_pattern,temporal-covariance-inference,temporal_covariance_inference,channel_mask,channel_time_masks,two_stage_pca_smooth,applicability_rate,,12,30,0.4,ok,,,temporal-covariance-inference/results.csv,applicable means source status is not inapplicable; denominator is task/scenario/method raw Cartesian rows
applicability_pattern|temporal-covariance-inference|temporal_covariance_inference|channel_mask|wrong_ar_gpfa|applicability_rate|,applicability_pattern,temporal-covariance-inference,temporal_covariance_inference,channel_mask,channel_time_masks,wrong_ar_gpfa,applicability_rate,,18,30,0.6,ok,,,temporal-covariance-inference/results.csv,applicable means source status is not inapplicable; denominator is task/scenario/method raw Cartesian rows
applicability_pattern|temporal-covariance-inference|temporal_covariance_inference|channel_mask|wrong_timescale_gpfa|applicability_rate|,applicability_pattern,temporal-covariance-inference,temporal_covariance_inference,channel_mask,channel_time_masks,wrong_timescale_gpfa,applicability_rate,,18,30,0.6,ok,,,temporal-covariance-inference/results.csv,applicable means source status is not inapplicable; denominator is task/scenario/method raw Cartesian rows
applicability_pattern|temporal-covariance-inference|temporal_covariance_inference|close_timescales|ar_kalman_filter|applicability_rate|,applicability_pattern,temporal-covariance-inference,temporal_covariance_inference,close_timescales,timescale_separation,ar_kalman_filter,applicability_rate,,15,30,0.5,ok,,,temporal-covariance-inference/results.csv,applicable means source status is not inapplicable; denominator is task/scenario/method raw Cartesian rows
applicability_pattern|temporal-covariance-inference|temporal_covariance_inference|close_timescales|ar_rts_smoother|applicability_rate|,applicability_pattern,temporal-covariance-inference,temporal_covariance_inference,close_timescales,timescale_separation,ar_rts_smoother,applicability_rate,,18,30,0.6,ok,,,temporal-covariance-inference/results.csv,applicable means source status is not inapplicable; denominator is task/scenario/method raw Cartesian rows
applicability_pattern|temporal-covariance-inference|temporal_covariance_inference|close_timescales|exact_gaussian_oracle|applicability_rate|,applicability_pattern,temporal-covariance-inference,temporal_covariance_inference,close_timescales,timescale_separation,exact_gaussian_oracle,applicability_rate,,18,30,0.6,ok,,,temporal-covariance-inference/results.csv,applicable means source status is not inapplicable; denominator is task/scenario/method raw Cartesian rows
applicability_pattern|temporal-covariance-inference|temporal_covariance_inference|close_timescales|independent_channel_gp|applicability_rate|,applicability_pattern,temporal-covariance-inference,temporal_covariance_inference,close_timescales,timescale_separation,independent_channel_gp,applicability_rate,,6,30,0.2,ok,,,temporal-covariance-inference/results.csv,applicable means source status is not inapplicable; denominator is task/scenario/method raw Cartesian rows
applicability_pattern|temporal-covariance-inference|temporal_covariance_inference|close_timescales|known_gpfa|applicability_rate|,applicability_pattern,temporal-covariance-inference,temporal_covariance_inference,close_timescales,timescale_separation,known_gpfa,applicability_rate,,21,30,0.7,ok,,,temporal-covariance-inference/results.csv,applicable means source status is not inapplicable; denominator is task/scenario/method raw Cartesian rows
applicability_pattern|temporal-covariance-inference|temporal_covariance_inference|close_timescales|mean_diagonal|applicability_rate|,applicability_pattern,temporal-covariance-inference,temporal_covariance_inference,close_timescales,timescale_separation,mean_diagonal,applicability_rate,,12,30,0.4,ok,,,temporal-covariance-inference/results.csv,applicable means source status is not inapplicable; denominator is task/scenario/method raw Cartesian rows
applicability_pattern|temporal-covariance-inference|temporal_covariance_inference|close_timescales|selected_gpfa|applicability_rate|,applicability_pattern,temporal-covariance-inference,temporal_covariance_inference,close_timescales,timescale_separation,selected_gpfa,applicability_rate,,24,30,0.8,ok,,,temporal-covariance-inference/results.csv,applicable means source status is not inapplicable; denominator is task/scenario/method raw Cartesian rows
applicability_pattern|temporal-covariance-inference|temporal_covariance_inference|close_timescales|static_factor|applicability_rate|,applicability_pattern,temporal-covariance-inference,temporal_covariance_inference,close_timescales,timescale_separation,static_factor,applicability_rate,,18,30,0.6,ok,,,temporal-covariance-inference/results.csv,applicable means source status is not inapplicable; denominator is task/scenario/method raw Cartesian rows
applicability_pattern|temporal-covariance-inference|temporal_covariance_inference|close_timescales|two_stage_pca_smooth|applicability_rate|,applicability_pattern,temporal-covariance-inference,temporal_covariance_inference,close_timescales,timescale_separation,two_stage_pca_smooth,applicability_rate,,12,30,0.4,ok,,,temporal-covariance-inference/results.csv,applicable means source status is not inapplicable; denominator is task/scenario/method raw Cartesian rows
applicability_pattern|temporal-covariance-inference|temporal_covariance_inference|close_timescales|wrong_ar_gpfa|applicability_rate|,applicability_pattern,temporal-covariance-inference,temporal_covariance_inference,close_timescales,timescale_separation,wrong_ar_gpfa,applicability_rate,,18,30,0.6,ok,,,temporal-covariance-inference/results.csv,applicable means source status is not inapplicable; denominator is task/scenario/method raw Cartesian rows
applicability_pattern|temporal-covariance-inference|temporal_covariance_inference|close_timescales|wrong_timescale_gpfa|applicability_rate|,applicability_pattern,temporal-covariance-inference,temporal_covariance_inference,close_timescales,timescale_separation,wrong_timescale_gpfa,applicability_rate,,18,30,0.6,ok,,,temporal-covariance-inference/results.csv,applicable means source status is not inapplicable; denominator is task/scenario/method raw Cartesian rows
applicability_pattern|temporal-covariance-inference|temporal_covariance_inference|correlated_residuals|ar_kalman_filter|applicability_rate|,applicability_pattern,temporal-covariance-inference,temporal_covariance_inference,correlated_residuals,correlated_residuals,ar_kalman_filter,applicability_rate,,15,30,0.5,ok,,,temporal-covariance-inference/results.csv,applicable means source status is not inapplicable; denominator is task/scenario/method raw Cartesian rows
applicability_pattern|temporal-covariance-inference|temporal_covariance_inference|correlated_residuals|ar_rts_smoother|applicability_rate|,applicability_pattern,temporal-covariance-inference,temporal_covariance_inference,correlated_residuals,correlated_residuals,ar_rts_smoother,applicability_rate,,18,30,0.6,ok,,,temporal-covariance-inference/results.csv,applicable means source status is not inapplicable; denominator is task/scenario/method raw Cartesian rows
applicability_pattern|temporal-covariance-inference|temporal_covariance_inference|correlated_residuals|exact_gaussian_oracle|applicability_rate|,applicability_pattern,temporal-covariance-inference,temporal_covariance_inference,correlated_residuals,correlated_residuals,exact_gaussian_oracle,applicability_rate,,18,30,0.6,ok,,,temporal-covariance-inference/results.csv,applicable means source status is not inapplicable; denominator is task/scenario/method raw Cartesian rows
applicability_pattern|temporal-covariance-inference|temporal_covariance_inference|correlated_residuals|independent_channel_gp|applicability_rate|,applicability_pattern,temporal-covariance-inference,temporal_covariance_inference,correlated_residuals,correlated_residuals,independent_channel_gp,applicability_rate,,6,30,0.2,ok,,,temporal-covariance-inference/results.csv,applicable means source status is not inapplicable; denominator is task/scenario/method raw Cartesian rows
applicability_pattern|temporal-covariance-inference|temporal_covariance_inference|correlated_residuals|known_gpfa|applicability_rate|,applicability_pattern,temporal-covariance-inference,temporal_covariance_inference,correlated_residuals,correlated_residuals,known_gpfa,applicability_rate,,18,30,0.6,ok,,,temporal-covariance-inference/results.csv,applicable means source status is not inapplicable; denominator is task/scenario/method raw Cartesian rows
applicability_pattern|temporal-covariance-inference|temporal_covariance_inference|correlated_residuals|mean_diagonal|applicability_rate|,applicability_pattern,temporal-covariance-inference,temporal_covariance_inference,correlated_residuals,correlated_residuals,mean_diagonal,applicability_rate,,12,30,0.4,ok,,,temporal-covariance-inference/results.csv,applicable means source status is not inapplicable; denominator is task/scenario/method raw Cartesian rows
applicability_pattern|temporal-covariance-inference|temporal_covariance_inference|correlated_residuals|selected_gpfa|applicability_rate|,applicability_pattern,temporal-covariance-inference,temporal_covariance_inference,correlated_residuals,correlated_residuals,selected_gpfa,applicability_rate,,24,30,0.8,ok,,,temporal-covariance-inference/results.csv,applicable means source status is not inapplicable; denominator is task/scenario/method raw Cartesian rows
applicability_pattern|temporal-covariance-inference|temporal_covariance_inference|correlated_residuals|static_factor|applicability_rate|,applicability_pattern,temporal-covariance-inference,temporal_covariance_inference,correlated_residuals,correlated_residuals,static_factor,applicability_rate,,18,30,0.6,ok,,,temporal-covariance-inference/results.csv,applicable means source status is not inapplicable; denominator is task/scenario/method raw Cartesian rows
applicability_pattern|temporal-covariance-inference|temporal_covariance_inference|correlated_residuals|two_stage_pca_smooth|applicability_rate|,applicability_pattern,temporal-covariance-inference,temporal_covariance_inference,correlated_residuals,correlated_residuals,two_stage_pca_smooth,applicability_rate,,12,30,0.4,ok,,,temporal-covariance-inference/results.csv,applicable means source status is not inapplicable; denominator is task/scenario/method raw Cartesian rows
applicability_pattern|temporal-covariance-inference|temporal_covariance_inference|correlated_residuals|wrong_ar_gpfa|applicability_rate|,applicability_pattern,temporal-covariance-inference,temporal_covariance_inference,correlated_residuals,correlated_residuals,wrong_ar_gpfa,applicability_rate,,18,30,0.6,ok,,,temporal-covariance-inference/results.csv,applicable means source status is not inapplicable; denominator is task/scenario/method raw Cartesian rows
applicability_pattern|temporal-covariance-inference|temporal_covariance_inference|correlated_residuals|wrong_timescale_gpfa|applicability_rate|,applicability_pattern,temporal-covariance-inference,temporal_covariance_inference,correlated_residuals,correlated_residuals,wrong_timescale_gpfa,applicability_rate,,18,30,0.6,ok,,,temporal-covariance-inference/results.csv,applicable means source status is not inapplicable; denominator is task/scenario/method raw Cartesian rows
applicability_pattern|temporal-covariance-inference|temporal_covariance_inference|equal_kernels|ar_kalman_filter|applicability_rate|,applicability_pattern,temporal-covariance-inference,temporal_covariance_inference,equal_kernels,equal_kernels,ar_kalman_filter,applicability_rate,,15,30,0.5,ok,,,temporal-covariance-inference/results.csv,applicable means source status is not inapplicable; denominator is task/scenario/method raw Cartesian rows
applicability_pattern|temporal-covariance-inference|temporal_covariance_inference|equal_kernels|ar_rts_smoother|applicability_rate|,applicability_pattern,temporal-covariance-inference,temporal_covariance_inference,equal_kernels,equal_kernels,ar_rts_smoother,applicability_rate,,18,30,0.6,ok,,,temporal-covariance-inference/results.csv,applicable means source status is not inapplicable; denominator is task/scenario/method raw Cartesian rows
applicability_pattern|temporal-covariance-inference|temporal_covariance_inference|equal_kernels|exact_gaussian_oracle|applicability_rate|,applicability_pattern,temporal-covariance-inference,temporal_covariance_inference,equal_kernels,equal_kernels,exact_gaussian_oracle,applicability_rate,,18,30,0.6,ok,,,temporal-covariance-inference/results.csv,applicable means source status is not inapplicable; denominator is task/scenario/method raw Cartesian rows
applicability_pattern|temporal-covariance-inference|temporal_covariance_inference|equal_kernels|independent_channel_gp|applicability_rate|,applicability_pattern,temporal-covariance-inference,temporal_covariance_inference,equal_kernels,equal_kernels,independent_channel_gp,applicability_rate,,6,30,0.2,ok,,,temporal-covariance-inference/results.csv,applicable means source status is not inapplicable; denominator is task/scenario/method raw Cartesian rows
applicability_pattern|temporal-covariance-inference|temporal_covariance_inference|equal_kernels|known_gpfa|applicability_rate|,applicability_pattern,temporal-covariance-inference,temporal_covariance_inference,equal_kernels,equal_kernels,known_gpfa,applicability_rate,,21,30,0.7,ok,,,temporal-covariance-inference/results.csv,applicable means source status is not inapplicable; denominator is task/scenario/method raw Cartesian rows
applicability_pattern|temporal-covariance-inference|temporal_covariance_inference|equal_kernels|mean_diagonal|applicability_rate|,applicability_pattern,temporal-covariance-inference,temporal_covariance_inference,equal_kernels,equal_kernels,mean_diagonal,applicability_rate,,12,30,0.4,ok,,,temporal-covariance-inference/results.csv,applicable means source status is not inapplicable; denominator is task/scenario/method raw Cartesian rows
applicability_pattern|temporal-covariance-inference|temporal_covariance_inference|equal_kernels|selected_gpfa|applicability_rate|,applicability_pattern,temporal-covariance-inference,temporal_covariance_inference,equal_kernels,equal_kernels,selected_gpfa,applicability_rate,,24,30,0.8,ok,,,temporal-covariance-inference/results.csv,applicable means source status is not inapplicable; denominator is task/scenario/method raw Cartesian rows
applicability_pattern|temporal-covariance-inference|temporal_covariance_inference|equal_kernels|static_factor|applicability_rate|,applicability_pattern,temporal-covariance-inference,temporal_covariance_inference,equal_kernels,equal_kernels,static_factor,applicability_rate,,18,30,0.6,ok,,,temporal-covariance-inference/results.csv,applicable means source status is not inapplicable; denominator is task/scenario/method raw Cartesian rows
applicability_pattern|temporal-covariance-inference|temporal_covariance_inference|equal_kernels|two_stage_pca_smooth|applicability_rate|,applicability_pattern,temporal-covariance-inference,temporal_covariance_inference,equal_kernels,equal_kernels,two_stage_pca_smooth,applicability_rate,,12,30,0.4,ok,,,temporal-covariance-inference/results.csv,applicable means source status is not inapplicable; denominator is task/scenario/method raw Cartesian rows
applicability_pattern|temporal-covariance-inference|temporal_covariance_inference|equal_kernels|wrong_ar_gpfa|applicability_rate|,applicability_pattern,temporal-covariance-inference,temporal_covariance_inference,equal_kernels,equal_kernels,wrong_ar_gpfa,applicability_rate,,18,30,0.6,ok,,,temporal-covariance-inference/results.csv,applicable means source status is not inapplicable; denominator is task/scenario/method raw Cartesian rows
applicability_pattern|temporal-covariance-inference|temporal_covariance_inference|equal_kernels|wrong_timescale_gpfa|applicability_rate|,applicability_pattern,temporal-covariance-inference,temporal_covariance_inference,equal_kernels,equal_kernels,wrong_timescale_gpfa,applicability_rate,,18,30,0.6,ok,,,temporal-covariance-inference/results.csv,applicable means source status is not inapplicable; denominator is task/scenario/method raw Cartesian rows
applicability_pattern|temporal-covariance-inference|temporal_covariance_inference|high_trial_count|ar_kalman_filter|applicability_rate|,applicability_pattern,temporal-covariance-inference,temporal_covariance_inference,high_trial_count,trial_sample_size,ar_kalman_filter,applicability_rate,,15,30,0.5,ok,,,temporal-covariance-inference/results.csv,applicable means source status is not inapplicable; denominator is task/scenario/method raw Cartesian rows
applicability_pattern|temporal-covariance-inference|temporal_covariance_inference|high_trial_count|ar_rts_smoother|applicability_rate|,applicability_pattern,temporal-covariance-inference,temporal_covariance_inference,high_trial_count,trial_sample_size,ar_rts_smoother,applicability_rate,,18,30,0.6,ok,,,temporal-covariance-inference/results.csv,applicable means source status is not inapplicable; denominator is task/scenario/method raw Cartesian rows
applicability_pattern|temporal-covariance-inference|temporal_covariance_inference|high_trial_count|exact_gaussian_oracle|applicability_rate|,applicability_pattern,temporal-covariance-inference,temporal_covariance_inference,high_trial_count,trial_sample_size,exact_gaussian_oracle,applicability_rate,,18,30,0.6,ok,,,temporal-covariance-inference/results.csv,applicable means source status is not inapplicable; denominator is task/scenario/method raw Cartesian rows
applicability_pattern|temporal-covariance-inference|temporal_covariance_inference|high_trial_count|independent_channel_gp|applicability_rate|,applicability_pattern,temporal-covariance-inference,temporal_covariance_inference,high_trial_count,trial_sample_size,independent_channel_gp,applicability_rate,,6,30,0.2,ok,,,temporal-covariance-inference/results.csv,applicable means source status is not inapplicable; denominator is task/scenario/method raw Cartesian rows
applicability_pattern|temporal-covariance-inference|temporal_covariance_inference|high_trial_count|known_gpfa|applicability_rate|,applicability_pattern,temporal-covariance-inference,temporal_covariance_inference,high_trial_count,trial_sample_size,known_gpfa,applicability_rate,,21,30,0.7,ok,,,temporal-covariance-inference/results.csv,applicable means source status is not inapplicable; denominator is task/scenario/method raw Cartesian rows
applicability_pattern|temporal-covariance-inference|temporal_covariance_inference|high_trial_count|mean_diagonal|applicability_rate|,applicability_pattern,temporal-covariance-inference,temporal_covariance_inference,high_trial_count,trial_sample_size,mean_diagonal,applicability_rate,,12,30,0.4,ok,,,temporal-covariance-inference/results.csv,applicable means source status is not inapplicable; denominator is task/scenario/method raw Cartesian rows
applicability_pattern|temporal-covariance-inference|temporal_covariance_inference|high_trial_count|selected_gpfa|applicability_rate|,applicability_pattern,temporal-covariance-inference,temporal_covariance_inference,high_trial_count,trial_sample_size,selected_gpfa,applicability_rate,,24,30,0.8,ok,,,temporal-covariance-inference/results.csv,applicable means source status is not inapplicable; denominator is task/scenario/method raw Cartesian rows
applicability_pattern|temporal-covariance-inference|temporal_covariance_inference|high_trial_count|static_factor|applicability_rate|,applicability_pattern,temporal-covariance-inference,temporal_covariance_inference,high_trial_count,trial_sample_size,static_factor,applicability_rate,,18,30,0.6,ok,,,temporal-covariance-inference/results.csv,applicable means source status is not inapplicable; denominator is task/scenario/method raw Cartesian rows
applicability_pattern|temporal-covariance-inference|temporal_covariance_inference|high_trial_count|two_stage_pca_smooth|applicability_rate|,applicability_pattern,temporal-covariance-inference,temporal_covariance_inference,high_trial_count,trial_sample_size,two_stage_pca_smooth,applicability_rate,,12,30,0.4,ok,,,temporal-covariance-inference/results.csv,applicable means source status is not inapplicable; denominator is task/scenario/method raw Cartesian rows
applicability_pattern|temporal-covariance-inference|temporal_covariance_inference|high_trial_count|wrong_ar_gpfa|applicability_rate|,applicability_pattern,temporal-covariance-inference,temporal_covariance_inference,high_trial_count,trial_sample_size,wrong_ar_gpfa,applicability_rate,,18,30,0.6,ok,,,temporal-covariance-inference/results.csv,applicable means source status is not inapplicable; denominator is task/scenario/method raw Cartesian rows
applicability_pattern|temporal-covariance-inference|temporal_covariance_inference|high_trial_count|wrong_timescale_gpfa|applicability_rate|,applicability_pattern,temporal-covariance-inference,temporal_covariance_inference,high_trial_count,trial_sample_size,wrong_timescale_gpfa,applicability_rate,,18,30,0.6,ok,,,temporal-covariance-inference/results.csv,applicable means source status is not inapplicable; denominator is task/scenario/method raw Cartesian rows
applicability_pattern|temporal-covariance-inference|temporal_covariance_inference|informative_missingness|ar_kalman_filter|applicability_rate|,applicability_pattern,temporal-covariance-inference,temporal_covariance_inference,informative_missingness,informative_missingness,ar_kalman_filter,applicability_rate,,15,30,0.5,ok,,,temporal-covariance-inference/results.csv,applicable means source status is not inapplicable; denominator is task/scenario/method raw Cartesian rows
applicability_pattern|temporal-covariance-inference|temporal_covariance_inference|informative_missingness|ar_rts_smoother|applicability_rate|,applicability_pattern,temporal-covariance-inference,temporal_covariance_inference,informative_missingness,informative_missingness,ar_rts_smoother,applicability_rate,,18,30,0.6,ok,,,temporal-covariance-inference/results.csv,applicable means source status is not inapplicable; denominator is task/scenario/method raw Cartesian rows
applicability_pattern|temporal-covariance-inference|temporal_covariance_inference|informative_missingness|exact_gaussian_oracle|applicability_rate|,applicability_pattern,temporal-covariance-inference,temporal_covariance_inference,informative_missingness,informative_missingness,exact_gaussian_oracle,applicability_rate,,0,30,0,ok,,,temporal-covariance-inference/results.csv,applicable means source status is not inapplicable; denominator is task/scenario/method raw Cartesian rows
applicability_pattern|temporal-covariance-inference|temporal_covariance_inference|informative_missingness|independent_channel_gp|applicability_rate|,applicability_pattern,temporal-covariance-inference,temporal_covariance_inference,informative_missingness,informative_missingness,independent_channel_gp,applicability_rate,,6,30,0.2,ok,,,temporal-covariance-inference/results.csv,applicable means source status is not inapplicable; denominator is task/scenario/method raw Cartesian rows
applicability_pattern|temporal-covariance-inference|temporal_covariance_inference|informative_missingness|known_gpfa|applicability_rate|,applicability_pattern,temporal-covariance-inference,temporal_covariance_inference,informative_missingness,informative_missingness,known_gpfa,applicability_rate,,18,30,0.6,ok,,,temporal-covariance-inference/results.csv,applicable means source status is not inapplicable; denominator is task/scenario/method raw Cartesian rows
applicability_pattern|temporal-covariance-inference|temporal_covariance_inference|informative_missingness|mean_diagonal|applicability_rate|,applicability_pattern,temporal-covariance-inference,temporal_covariance_inference,informative_missingness,informative_missingness,mean_diagonal,applicability_rate,,12,30,0.4,ok,,,temporal-covariance-inference/results.csv,applicable means source status is not inapplicable; denominator is task/scenario/method raw Cartesian rows
applicability_pattern|temporal-covariance-inference|temporal_covariance_inference|informative_missingness|selected_gpfa|applicability_rate|,applicability_pattern,temporal-covariance-inference,temporal_covariance_inference,informative_missingness,informative_missingness,selected_gpfa,applicability_rate,,24,30,0.8,ok,,,temporal-covariance-inference/results.csv,applicable means source status is not inapplicable; denominator is task/scenario/method raw Cartesian rows
applicability_pattern|temporal-covariance-inference|temporal_covariance_inference|informative_missingness|static_factor|applicability_rate|,applicability_pattern,temporal-covariance-inference,temporal_covariance_inference,informative_missingness,informative_missingness,static_factor,applicability_rate,,18,30,0.6,ok,,,temporal-covariance-inference/results.csv,applicable means source status is not inapplicable; denominator is task/scenario/method raw Cartesian rows
applicability_pattern|temporal-covariance-inference|temporal_covariance_inference|informative_missingness|two_stage_pca_smooth|applicability_rate|,applicability_pattern,temporal-covariance-inference,temporal_covariance_inference,informative_missingness,informative_missingness,two_stage_pca_smooth,applicability_rate,,12,30,0.4,ok,,,temporal-covariance-inference/results.csv,applicable means source status is not inapplicable; denominator is task/scenario/method raw Cartesian rows
applicability_pattern|temporal-covariance-inference|temporal_covariance_inference|informative_missingness|wrong_ar_gpfa|applicability_rate|,applicability_pattern,temporal-covariance-inference,temporal_covariance_inference,informative_missingness,informative_missingness,wrong_ar_gpfa,applicability_rate,,18,30,0.6,ok,,,temporal-covariance-inference/results.csv,applicable means source status is not inapplicable; denominator is task/scenario/method raw Cartesian rows
applicability_pattern|temporal-covariance-inference|temporal_covariance_inference|informative_missingness|wrong_timescale_gpfa|applicability_rate|,applicability_pattern,temporal-covariance-inference,temporal_covariance_inference,informative_missingness,informative_missingness,wrong_timescale_gpfa,applicability_rate,,18,30,0.6,ok,,,temporal-covariance-inference/results.csv,applicable means source status is not inapplicable; denominator is task/scenario/method raw Cartesian rows
applicability_pattern|temporal-covariance-inference|temporal_covariance_inference|latent_changepoint|ar_kalman_filter|applicability_rate|,applicability_pattern,temporal-covariance-inference,temporal_covariance_inference,latent_changepoint,changepoints,ar_kalman_filter,applicability_rate,,15,30,0.5,ok,,,temporal-covariance-inference/results.csv,applicable means source status is not inapplicable; denominator is task/scenario/method raw Cartesian rows
applicability_pattern|temporal-covariance-inference|temporal_covariance_inference|latent_changepoint|ar_rts_smoother|applicability_rate|,applicability_pattern,temporal-covariance-inference,temporal_covariance_inference,latent_changepoint,changepoints,ar_rts_smoother,applicability_rate,,18,30,0.6,ok,,,temporal-covariance-inference/results.csv,applicable means source status is not inapplicable; denominator is task/scenario/method raw Cartesian rows
applicability_pattern|temporal-covariance-inference|temporal_covariance_inference|latent_changepoint|exact_gaussian_oracle|applicability_rate|,applicability_pattern,temporal-covariance-inference,temporal_covariance_inference,latent_changepoint,changepoints,exact_gaussian_oracle,applicability_rate,,18,30,0.6,ok,,,temporal-covariance-inference/results.csv,applicable means source status is not inapplicable; denominator is task/scenario/method raw Cartesian rows
applicability_pattern|temporal-covariance-inference|temporal_covariance_inference|latent_changepoint|independent_channel_gp|applicability_rate|,applicability_pattern,temporal-covariance-inference,temporal_covariance_inference,latent_changepoint,changepoints,independent_channel_gp,applicability_rate,,6,30,0.2,ok,,,temporal-covariance-inference/results.csv,applicable means source status is not inapplicable; denominator is task/scenario/method raw Cartesian rows
applicability_pattern|temporal-covariance-inference|temporal_covariance_inference|latent_changepoint|known_gpfa|applicability_rate|,applicability_pattern,temporal-covariance-inference,temporal_covariance_inference,latent_changepoint,changepoints,known_gpfa,applicability_rate,,18,30,0.6,ok,,,temporal-covariance-inference/results.csv,applicable means source status is not inapplicable; denominator is task/scenario/method raw Cartesian rows
applicability_pattern|temporal-covariance-inference|temporal_covariance_inference|latent_changepoint|mean_diagonal|applicability_rate|,applicability_pattern,temporal-covariance-inference,temporal_covariance_inference,latent_changepoint,changepoints,mean_diagonal,applicability_rate,,12,30,0.4,ok,,,temporal-covariance-inference/results.csv,applicable means source status is not inapplicable; denominator is task/scenario/method raw Cartesian rows
applicability_pattern|temporal-covariance-inference|temporal_covariance_inference|latent_changepoint|selected_gpfa|applicability_rate|,applicability_pattern,temporal-covariance-inference,temporal_covariance_inference,latent_changepoint,changepoints,selected_gpfa,applicability_rate,,24,30,0.8,ok,,,temporal-covariance-inference/results.csv,applicable means source status is not inapplicable; denominator is task/scenario/method raw Cartesian rows
applicability_pattern|temporal-covariance-inference|temporal_covariance_inference|latent_changepoint|static_factor|applicability_rate|,applicability_pattern,temporal-covariance-inference,temporal_covariance_inference,latent_changepoint,changepoints,static_factor,applicability_rate,,18,30,0.6,ok,,,temporal-covariance-inference/results.csv,applicable means source status is not inapplicable; denominator is task/scenario/method raw Cartesian rows
applicability_pattern|temporal-covariance-inference|temporal_covariance_inference|latent_changepoint|two_stage_pca_smooth|applicability_rate|,applicability_pattern,temporal-covariance-inference,temporal_covariance_inference,latent_changepoint,changepoints,two_stage_pca_smooth,applicability_rate,,12,30,0.4,ok,,,temporal-covariance-inference/results.csv,applicable means source status is not inapplicable; denominator is task/scenario/method raw Cartesian rows
applicability_pattern|temporal-covariance-inference|temporal_covariance_inference|latent_changepoint|wrong_ar_gpfa|applicability_rate|,applicability_pattern,temporal-covariance-inference,temporal_covariance_inference,latent_changepoint,changepoints,wrong_ar_gpfa,applicability_rate,,18,30,0.6,ok,,,temporal-covariance-inference/results.csv,applicable means source status is not inapplicable; denominator is task/scenario/method raw Cartesian rows
applicability_pattern|temporal-covariance-inference|temporal_covariance_inference|latent_changepoint|wrong_timescale_gpfa|applicability_rate|,applicability_pattern,temporal-covariance-inference,temporal_covariance_inference,latent_changepoint,changepoints,wrong_timescale_gpfa,applicability_rate,,18,30,0.6,ok,,,temporal-covariance-inference/results.csv,applicable means source status is not inapplicable; denominator is task/scenario/method raw Cartesian rows
applicability_pattern|temporal-covariance-inference|temporal_covariance_inference|low_rate_poisson|ar_kalman_filter|applicability_rate|,applicability_pattern,temporal-covariance-inference,temporal_covariance_inference,low_rate_poisson,poisson_misspecification,ar_kalman_filter,applicability_rate,,15,30,0.5,ok,,,temporal-covariance-inference/results.csv,applicable means source status is not inapplicable; denominator is task/scenario/method raw Cartesian rows
applicability_pattern|temporal-covariance-inference|temporal_covariance_inference|low_rate_poisson|ar_rts_smoother|applicability_rate|,applicability_pattern,temporal-covariance-inference,temporal_covariance_inference,low_rate_poisson,poisson_misspecification,ar_rts_smoother,applicability_rate,,15,30,0.5,ok,,,temporal-covariance-inference/results.csv,applicable means source status is not inapplicable; denominator is task/scenario/method raw Cartesian rows
applicability_pattern|temporal-covariance-inference|temporal_covariance_inference|low_rate_poisson|exact_gaussian_oracle|applicability_rate|,applicability_pattern,temporal-covariance-inference,temporal_covariance_inference,low_rate_poisson,poisson_misspecification,exact_gaussian_oracle,applicability_rate,,0,30,0,ok,,,temporal-covariance-inference/results.csv,applicable means source status is not inapplicable; denominator is task/scenario/method raw Cartesian rows
applicability_pattern|temporal-covariance-inference|temporal_covariance_inference|low_rate_poisson|independent_channel_gp|applicability_rate|,applicability_pattern,temporal-covariance-inference,temporal_covariance_inference,low_rate_poisson,poisson_misspecification,independent_channel_gp,applicability_rate,,6,30,0.2,ok,,,temporal-covariance-inference/results.csv,applicable means source status is not inapplicable; denominator is task/scenario/method raw Cartesian rows
applicability_pattern|temporal-covariance-inference|temporal_covariance_inference|low_rate_poisson|known_gpfa|applicability_rate|,applicability_pattern,temporal-covariance-inference,temporal_covariance_inference,low_rate_poisson,poisson_misspecification,known_gpfa,applicability_rate,,15,30,0.5,ok,,,temporal-covariance-inference/results.csv,applicable means source status is not inapplicable; denominator is task/scenario/method raw Cartesian rows
applicability_pattern|temporal-covariance-inference|temporal_covariance_inference|low_rate_poisson|mean_diagonal|applicability_rate|,applicability_pattern,temporal-covariance-inference,temporal_covariance_inference,low_rate_poisson,poisson_misspecification,mean_diagonal,applicability_rate,,9,30,0.3,ok,,,temporal-covariance-inference/results.csv,applicable means source status is not inapplicable; denominator is task/scenario/method raw Cartesian rows
applicability_pattern|temporal-covariance-inference|temporal_covariance_inference|low_rate_poisson|selected_gpfa|applicability_rate|,applicability_pattern,temporal-covariance-inference,temporal_covariance_inference,low_rate_poisson,poisson_misspecification,selected_gpfa,applicability_rate,,21,30,0.7,ok,,,temporal-covariance-inference/results.csv,applicable means source status is not inapplicable; denominator is task/scenario/method raw Cartesian rows
applicability_pattern|temporal-covariance-inference|temporal_covariance_inference|low_rate_poisson|static_factor|applicability_rate|,applicability_pattern,temporal-covariance-inference,temporal_covariance_inference,low_rate_poisson,poisson_misspecification,static_factor,applicability_rate,,15,30,0.5,ok,,,temporal-covariance-inference/results.csv,applicable means source status is not inapplicable; denominator is task/scenario/method raw Cartesian rows
applicability_pattern|temporal-covariance-inference|temporal_covariance_inference|low_rate_poisson|two_stage_pca_smooth|applicability_rate|,applicability_pattern,temporal-covariance-inference,temporal_covariance_inference,low_rate_poisson,poisson_misspecification,two_stage_pca_smooth,applicability_rate,,12,30,0.4,ok,,,temporal-covariance-inference/results.csv,applicable means source status is not inapplicable; denominator is task/scenario/method raw Cartesian rows
applicability_pattern|temporal-covariance-inference|temporal_covariance_inference|low_rate_poisson|wrong_ar_gpfa|applicability_rate|,applicability_pattern,temporal-covariance-inference,temporal_covariance_inference,low_rate_poisson,poisson_misspecification,wrong_ar_gpfa,applicability_rate,,15,30,0.5,ok,,,temporal-covariance-inference/results.csv,applicable means source status is not inapplicable; denominator is task/scenario/method raw Cartesian rows
applicability_pattern|temporal-covariance-inference|temporal_covariance_inference|low_rate_poisson|wrong_timescale_gpfa|applicability_rate|,applicability_pattern,temporal-covariance-inference,temporal_covariance_inference,low_rate_poisson,poisson_misspecification,wrong_timescale_gpfa,applicability_rate,,15,30,0.5,ok,,,temporal-covariance-inference/results.csv,applicable means source status is not inapplicable; denominator is task/scenario/method raw Cartesian rows
applicability_pattern|temporal-covariance-inference|temporal_covariance_inference|low_trial_count|ar_kalman_filter|applicability_rate|,applicability_pattern,temporal-covariance-inference,temporal_covariance_inference,low_trial_count,trial_sample_size,ar_kalman_filter,applicability_rate,,15,30,0.5,ok,,,temporal-covariance-inference/results.csv,applicable means source status is not inapplicable; denominator is task/scenario/method raw Cartesian rows
applicability_pattern|temporal-covariance-inference|temporal_covariance_inference|low_trial_count|ar_rts_smoother|applicability_rate|,applicability_pattern,temporal-covariance-inference,temporal_covariance_inference,low_trial_count,trial_sample_size,ar_rts_smoother,applicability_rate,,18,30,0.6,ok,,,temporal-covariance-inference/results.csv,applicable means source status is not inapplicable; denominator is task/scenario/method raw Cartesian rows
applicability_pattern|temporal-covariance-inference|temporal_covariance_inference|low_trial_count|exact_gaussian_oracle|applicability_rate|,applicability_pattern,temporal-covariance-inference,temporal_covariance_inference,low_trial_count,trial_sample_size,exact_gaussian_oracle,applicability_rate,,18,30,0.6,ok,,,temporal-covariance-inference/results.csv,applicable means source status is not inapplicable; denominator is task/scenario/method raw Cartesian rows
applicability_pattern|temporal-covariance-inference|temporal_covariance_inference|low_trial_count|independent_channel_gp|applicability_rate|,applicability_pattern,temporal-covariance-inference,temporal_covariance_inference,low_trial_count,trial_sample_size,independent_channel_gp,applicability_rate,,6,30,0.2,ok,,,temporal-covariance-inference/results.csv,applicable means source status is not inapplicable; denominator is task/scenario/method raw Cartesian rows
applicability_pattern|temporal-covariance-inference|temporal_covariance_inference|low_trial_count|known_gpfa|applicability_rate|,applicability_pattern,temporal-covariance-inference,temporal_covariance_inference,low_trial_count,trial_sample_size,known_gpfa,applicability_rate,,21,30,0.7,ok,,,temporal-covariance-inference/results.csv,applicable means source status is not inapplicable; denominator is task/scenario/method raw Cartesian rows
applicability_pattern|temporal-covariance-inference|temporal_covariance_inference|low_trial_count|mean_diagonal|applicability_rate|,applicability_pattern,temporal-covariance-inference,temporal_covariance_inference,low_trial_count,trial_sample_size,mean_diagonal,applicability_rate,,12,30,0.4,ok,,,temporal-covariance-inference/results.csv,applicable means source status is not inapplicable; denominator is task/scenario/method raw Cartesian rows
applicability_pattern|temporal-covariance-inference|temporal_covariance_inference|low_trial_count|selected_gpfa|applicability_rate|,applicability_pattern,temporal-covariance-inference,temporal_covariance_inference,low_trial_count,trial_sample_size,selected_gpfa,applicability_rate,,24,30,0.8,ok,,,temporal-covariance-inference/results.csv,applicable means source status is not inapplicable; denominator is task/scenario/method raw Cartesian rows
applicability_pattern|temporal-covariance-inference|temporal_covariance_inference|low_trial_count|static_factor|applicability_rate|,applicability_pattern,temporal-covariance-inference,temporal_covariance_inference,low_trial_count,trial_sample_size,static_factor,applicability_rate,,18,30,0.6,ok,,,temporal-covariance-inference/results.csv,applicable means source status is not inapplicable; denominator is task/scenario/method raw Cartesian rows
applicability_pattern|temporal-covariance-inference|temporal_covariance_inference|low_trial_count|two_stage_pca_smooth|applicability_rate|,applicability_pattern,temporal-covariance-inference,temporal_covariance_inference,low_trial_count,trial_sample_size,two_stage_pca_smooth,applicability_rate,,12,30,0.4,ok,,,temporal-covariance-inference/results.csv,applicable means source status is not inapplicable; denominator is task/scenario/method raw Cartesian rows
applicability_pattern|temporal-covariance-inference|temporal_covariance_inference|low_trial_count|wrong_ar_gpfa|applicability_rate|,applicability_pattern,temporal-covariance-inference,temporal_covariance_inference,low_trial_count,trial_sample_size,wrong_ar_gpfa,applicability_rate,,18,30,0.6,ok,,,temporal-covariance-inference/results.csv,applicable means source status is not inapplicable; denominator is task/scenario/method raw Cartesian rows
applicability_pattern|temporal-covariance-inference|temporal_covariance_inference|low_trial_count|wrong_timescale_gpfa|applicability_rate|,applicability_pattern,temporal-covariance-inference,temporal_covariance_inference,low_trial_count,trial_sample_size,wrong_timescale_gpfa,applicability_rate,,18,30,0.6,ok,,,temporal-covariance-inference/results.csv,applicable means source status is not inapplicable; denominator is task/scenario/method raw Cartesian rows
applicability_pattern|temporal-covariance-inference|temporal_covariance_inference|reference_distinct|ar_kalman_filter|applicability_rate|,applicability_pattern,temporal-covariance-inference,temporal_covariance_inference,reference_distinct,timescale_separation,ar_kalman_filter,applicability_rate,,15,30,0.5,ok,,,temporal-covariance-inference/results.csv,applicable means source status is not inapplicable; denominator is task/scenario/method raw Cartesian rows
applicability_pattern|temporal-covariance-inference|temporal_covariance_inference|reference_distinct|ar_rts_smoother|applicability_rate|,applicability_pattern,temporal-covariance-inference,temporal_covariance_inference,reference_distinct,timescale_separation,ar_rts_smoother,applicability_rate,,18,30,0.6,ok,,,temporal-covariance-inference/results.csv,applicable means source status is not inapplicable; denominator is task/scenario/method raw Cartesian rows
applicability_pattern|temporal-covariance-inference|temporal_covariance_inference|reference_distinct|exact_gaussian_oracle|applicability_rate|,applicability_pattern,temporal-covariance-inference,temporal_covariance_inference,reference_distinct,timescale_separation,exact_gaussian_oracle,applicability_rate,,18,30,0.6,ok,,,temporal-covariance-inference/results.csv,applicable means source status is not inapplicable; denominator is task/scenario/method raw Cartesian rows
applicability_pattern|temporal-covariance-inference|temporal_covariance_inference|reference_distinct|independent_channel_gp|applicability_rate|,applicability_pattern,temporal-covariance-inference,temporal_covariance_inference,reference_distinct,timescale_separation,independent_channel_gp,applicability_rate,,6,30,0.2,ok,,,temporal-covariance-inference/results.csv,applicable means source status is not inapplicable; denominator is task/scenario/method raw Cartesian rows
applicability_pattern|temporal-covariance-inference|temporal_covariance_inference|reference_distinct|known_gpfa|applicability_rate|,applicability_pattern,temporal-covariance-inference,temporal_covariance_inference,reference_distinct,timescale_separation,known_gpfa,applicability_rate,,21,30,0.7,ok,,,temporal-covariance-inference/results.csv,applicable means source status is not inapplicable; denominator is task/scenario/method raw Cartesian rows
applicability_pattern|temporal-covariance-inference|temporal_covariance_inference|reference_distinct|mean_diagonal|applicability_rate|,applicability_pattern,temporal-covariance-inference,temporal_covariance_inference,reference_distinct,timescale_separation,mean_diagonal,applicability_rate,,12,30,0.4,ok,,,temporal-covariance-inference/results.csv,applicable means source status is not inapplicable; denominator is task/scenario/method raw Cartesian rows
applicability_pattern|temporal-covariance-inference|temporal_covariance_inference|reference_distinct|selected_gpfa|applicability_rate|,applicability_pattern,temporal-covariance-inference,temporal_covariance_inference,reference_distinct,timescale_separation,selected_gpfa,applicability_rate,,24,30,0.8,ok,,,temporal-covariance-inference/results.csv,applicable means source status is not inapplicable; denominator is task/scenario/method raw Cartesian rows
applicability_pattern|temporal-covariance-inference|temporal_covariance_inference|reference_distinct|static_factor|applicability_rate|,applicability_pattern,temporal-covariance-inference,temporal_covariance_inference,reference_distinct,timescale_separation,static_factor,applicability_rate,,18,30,0.6,ok,,,temporal-covariance-inference/results.csv,applicable means source status is not inapplicable; denominator is task/scenario/method raw Cartesian rows
applicability_pattern|temporal-covariance-inference|temporal_covariance_inference|reference_distinct|two_stage_pca_smooth|applicability_rate|,applicability_pattern,temporal-covariance-inference,temporal_covariance_inference,reference_distinct,timescale_separation,two_stage_pca_smooth,applicability_rate,,12,30,0.4,ok,,,temporal-covariance-inference/results.csv,applicable means source status is not inapplicable; denominator is task/scenario/method raw Cartesian rows
applicability_pattern|temporal-covariance-inference|temporal_covariance_inference|reference_distinct|wrong_ar_gpfa|applicability_rate|,applicability_pattern,temporal-covariance-inference,temporal_covariance_inference,reference_distinct,timescale_separation,wrong_ar_gpfa,applicability_rate,,18,30,0.6,ok,,,temporal-covariance-inference/results.csv,applicable means source status is not inapplicable; denominator is task/scenario/method raw Cartesian rows
applicability_pattern|temporal-covariance-inference|temporal_covariance_inference|reference_distinct|wrong_timescale_gpfa|applicability_rate|,applicability_pattern,temporal-covariance-inference,temporal_covariance_inference,reference_distinct,timescale_separation,wrong_timescale_gpfa,applicability_rate,,18,30,0.6,ok,,,temporal-covariance-inference/results.csv,applicable means source status is not inapplicable; denominator is task/scenario/method raw Cartesian rows
applicability_pattern|temporal-covariance-inference|temporal_covariance_inference|time_block_mask|ar_kalman_filter|applicability_rate|,applicability_pattern,temporal-covariance-inference,temporal_covariance_inference,time_block_mask,channel_time_masks,ar_kalman_filter,applicability_rate,,15,30,0.5,ok,,,temporal-covariance-inference/results.csv,applicable means source status is not inapplicable; denominator is task/scenario/method raw Cartesian rows
applicability_pattern|temporal-covariance-inference|temporal_covariance_inference|time_block_mask|ar_rts_smoother|applicability_rate|,applicability_pattern,temporal-covariance-inference,temporal_covariance_inference,time_block_mask,channel_time_masks,ar_rts_smoother,applicability_rate,,18,30,0.6,ok,,,temporal-covariance-inference/results.csv,applicable means source status is not inapplicable; denominator is task/scenario/method raw Cartesian rows
applicability_pattern|temporal-covariance-inference|temporal_covariance_inference|time_block_mask|exact_gaussian_oracle|applicability_rate|,applicability_pattern,temporal-covariance-inference,temporal_covariance_inference,time_block_mask,channel_time_masks,exact_gaussian_oracle,applicability_rate,,18,30,0.6,ok,,,temporal-covariance-inference/results.csv,applicable means source status is not inapplicable; denominator is task/scenario/method raw Cartesian rows
applicability_pattern|temporal-covariance-inference|temporal_covariance_inference|time_block_mask|independent_channel_gp|applicability_rate|,applicability_pattern,temporal-covariance-inference,temporal_covariance_inference,time_block_mask,channel_time_masks,independent_channel_gp,applicability_rate,,6,30,0.2,ok,,,temporal-covariance-inference/results.csv,applicable means source status is not inapplicable; denominator is task/scenario/method raw Cartesian rows
applicability_pattern|temporal-covariance-inference|temporal_covariance_inference|time_block_mask|known_gpfa|applicability_rate|,applicability_pattern,temporal-covariance-inference,temporal_covariance_inference,time_block_mask,channel_time_masks,known_gpfa,applicability_rate,,21,30,0.7,ok,,,temporal-covariance-inference/results.csv,applicable means source status is not inapplicable; denominator is task/scenario/method raw Cartesian rows
applicability_pattern|temporal-covariance-inference|temporal_covariance_inference|time_block_mask|mean_diagonal|applicability_rate|,applicability_pattern,temporal-covariance-inference,temporal_covariance_inference,time_block_mask,channel_time_masks,mean_diagonal,applicability_rate,,12,30,0.4,ok,,,temporal-covariance-inference/results.csv,applicable means source status is not inapplicable; denominator is task/scenario/method raw Cartesian rows
applicability_pattern|temporal-covariance-inference|temporal_covariance_inference|time_block_mask|selected_gpfa|applicability_rate|,applicability_pattern,temporal-covariance-inference,temporal_covariance_inference,time_block_mask,channel_time_masks,selected_gpfa,applicability_rate,,24,30,0.8,ok,,,temporal-covariance-inference/results.csv,applicable means source status is not inapplicable; denominator is task/scenario/method raw Cartesian rows
applicability_pattern|temporal-covariance-inference|temporal_covariance_inference|time_block_mask|static_factor|applicability_rate|,applicability_pattern,temporal-covariance-inference,temporal_covariance_inference,time_block_mask,channel_time_masks,static_factor,applicability_rate,,18,30,0.6,ok,,,temporal-covariance-inference/results.csv,applicable means source status is not inapplicable; denominator is task/scenario/method raw Cartesian rows
applicability_pattern|temporal-covariance-inference|temporal_covariance_inference|time_block_mask|two_stage_pca_smooth|applicability_rate|,applicability_pattern,temporal-covariance-inference,temporal_covariance_inference,time_block_mask,channel_time_masks,two_stage_pca_smooth,applicability_rate,,12,30,0.4,ok,,,temporal-covariance-inference/results.csv,applicable means source status is not inapplicable; denominator is task/scenario/method raw Cartesian rows
applicability_pattern|temporal-covariance-inference|temporal_covariance_inference|time_block_mask|wrong_ar_gpfa|applicability_rate|,applicability_pattern,temporal-covariance-inference,temporal_covariance_inference,time_block_mask,channel_time_masks,wrong_ar_gpfa,applicability_rate,,18,30,0.6,ok,,,temporal-covariance-inference/results.csv,applicable means source status is not inapplicable; denominator is task/scenario/method raw Cartesian rows
applicability_pattern|temporal-covariance-inference|temporal_covariance_inference|time_block_mask|wrong_timescale_gpfa|applicability_rate|,applicability_pattern,temporal-covariance-inference,temporal_covariance_inference,time_block_mask,channel_time_masks,wrong_timescale_gpfa,applicability_rate,,18,30,0.6,ok,,,temporal-covariance-inference/results.csv,applicable means source status is not inapplicable; denominator is task/scenario/method raw Cartesian rows
failure_pattern|demixing-rotational-robustness|demixing|averaging_mismatch|condition_mean|conditional_failure_rate|,failure_pattern,demixing-rotational-robustness,demixing,averaging_mismatch,averaging_mismatch,condition_mean,conditional_failure_rate,,0,6,0,ok,,,demixing-rotational-robustness/results.csv,failures are invalid plus nonconvergence; denominator is ok plus invalid plus nonconvergence rows
failure_pattern|demixing-rotational-robustness|demixing|averaging_mismatch|condition_mean|raw_cartesian_failure_label_fraction|,failure_pattern,demixing-rotational-robustness,demixing,averaging_mismatch,averaging_mismatch,condition_mean,raw_cartesian_failure_label_fraction,,0,21,0,ok,,,demixing-rotational-robustness/results.csv,failures are invalid plus nonconvergence; denominator is all task/scenario/method raw Cartesian rows
failure_pattern|demixing-rotational-robustness|demixing|averaging_mismatch|factorial_design_diagnostic|conditional_failure_rate|,failure_pattern,demixing-rotational-robustness,demixing,averaging_mismatch,averaging_mismatch,factorial_design_diagnostic,conditional_failure_rate,,0,3,0,ok,,,demixing-rotational-robustness/results.csv,failures are invalid plus nonconvergence; denominator is ok plus invalid plus nonconvergence rows
failure_pattern|demixing-rotational-robustness|demixing|averaging_mismatch|factorial_design_diagnostic|raw_cartesian_failure_label_fraction|,failure_pattern,demixing-rotational-robustness,demixing,averaging_mismatch,averaging_mismatch,factorial_design_diagnostic,raw_cartesian_failure_label_fraction,,0,21,0,ok,,,demixing-rotational-robustness/results.csv,failures are invalid plus nonconvergence; denominator is all task/scenario/method raw Cartesian rows
failure_pattern|demixing-rotational-robustness|demixing|averaging_mismatch|marginal_pca|conditional_failure_rate|,failure_pattern,demixing-rotational-robustness,demixing,averaging_mismatch,averaging_mismatch,marginal_pca,conditional_failure_rate,,0,12,0,ok,,,demixing-rotational-robustness/results.csv,failures are invalid plus nonconvergence; denominator is ok plus invalid plus nonconvergence rows
failure_pattern|demixing-rotational-robustness|demixing|averaging_mismatch|marginal_pca|raw_cartesian_failure_label_fraction|,failure_pattern,demixing-rotational-robustness,demixing,averaging_mismatch,averaging_mismatch,marginal_pca,raw_cartesian_failure_label_fraction,,0,21,0,ok,,,demixing-rotational-robustness/results.csv,failures are invalid plus nonconvergence; denominator is all task/scenario/method raw Cartesian rows
failure_pattern|demixing-rotational-robustness|demixing|averaging_mismatch|pca|conditional_failure_rate|,failure_pattern,demixing-rotational-robustness,demixing,averaging_mismatch,averaging_mismatch,pca,conditional_failure_rate,,0,12,0,ok,,,demixing-rotational-robustness/results.csv,failures are invalid plus nonconvergence; denominator is ok plus invalid plus nonconvergence rows
failure_pattern|demixing-rotational-robustness|demixing|averaging_mismatch|pca|raw_cartesian_failure_label_fraction|,failure_pattern,demixing-rotational-robustness,demixing,averaging_mismatch,averaging_mismatch,pca,raw_cartesian_failure_label_fraction,,0,21,0,ok,,,demixing-rotational-robustness/results.csv,failures are invalid plus nonconvergence; denominator is all task/scenario/method raw Cartesian rows
failure_pattern|demixing-rotational-robustness|demixing|averaging_mismatch|ridge_decoder|conditional_failure_rate|,failure_pattern,demixing-rotational-robustness,demixing,averaging_mismatch,averaging_mismatch,ridge_decoder,conditional_failure_rate,,0,6,0,ok,,,demixing-rotational-robustness/results.csv,failures are invalid plus nonconvergence; denominator is ok plus invalid plus nonconvergence rows
failure_pattern|demixing-rotational-robustness|demixing|averaging_mismatch|ridge_decoder|raw_cartesian_failure_label_fraction|,failure_pattern,demixing-rotational-robustness,demixing,averaging_mismatch,averaging_mismatch,ridge_decoder,raw_cartesian_failure_label_fraction,,0,21,0,ok,,,demixing-rotational-robustness/results.csv,failures are invalid plus nonconvergence; denominator is all task/scenario/method raw Cartesian rows
failure_pattern|demixing-rotational-robustness|demixing|averaging_mismatch|selected_dpca|conditional_failure_rate|,failure_pattern,demixing-rotational-robustness,demixing,averaging_mismatch,averaging_mismatch,selected_dpca,conditional_failure_rate,,0,12,0,ok,,,demixing-rotational-robustness/results.csv,failures are invalid plus nonconvergence; denominator is ok plus invalid plus nonconvergence rows
failure_pattern|demixing-rotational-robustness|demixing|averaging_mismatch|selected_dpca|raw_cartesian_failure_label_fraction|,failure_pattern,demixing-rotational-robustness,demixing,averaging_mismatch,averaging_mismatch,selected_dpca,raw_cartesian_failure_label_fraction,,0,21,0,ok,,,demixing-rotational-robustness/results.csv,failures are invalid plus nonconvergence; denominator is all task/scenario/method raw Cartesian rows
failure_pattern|demixing-rotational-robustness|demixing|averaging_mismatch|shuffled_decoder_control|conditional_failure_rate|,failure_pattern,demixing-rotational-robustness,demixing,averaging_mismatch,averaging_mismatch,shuffled_decoder_control,conditional_failure_rate,,0,6,0,ok,,,demixing-rotational-robustness/results.csv,failures are invalid plus nonconvergence; denominator is ok plus invalid plus nonconvergence rows
failure_pattern|demixing-rotational-robustness|demixing|averaging_mismatch|shuffled_decoder_control|raw_cartesian_failure_label_fraction|,failure_pattern,demixing-rotational-robustness,demixing,averaging_mismatch,averaging_mismatch,shuffled_decoder_control,raw_cartesian_failure_label_fraction,,0,21,0,ok,,,demixing-rotational-robustness/results.csv,failures are invalid plus nonconvergence; denominator is all task/scenario/method raw Cartesian rows
failure_pattern|demixing-rotational-robustness|demixing|averaging_mismatch|shuffled_dpca_control|conditional_failure_rate|,failure_pattern,demixing-rotational-robustness,demixing,averaging_mismatch,averaging_mismatch,shuffled_dpca_control,conditional_failure_rate,,0,12,0,ok,,,demixing-rotational-robustness/results.csv,failures are invalid plus nonconvergence; denominator is ok plus invalid plus nonconvergence rows
failure_pattern|demixing-rotational-robustness|demixing|averaging_mismatch|shuffled_dpca_control|raw_cartesian_failure_label_fraction|,failure_pattern,demixing-rotational-robustness,demixing,averaging_mismatch,averaging_mismatch,shuffled_dpca_control,raw_cartesian_failure_label_fraction,,0,21,0,ok,,,demixing-rotational-robustness/results.csv,failures are invalid plus nonconvergence; denominator is all task/scenario/method raw Cartesian rows
failure_pattern|demixing-rotational-robustness|demixing|balanced_reference|condition_mean|conditional_failure_rate|,failure_pattern,demixing-rotational-robustness,demixing,balanced_reference,balanced_reference,condition_mean,conditional_failure_rate,,0,6,0,ok,,,demixing-rotational-robustness/results.csv,failures are invalid plus nonconvergence; denominator is ok plus invalid plus nonconvergence rows
failure_pattern|demixing-rotational-robustness|demixing|balanced_reference|condition_mean|raw_cartesian_failure_label_fraction|,failure_pattern,demixing-rotational-robustness,demixing,balanced_reference,balanced_reference,condition_mean,raw_cartesian_failure_label_fraction,,0,21,0,ok,,,demixing-rotational-robustness/results.csv,failures are invalid plus nonconvergence; denominator is all task/scenario/method raw Cartesian rows
failure_pattern|demixing-rotational-robustness|demixing|balanced_reference|factorial_design_diagnostic|conditional_failure_rate|,failure_pattern,demixing-rotational-robustness,demixing,balanced_reference,balanced_reference,factorial_design_diagnostic,conditional_failure_rate,,0,3,0,ok,,,demixing-rotational-robustness/results.csv,failures are invalid plus nonconvergence; denominator is ok plus invalid plus nonconvergence rows
failure_pattern|demixing-rotational-robustness|demixing|balanced_reference|factorial_design_diagnostic|raw_cartesian_failure_label_fraction|,failure_pattern,demixing-rotational-robustness,demixing,balanced_reference,balanced_reference,factorial_design_diagnostic,raw_cartesian_failure_label_fraction,,0,21,0,ok,,,demixing-rotational-robustness/results.csv,failures are invalid plus nonconvergence; denominator is all task/scenario/method raw Cartesian rows
failure_pattern|demixing-rotational-robustness|demixing|balanced_reference|marginal_pca|conditional_failure_rate|,failure_pattern,demixing-rotational-robustness,demixing,balanced_reference,balanced_reference,marginal_pca,conditional_failure_rate,,0,12,0,ok,,,demixing-rotational-robustness/results.csv,failures are invalid plus nonconvergence; denominator is ok plus invalid plus nonconvergence rows
failure_pattern|demixing-rotational-robustness|demixing|balanced_reference|marginal_pca|raw_cartesian_failure_label_fraction|,failure_pattern,demixing-rotational-robustness,demixing,balanced_reference,balanced_reference,marginal_pca,raw_cartesian_failure_label_fraction,,0,21,0,ok,,,demixing-rotational-robustness/results.csv,failures are invalid plus nonconvergence; denominator is all task/scenario/method raw Cartesian rows
failure_pattern|demixing-rotational-robustness|demixing|balanced_reference|pca|conditional_failure_rate|,failure_pattern,demixing-rotational-robustness,demixing,balanced_reference,balanced_reference,pca,conditional_failure_rate,,0,12,0,ok,,,demixing-rotational-robustness/results.csv,failures are invalid plus nonconvergence; denominator is ok plus invalid plus nonconvergence rows
failure_pattern|demixing-rotational-robustness|demixing|balanced_reference|pca|raw_cartesian_failure_label_fraction|,failure_pattern,demixing-rotational-robustness,demixing,balanced_reference,balanced_reference,pca,raw_cartesian_failure_label_fraction,,0,21,0,ok,,,demixing-rotational-robustness/results.csv,failures are invalid plus nonconvergence; denominator is all task/scenario/method raw Cartesian rows
failure_pattern|demixing-rotational-robustness|demixing|balanced_reference|ridge_decoder|conditional_failure_rate|,failure_pattern,demixing-rotational-robustness,demixing,balanced_reference,balanced_reference,ridge_decoder,conditional_failure_rate,,0,6,0,ok,,,demixing-rotational-robustness/results.csv,failures are invalid plus nonconvergence; denominator is ok plus invalid plus nonconvergence rows
failure_pattern|demixing-rotational-robustness|demixing|balanced_reference|ridge_decoder|raw_cartesian_failure_label_fraction|,failure_pattern,demixing-rotational-robustness,demixing,balanced_reference,balanced_reference,ridge_decoder,raw_cartesian_failure_label_fraction,,0,21,0,ok,,,demixing-rotational-robustness/results.csv,failures are invalid plus nonconvergence; denominator is all task/scenario/method raw Cartesian rows
failure_pattern|demixing-rotational-robustness|demixing|balanced_reference|selected_dpca|conditional_failure_rate|,failure_pattern,demixing-rotational-robustness,demixing,balanced_reference,balanced_reference,selected_dpca,conditional_failure_rate,,0,12,0,ok,,,demixing-rotational-robustness/results.csv,failures are invalid plus nonconvergence; denominator is ok plus invalid plus nonconvergence rows
failure_pattern|demixing-rotational-robustness|demixing|balanced_reference|selected_dpca|raw_cartesian_failure_label_fraction|,failure_pattern,demixing-rotational-robustness,demixing,balanced_reference,balanced_reference,selected_dpca,raw_cartesian_failure_label_fraction,,0,21,0,ok,,,demixing-rotational-robustness/results.csv,failures are invalid plus nonconvergence; denominator is all task/scenario/method raw Cartesian rows
failure_pattern|demixing-rotational-robustness|demixing|balanced_reference|shuffled_decoder_control|conditional_failure_rate|,failure_pattern,demixing-rotational-robustness,demixing,balanced_reference,balanced_reference,shuffled_decoder_control,conditional_failure_rate,,0,6,0,ok,,,demixing-rotational-robustness/results.csv,failures are invalid plus nonconvergence; denominator is ok plus invalid plus nonconvergence rows
failure_pattern|demixing-rotational-robustness|demixing|balanced_reference|shuffled_decoder_control|raw_cartesian_failure_label_fraction|,failure_pattern,demixing-rotational-robustness,demixing,balanced_reference,balanced_reference,shuffled_decoder_control,raw_cartesian_failure_label_fraction,,0,21,0,ok,,,demixing-rotational-robustness/results.csv,failures are invalid plus nonconvergence; denominator is all task/scenario/method raw Cartesian rows
failure_pattern|demixing-rotational-robustness|demixing|balanced_reference|shuffled_dpca_control|conditional_failure_rate|,failure_pattern,demixing-rotational-robustness,demixing,balanced_reference,balanced_reference,shuffled_dpca_control,conditional_failure_rate,,0,12,0,ok,,,demixing-rotational-robustness/results.csv,failures are invalid plus nonconvergence; denominator is ok plus invalid plus nonconvergence rows
failure_pattern|demixing-rotational-robustness|demixing|balanced_reference|shuffled_dpca_control|raw_cartesian_failure_label_fraction|,failure_pattern,demixing-rotational-robustness,demixing,balanced_reference,balanced_reference,shuffled_dpca_control,raw_cartesian_failure_label_fraction,,0,21,0,ok,,,demixing-rotational-robustness/results.csv,failures are invalid plus nonconvergence; denominator is all task/scenario/method raw Cartesian rows
failure_pattern|demixing-rotational-robustness|demixing|label_shuffle|condition_mean|conditional_failure_rate|,failure_pattern,demixing-rotational-robustness,demixing,label_shuffle,label_shuffle,condition_mean,conditional_failure_rate,,0,6,0,ok,,,demixing-rotational-robustness/results.csv,failures are invalid plus nonconvergence; denominator is ok plus invalid plus nonconvergence rows
failure_pattern|demixing-rotational-robustness|demixing|label_shuffle|condition_mean|raw_cartesian_failure_label_fraction|,failure_pattern,demixing-rotational-robustness,demixing,label_shuffle,label_shuffle,condition_mean,raw_cartesian_failure_label_fraction,,0,21,0,ok,,,demixing-rotational-robustness/results.csv,failures are invalid plus nonconvergence; denominator is all task/scenario/method raw Cartesian rows
failure_pattern|demixing-rotational-robustness|demixing|label_shuffle|factorial_design_diagnostic|conditional_failure_rate|,failure_pattern,demixing-rotational-robustness,demixing,label_shuffle,label_shuffle,factorial_design_diagnostic,conditional_failure_rate,,0,3,0,ok,,,demixing-rotational-robustness/results.csv,failures are invalid plus nonconvergence; denominator is ok plus invalid plus nonconvergence rows
failure_pattern|demixing-rotational-robustness|demixing|label_shuffle|factorial_design_diagnostic|raw_cartesian_failure_label_fraction|,failure_pattern,demixing-rotational-robustness,demixing,label_shuffle,label_shuffle,factorial_design_diagnostic,raw_cartesian_failure_label_fraction,,0,21,0,ok,,,demixing-rotational-robustness/results.csv,failures are invalid plus nonconvergence; denominator is all task/scenario/method raw Cartesian rows
failure_pattern|demixing-rotational-robustness|demixing|label_shuffle|marginal_pca|conditional_failure_rate|,failure_pattern,demixing-rotational-robustness,demixing,label_shuffle,label_shuffle,marginal_pca,conditional_failure_rate,,0,12,0,ok,,,demixing-rotational-robustness/results.csv,failures are invalid plus nonconvergence; denominator is ok plus invalid plus nonconvergence rows
failure_pattern|demixing-rotational-robustness|demixing|label_shuffle|marginal_pca|raw_cartesian_failure_label_fraction|,failure_pattern,demixing-rotational-robustness,demixing,label_shuffle,label_shuffle,marginal_pca,raw_cartesian_failure_label_fraction,,0,21,0,ok,,,demixing-rotational-robustness/results.csv,failures are invalid plus nonconvergence; denominator is all task/scenario/method raw Cartesian rows
failure_pattern|demixing-rotational-robustness|demixing|label_shuffle|pca|conditional_failure_rate|,failure_pattern,demixing-rotational-robustness,demixing,label_shuffle,label_shuffle,pca,conditional_failure_rate,,0,12,0,ok,,,demixing-rotational-robustness/results.csv,failures are invalid plus nonconvergence; denominator is ok plus invalid plus nonconvergence rows
failure_pattern|demixing-rotational-robustness|demixing|label_shuffle|pca|raw_cartesian_failure_label_fraction|,failure_pattern,demixing-rotational-robustness,demixing,label_shuffle,label_shuffle,pca,raw_cartesian_failure_label_fraction,,0,21,0,ok,,,demixing-rotational-robustness/results.csv,failures are invalid plus nonconvergence; denominator is all task/scenario/method raw Cartesian rows
failure_pattern|demixing-rotational-robustness|demixing|label_shuffle|ridge_decoder|conditional_failure_rate|,failure_pattern,demixing-rotational-robustness,demixing,label_shuffle,label_shuffle,ridge_decoder,conditional_failure_rate,,0,6,0,ok,,,demixing-rotational-robustness/results.csv,failures are invalid plus nonconvergence; denominator is ok plus invalid plus nonconvergence rows
failure_pattern|demixing-rotational-robustness|demixing|label_shuffle|ridge_decoder|raw_cartesian_failure_label_fraction|,failure_pattern,demixing-rotational-robustness,demixing,label_shuffle,label_shuffle,ridge_decoder,raw_cartesian_failure_label_fraction,,0,21,0,ok,,,demixing-rotational-robustness/results.csv,failures are invalid plus nonconvergence; denominator is all task/scenario/method raw Cartesian rows
failure_pattern|demixing-rotational-robustness|demixing|label_shuffle|selected_dpca|conditional_failure_rate|,failure_pattern,demixing-rotational-robustness,demixing,label_shuffle,label_shuffle,selected_dpca,conditional_failure_rate,,0,12,0,ok,,,demixing-rotational-robustness/results.csv,failures are invalid plus nonconvergence; denominator is ok plus invalid plus nonconvergence rows
failure_pattern|demixing-rotational-robustness|demixing|label_shuffle|selected_dpca|raw_cartesian_failure_label_fraction|,failure_pattern,demixing-rotational-robustness,demixing,label_shuffle,label_shuffle,selected_dpca,raw_cartesian_failure_label_fraction,,0,21,0,ok,,,demixing-rotational-robustness/results.csv,failures are invalid plus nonconvergence; denominator is all task/scenario/method raw Cartesian rows
failure_pattern|demixing-rotational-robustness|demixing|label_shuffle|shuffled_decoder_control|conditional_failure_rate|,failure_pattern,demixing-rotational-robustness,demixing,label_shuffle,label_shuffle,shuffled_decoder_control,conditional_failure_rate,,0,6,0,ok,,,demixing-rotational-robustness/results.csv,failures are invalid plus nonconvergence; denominator is ok plus invalid plus nonconvergence rows
failure_pattern|demixing-rotational-robustness|demixing|label_shuffle|shuffled_decoder_control|raw_cartesian_failure_label_fraction|,failure_pattern,demixing-rotational-robustness,demixing,label_shuffle,label_shuffle,shuffled_decoder_control,raw_cartesian_failure_label_fraction,,0,21,0,ok,,,demixing-rotational-robustness/results.csv,failures are invalid plus nonconvergence; denominator is all task/scenario/method raw Cartesian rows
failure_pattern|demixing-rotational-robustness|demixing|label_shuffle|shuffled_dpca_control|conditional_failure_rate|,failure_pattern,demixing-rotational-robustness,demixing,label_shuffle,label_shuffle,shuffled_dpca_control,conditional_failure_rate,,0,12,0,ok,,,demixing-rotational-robustness/results.csv,failures are invalid plus nonconvergence; denominator is ok plus invalid plus nonconvergence rows
failure_pattern|demixing-rotational-robustness|demixing|label_shuffle|shuffled_dpca_control|raw_cartesian_failure_label_fraction|,failure_pattern,demixing-rotational-robustness,demixing,label_shuffle,label_shuffle,shuffled_dpca_control,raw_cartesian_failure_label_fraction,,0,21,0,ok,,,demixing-rotational-robustness/results.csv,failures are invalid plus nonconvergence; denominator is all task/scenario/method raw Cartesian rows
failure_pattern|demixing-rotational-robustness|demixing|large_sample|condition_mean|conditional_failure_rate|,failure_pattern,demixing-rotational-robustness,demixing,large_sample,sample_size,condition_mean,conditional_failure_rate,,0,6,0,ok,,,demixing-rotational-robustness/results.csv,failures are invalid plus nonconvergence; denominator is ok plus invalid plus nonconvergence rows
failure_pattern|demixing-rotational-robustness|demixing|large_sample|condition_mean|raw_cartesian_failure_label_fraction|,failure_pattern,demixing-rotational-robustness,demixing,large_sample,sample_size,condition_mean,raw_cartesian_failure_label_fraction,,0,21,0,ok,,,demixing-rotational-robustness/results.csv,failures are invalid plus nonconvergence; denominator is all task/scenario/method raw Cartesian rows
failure_pattern|demixing-rotational-robustness|demixing|large_sample|factorial_design_diagnostic|conditional_failure_rate|,failure_pattern,demixing-rotational-robustness,demixing,large_sample,sample_size,factorial_design_diagnostic,conditional_failure_rate,,0,3,0,ok,,,demixing-rotational-robustness/results.csv,failures are invalid plus nonconvergence; denominator is ok plus invalid plus nonconvergence rows
failure_pattern|demixing-rotational-robustness|demixing|large_sample|factorial_design_diagnostic|raw_cartesian_failure_label_fraction|,failure_pattern,demixing-rotational-robustness,demixing,large_sample,sample_size,factorial_design_diagnostic,raw_cartesian_failure_label_fraction,,0,21,0,ok,,,demixing-rotational-robustness/results.csv,failures are invalid plus nonconvergence; denominator is all task/scenario/method raw Cartesian rows
failure_pattern|demixing-rotational-robustness|demixing|large_sample|marginal_pca|conditional_failure_rate|,failure_pattern,demixing-rotational-robustness,demixing,large_sample,sample_size,marginal_pca,conditional_failure_rate,,0,12,0,ok,,,demixing-rotational-robustness/results.csv,failures are invalid plus nonconvergence; denominator is ok plus invalid plus nonconvergence rows
failure_pattern|demixing-rotational-robustness|demixing|large_sample|marginal_pca|raw_cartesian_failure_label_fraction|,failure_pattern,demixing-rotational-robustness,demixing,large_sample,sample_size,marginal_pca,raw_cartesian_failure_label_fraction,,0,21,0,ok,,,demixing-rotational-robustness/results.csv,failures are invalid plus nonconvergence; denominator is all task/scenario/method raw Cartesian rows
failure_pattern|demixing-rotational-robustness|demixing|large_sample|pca|conditional_failure_rate|,failure_pattern,demixing-rotational-robustness,demixing,large_sample,sample_size,pca,conditional_failure_rate,,0,12,0,ok,,,demixing-rotational-robustness/results.csv,failures are invalid plus nonconvergence; denominator is ok plus invalid plus nonconvergence rows
failure_pattern|demixing-rotational-robustness|demixing|large_sample|pca|raw_cartesian_failure_label_fraction|,failure_pattern,demixing-rotational-robustness,demixing,large_sample,sample_size,pca,raw_cartesian_failure_label_fraction,,0,21,0,ok,,,demixing-rotational-robustness/results.csv,failures are invalid plus nonconvergence; denominator is all task/scenario/method raw Cartesian rows
failure_pattern|demixing-rotational-robustness|demixing|large_sample|ridge_decoder|conditional_failure_rate|,failure_pattern,demixing-rotational-robustness,demixing,large_sample,sample_size,ridge_decoder,conditional_failure_rate,,0,6,0,ok,,,demixing-rotational-robustness/results.csv,failures are invalid plus nonconvergence; denominator is ok plus invalid plus nonconvergence rows
failure_pattern|demixing-rotational-robustness|demixing|large_sample|ridge_decoder|raw_cartesian_failure_label_fraction|,failure_pattern,demixing-rotational-robustness,demixing,large_sample,sample_size,ridge_decoder,raw_cartesian_failure_label_fraction,,0,21,0,ok,,,demixing-rotational-robustness/results.csv,failures are invalid plus nonconvergence; denominator is all task/scenario/method raw Cartesian rows
failure_pattern|demixing-rotational-robustness|demixing|large_sample|selected_dpca|conditional_failure_rate|,failure_pattern,demixing-rotational-robustness,demixing,large_sample,sample_size,selected_dpca,conditional_failure_rate,,0,12,0,ok,,,demixing-rotational-robustness/results.csv,failures are invalid plus nonconvergence; denominator is ok plus invalid plus nonconvergence rows
failure_pattern|demixing-rotational-robustness|demixing|large_sample|selected_dpca|raw_cartesian_failure_label_fraction|,failure_pattern,demixing-rotational-robustness,demixing,large_sample,sample_size,selected_dpca,raw_cartesian_failure_label_fraction,,0,21,0,ok,,,demixing-rotational-robustness/results.csv,failures are invalid plus nonconvergence; denominator is all task/scenario/method raw Cartesian rows
failure_pattern|demixing-rotational-robustness|demixing|large_sample|shuffled_decoder_control|conditional_failure_rate|,failure_pattern,demixing-rotational-robustness,demixing,large_sample,sample_size,shuffled_decoder_control,conditional_failure_rate,,0,6,0,ok,,,demixing-rotational-robustness/results.csv,failures are invalid plus nonconvergence; denominator is ok plus invalid plus nonconvergence rows
failure_pattern|demixing-rotational-robustness|demixing|large_sample|shuffled_decoder_control|raw_cartesian_failure_label_fraction|,failure_pattern,demixing-rotational-robustness,demixing,large_sample,sample_size,shuffled_decoder_control,raw_cartesian_failure_label_fraction,,0,21,0,ok,,,demixing-rotational-robustness/results.csv,failures are invalid plus nonconvergence; denominator is all task/scenario/method raw Cartesian rows
failure_pattern|demixing-rotational-robustness|demixing|large_sample|shuffled_dpca_control|conditional_failure_rate|,failure_pattern,demixing-rotational-robustness,demixing,large_sample,sample_size,shuffled_dpca_control,conditional_failure_rate,,0,12,0,ok,,,demixing-rotational-robustness/results.csv,failures are invalid plus nonconvergence; denominator is ok plus invalid plus nonconvergence rows
failure_pattern|demixing-rotational-robustness|demixing|large_sample|shuffled_dpca_control|raw_cartesian_failure_label_fraction|,failure_pattern,demixing-rotational-robustness,demixing,large_sample,sample_size,shuffled_dpca_control,raw_cartesian_failure_label_fraction,,0,21,0,ok,,,demixing-rotational-robustness/results.csv,failures are invalid plus nonconvergence; denominator is all task/scenario/method raw Cartesian rows
failure_pattern|demixing-rotational-robustness|demixing|missing_cell|condition_mean|conditional_failure_rate|,failure_pattern,demixing-rotational-robustness,demixing,missing_cell,missing_unbalanced_cells,condition_mean,conditional_failure_rate,,6,6,1,ok,,,demixing-rotational-robustness/results.csv,failures are invalid plus nonconvergence; denominator is ok plus invalid plus nonconvergence rows
failure_pattern|demixing-rotational-robustness|demixing|missing_cell|condition_mean|raw_cartesian_failure_label_fraction|,failure_pattern,demixing-rotational-robustness,demixing,missing_cell,missing_unbalanced_cells,condition_mean,raw_cartesian_failure_label_fraction,,6,21,0.285714285714,ok,,,demixing-rotational-robustness/results.csv,failures are invalid plus nonconvergence; denominator is all task/scenario/method raw Cartesian rows
failure_pattern|demixing-rotational-robustness|demixing|missing_cell|factorial_design_diagnostic|conditional_failure_rate|,failure_pattern,demixing-rotational-robustness,demixing,missing_cell,missing_unbalanced_cells,factorial_design_diagnostic,conditional_failure_rate,,0,3,0,ok,,,demixing-rotational-robustness/results.csv,failures are invalid plus nonconvergence; denominator is ok plus invalid plus nonconvergence rows
failure_pattern|demixing-rotational-robustness|demixing|missing_cell|factorial_design_diagnostic|raw_cartesian_failure_label_fraction|,failure_pattern,demixing-rotational-robustness,demixing,missing_cell,missing_unbalanced_cells,factorial_design_diagnostic,raw_cartesian_failure_label_fraction,,0,21,0,ok,,,demixing-rotational-robustness/results.csv,failures are invalid plus nonconvergence; denominator is all task/scenario/method raw Cartesian rows
failure_pattern|demixing-rotational-robustness|demixing|missing_cell|marginal_pca|conditional_failure_rate|,failure_pattern,demixing-rotational-robustness,demixing,missing_cell,missing_unbalanced_cells,marginal_pca,conditional_failure_rate,,12,12,1,ok,,,demixing-rotational-robustness/results.csv,failures are invalid plus nonconvergence; denominator is ok plus invalid plus nonconvergence rows
failure_pattern|demixing-rotational-robustness|demixing|missing_cell|marginal_pca|raw_cartesian_failure_label_fraction|,failure_pattern,demixing-rotational-robustness,demixing,missing_cell,missing_unbalanced_cells,marginal_pca,raw_cartesian_failure_label_fraction,,12,21,0.571428571429,ok,,,demixing-rotational-robustness/results.csv,failures are invalid plus nonconvergence; denominator is all task/scenario/method raw Cartesian rows
failure_pattern|demixing-rotational-robustness|demixing|missing_cell|pca|conditional_failure_rate|,failure_pattern,demixing-rotational-robustness,demixing,missing_cell,missing_unbalanced_cells,pca,conditional_failure_rate,,12,12,1,ok,,,demixing-rotational-robustness/results.csv,failures are invalid plus nonconvergence; denominator is ok plus invalid plus nonconvergence rows
failure_pattern|demixing-rotational-robustness|demixing|missing_cell|pca|raw_cartesian_failure_label_fraction|,failure_pattern,demixing-rotational-robustness,demixing,missing_cell,missing_unbalanced_cells,pca,raw_cartesian_failure_label_fraction,,12,21,0.571428571429,ok,,,demixing-rotational-robustness/results.csv,failures are invalid plus nonconvergence; denominator is all task/scenario/method raw Cartesian rows
failure_pattern|demixing-rotational-robustness|demixing|missing_cell|ridge_decoder|conditional_failure_rate|,failure_pattern,demixing-rotational-robustness,demixing,missing_cell,missing_unbalanced_cells,ridge_decoder,conditional_failure_rate,,0,6,0,ok,,,demixing-rotational-robustness/results.csv,failures are invalid plus nonconvergence; denominator is ok plus invalid plus nonconvergence rows
failure_pattern|demixing-rotational-robustness|demixing|missing_cell|ridge_decoder|raw_cartesian_failure_label_fraction|,failure_pattern,demixing-rotational-robustness,demixing,missing_cell,missing_unbalanced_cells,ridge_decoder,raw_cartesian_failure_label_fraction,,0,21,0,ok,,,demixing-rotational-robustness/results.csv,failures are invalid plus nonconvergence; denominator is all task/scenario/method raw Cartesian rows
failure_pattern|demixing-rotational-robustness|demixing|missing_cell|selected_dpca|conditional_failure_rate|,failure_pattern,demixing-rotational-robustness,demixing,missing_cell,missing_unbalanced_cells,selected_dpca,conditional_failure_rate,,12,12,1,ok,,,demixing-rotational-robustness/results.csv,failures are invalid plus nonconvergence; denominator is ok plus invalid plus nonconvergence rows
failure_pattern|demixing-rotational-robustness|demixing|missing_cell|selected_dpca|raw_cartesian_failure_label_fraction|,failure_pattern,demixing-rotational-robustness,demixing,missing_cell,missing_unbalanced_cells,selected_dpca,raw_cartesian_failure_label_fraction,,12,21,0.571428571429,ok,,,demixing-rotational-robustness/results.csv,failures are invalid plus nonconvergence; denominator is all task/scenario/method raw Cartesian rows
failure_pattern|demixing-rotational-robustness|demixing|missing_cell|shuffled_decoder_control|conditional_failure_rate|,failure_pattern,demixing-rotational-robustness,demixing,missing_cell,missing_unbalanced_cells,shuffled_decoder_control,conditional_failure_rate,,0,6,0,ok,,,demixing-rotational-robustness/results.csv,failures are invalid plus nonconvergence; denominator is ok plus invalid plus nonconvergence rows
failure_pattern|demixing-rotational-robustness|demixing|missing_cell|shuffled_decoder_control|raw_cartesian_failure_label_fraction|,failure_pattern,demixing-rotational-robustness,demixing,missing_cell,missing_unbalanced_cells,shuffled_decoder_control,raw_cartesian_failure_label_fraction,,0,21,0,ok,,,demixing-rotational-robustness/results.csv,failures are invalid plus nonconvergence; denominator is all task/scenario/method raw Cartesian rows
failure_pattern|demixing-rotational-robustness|demixing|missing_cell|shuffled_dpca_control|conditional_failure_rate|,failure_pattern,demixing-rotational-robustness,demixing,missing_cell,missing_unbalanced_cells,shuffled_dpca_control,conditional_failure_rate,,12,12,1,ok,,,demixing-rotational-robustness/results.csv,failures are invalid plus nonconvergence; denominator is ok plus invalid plus nonconvergence rows
failure_pattern|demixing-rotational-robustness|demixing|missing_cell|shuffled_dpca_control|raw_cartesian_failure_label_fraction|,failure_pattern,demixing-rotational-robustness,demixing,missing_cell,missing_unbalanced_cells,shuffled_dpca_control,raw_cartesian_failure_label_fraction,,12,21,0.571428571429,ok,,,demixing-rotational-robustness/results.csv,failures are invalid plus nonconvergence; denominator is all task/scenario/method raw Cartesian rows
failure_pattern|demixing-rotational-robustness|demixing|near_collinear|condition_mean|conditional_failure_rate|,failure_pattern,demixing-rotational-robustness,demixing,near_collinear,near_collinear_subspaces,condition_mean,conditional_failure_rate,,0,6,0,ok,,,demixing-rotational-robustness/results.csv,failures are invalid plus nonconvergence; denominator is ok plus invalid plus nonconvergence rows
failure_pattern|demixing-rotational-robustness|demixing|near_collinear|condition_mean|raw_cartesian_failure_label_fraction|,failure_pattern,demixing-rotational-robustness,demixing,near_collinear,near_collinear_subspaces,condition_mean,raw_cartesian_failure_label_fraction,,0,21,0,ok,,,demixing-rotational-robustness/results.csv,failures are invalid plus nonconvergence; denominator is all task/scenario/method raw Cartesian rows
failure_pattern|demixing-rotational-robustness|demixing|near_collinear|factorial_design_diagnostic|conditional_failure_rate|,failure_pattern,demixing-rotational-robustness,demixing,near_collinear,near_collinear_subspaces,factorial_design_diagnostic,conditional_failure_rate,,0,3,0,ok,,,demixing-rotational-robustness/results.csv,failures are invalid plus nonconvergence; denominator is ok plus invalid plus nonconvergence rows
failure_pattern|demixing-rotational-robustness|demixing|near_collinear|factorial_design_diagnostic|raw_cartesian_failure_label_fraction|,failure_pattern,demixing-rotational-robustness,demixing,near_collinear,near_collinear_subspaces,factorial_design_diagnostic,raw_cartesian_failure_label_fraction,,0,21,0,ok,,,demixing-rotational-robustness/results.csv,failures are invalid plus nonconvergence; denominator is all task/scenario/method raw Cartesian rows
failure_pattern|demixing-rotational-robustness|demixing|near_collinear|marginal_pca|conditional_failure_rate|,failure_pattern,demixing-rotational-robustness,demixing,near_collinear,near_collinear_subspaces,marginal_pca,conditional_failure_rate,,0,12,0,ok,,,demixing-rotational-robustness/results.csv,failures are invalid plus nonconvergence; denominator is ok plus invalid plus nonconvergence rows
failure_pattern|demixing-rotational-robustness|demixing|near_collinear|marginal_pca|raw_cartesian_failure_label_fraction|,failure_pattern,demixing-rotational-robustness,demixing,near_collinear,near_collinear_subspaces,marginal_pca,raw_cartesian_failure_label_fraction,,0,21,0,ok,,,demixing-rotational-robustness/results.csv,failures are invalid plus nonconvergence; denominator is all task/scenario/method raw Cartesian rows
failure_pattern|demixing-rotational-robustness|demixing|near_collinear|pca|conditional_failure_rate|,failure_pattern,demixing-rotational-robustness,demixing,near_collinear,near_collinear_subspaces,pca,conditional_failure_rate,,0,12,0,ok,,,demixing-rotational-robustness/results.csv,failures are invalid plus nonconvergence; denominator is ok plus invalid plus nonconvergence rows
failure_pattern|demixing-rotational-robustness|demixing|near_collinear|pca|raw_cartesian_failure_label_fraction|,failure_pattern,demixing-rotational-robustness,demixing,near_collinear,near_collinear_subspaces,pca,raw_cartesian_failure_label_fraction,,0,21,0,ok,,,demixing-rotational-robustness/results.csv,failures are invalid plus nonconvergence; denominator is all task/scenario/method raw Cartesian rows
failure_pattern|demixing-rotational-robustness|demixing|near_collinear|ridge_decoder|conditional_failure_rate|,failure_pattern,demixing-rotational-robustness,demixing,near_collinear,near_collinear_subspaces,ridge_decoder,conditional_failure_rate,,0,6,0,ok,,,demixing-rotational-robustness/results.csv,failures are invalid plus nonconvergence; denominator is ok plus invalid plus nonconvergence rows
failure_pattern|demixing-rotational-robustness|demixing|near_collinear|ridge_decoder|raw_cartesian_failure_label_fraction|,failure_pattern,demixing-rotational-robustness,demixing,near_collinear,near_collinear_subspaces,ridge_decoder,raw_cartesian_failure_label_fraction,,0,21,0,ok,,,demixing-rotational-robustness/results.csv,failures are invalid plus nonconvergence; denominator is all task/scenario/method raw Cartesian rows
failure_pattern|demixing-rotational-robustness|demixing|near_collinear|selected_dpca|conditional_failure_rate|,failure_pattern,demixing-rotational-robustness,demixing,near_collinear,near_collinear_subspaces,selected_dpca,conditional_failure_rate,,0,12,0,ok,,,demixing-rotational-robustness/results.csv,failures are invalid plus nonconvergence; denominator is ok plus invalid plus nonconvergence rows
failure_pattern|demixing-rotational-robustness|demixing|near_collinear|selected_dpca|raw_cartesian_failure_label_fraction|,failure_pattern,demixing-rotational-robustness,demixing,near_collinear,near_collinear_subspaces,selected_dpca,raw_cartesian_failure_label_fraction,,0,21,0,ok,,,demixing-rotational-robustness/results.csv,failures are invalid plus nonconvergence; denominator is all task/scenario/method raw Cartesian rows
failure_pattern|demixing-rotational-robustness|demixing|near_collinear|shuffled_decoder_control|conditional_failure_rate|,failure_pattern,demixing-rotational-robustness,demixing,near_collinear,near_collinear_subspaces,shuffled_decoder_control,conditional_failure_rate,,0,6,0,ok,,,demixing-rotational-robustness/results.csv,failures are invalid plus nonconvergence; denominator is ok plus invalid plus nonconvergence rows
failure_pattern|demixing-rotational-robustness|demixing|near_collinear|shuffled_decoder_control|raw_cartesian_failure_label_fraction|,failure_pattern,demixing-rotational-robustness,demixing,near_collinear,near_collinear_subspaces,shuffled_decoder_control,raw_cartesian_failure_label_fraction,,0,21,0,ok,,,demixing-rotational-robustness/results.csv,failures are invalid plus nonconvergence; denominator is all task/scenario/method raw Cartesian rows
failure_pattern|demixing-rotational-robustness|demixing|near_collinear|shuffled_dpca_control|conditional_failure_rate|,failure_pattern,demixing-rotational-robustness,demixing,near_collinear,near_collinear_subspaces,shuffled_dpca_control,conditional_failure_rate,,0,12,0,ok,,,demixing-rotational-robustness/results.csv,failures are invalid plus nonconvergence; denominator is ok plus invalid plus nonconvergence rows
failure_pattern|demixing-rotational-robustness|demixing|near_collinear|shuffled_dpca_control|raw_cartesian_failure_label_fraction|,failure_pattern,demixing-rotational-robustness,demixing,near_collinear,near_collinear_subspaces,shuffled_dpca_control,raw_cartesian_failure_label_fraction,,0,21,0,ok,,,demixing-rotational-robustness/results.csv,failures are invalid plus nonconvergence; denominator is all task/scenario/method raw Cartesian rows
failure_pattern|demixing-rotational-robustness|demixing|pseudo_population|condition_mean|conditional_failure_rate|,failure_pattern,demixing-rotational-robustness,demixing,pseudo_population,pseudo_population,condition_mean,conditional_failure_rate,,0,6,0,ok,,,demixing-rotational-robustness/results.csv,failures are invalid plus nonconvergence; denominator is ok plus invalid plus nonconvergence rows
failure_pattern|demixing-rotational-robustness|demixing|pseudo_population|condition_mean|raw_cartesian_failure_label_fraction|,failure_pattern,demixing-rotational-robustness,demixing,pseudo_population,pseudo_population,condition_mean,raw_cartesian_failure_label_fraction,,0,21,0,ok,,,demixing-rotational-robustness/results.csv,failures are invalid plus nonconvergence; denominator is all task/scenario/method raw Cartesian rows
failure_pattern|demixing-rotational-robustness|demixing|pseudo_population|factorial_design_diagnostic|conditional_failure_rate|,failure_pattern,demixing-rotational-robustness,demixing,pseudo_population,pseudo_population,factorial_design_diagnostic,conditional_failure_rate,,0,3,0,ok,,,demixing-rotational-robustness/results.csv,failures are invalid plus nonconvergence; denominator is ok plus invalid plus nonconvergence rows
failure_pattern|demixing-rotational-robustness|demixing|pseudo_population|factorial_design_diagnostic|raw_cartesian_failure_label_fraction|,failure_pattern,demixing-rotational-robustness,demixing,pseudo_population,pseudo_population,factorial_design_diagnostic,raw_cartesian_failure_label_fraction,,0,21,0,ok,,,demixing-rotational-robustness/results.csv,failures are invalid plus nonconvergence; denominator is all task/scenario/method raw Cartesian rows
failure_pattern|demixing-rotational-robustness|demixing|pseudo_population|marginal_pca|conditional_failure_rate|,failure_pattern,demixing-rotational-robustness,demixing,pseudo_population,pseudo_population,marginal_pca,conditional_failure_rate,,0,12,0,ok,,,demixing-rotational-robustness/results.csv,failures are invalid plus nonconvergence; denominator is ok plus invalid plus nonconvergence rows
failure_pattern|demixing-rotational-robustness|demixing|pseudo_population|marginal_pca|raw_cartesian_failure_label_fraction|,failure_pattern,demixing-rotational-robustness,demixing,pseudo_population,pseudo_population,marginal_pca,raw_cartesian_failure_label_fraction,,0,21,0,ok,,,demixing-rotational-robustness/results.csv,failures are invalid plus nonconvergence; denominator is all task/scenario/method raw Cartesian rows
failure_pattern|demixing-rotational-robustness|demixing|pseudo_population|pca|conditional_failure_rate|,failure_pattern,demixing-rotational-robustness,demixing,pseudo_population,pseudo_population,pca,conditional_failure_rate,,0,12,0,ok,,,demixing-rotational-robustness/results.csv,failures are invalid plus nonconvergence; denominator is ok plus invalid plus nonconvergence rows
failure_pattern|demixing-rotational-robustness|demixing|pseudo_population|pca|raw_cartesian_failure_label_fraction|,failure_pattern,demixing-rotational-robustness,demixing,pseudo_population,pseudo_population,pca,raw_cartesian_failure_label_fraction,,0,21,0,ok,,,demixing-rotational-robustness/results.csv,failures are invalid plus nonconvergence; denominator is all task/scenario/method raw Cartesian rows
failure_pattern|demixing-rotational-robustness|demixing|pseudo_population|ridge_decoder|conditional_failure_rate|,failure_pattern,demixing-rotational-robustness,demixing,pseudo_population,pseudo_population,ridge_decoder,conditional_failure_rate,,0,6,0,ok,,,demixing-rotational-robustness/results.csv,failures are invalid plus nonconvergence; denominator is ok plus invalid plus nonconvergence rows
failure_pattern|demixing-rotational-robustness|demixing|pseudo_population|ridge_decoder|raw_cartesian_failure_label_fraction|,failure_pattern,demixing-rotational-robustness,demixing,pseudo_population,pseudo_population,ridge_decoder,raw_cartesian_failure_label_fraction,,0,21,0,ok,,,demixing-rotational-robustness/results.csv,failures are invalid plus nonconvergence; denominator is all task/scenario/method raw Cartesian rows
failure_pattern|demixing-rotational-robustness|demixing|pseudo_population|selected_dpca|conditional_failure_rate|,failure_pattern,demixing-rotational-robustness,demixing,pseudo_population,pseudo_population,selected_dpca,conditional_failure_rate,,0,12,0,ok,,,demixing-rotational-robustness/results.csv,failures are invalid plus nonconvergence; denominator is ok plus invalid plus nonconvergence rows
failure_pattern|demixing-rotational-robustness|demixing|pseudo_population|selected_dpca|raw_cartesian_failure_label_fraction|,failure_pattern,demixing-rotational-robustness,demixing,pseudo_population,pseudo_population,selected_dpca,raw_cartesian_failure_label_fraction,,0,21,0,ok,,,demixing-rotational-robustness/results.csv,failures are invalid plus nonconvergence; denominator is all task/scenario/method raw Cartesian rows
failure_pattern|demixing-rotational-robustness|demixing|pseudo_population|shuffled_decoder_control|conditional_failure_rate|,failure_pattern,demixing-rotational-robustness,demixing,pseudo_population,pseudo_population,shuffled_decoder_control,conditional_failure_rate,,0,6,0,ok,,,demixing-rotational-robustness/results.csv,failures are invalid plus nonconvergence; denominator is ok plus invalid plus nonconvergence rows
failure_pattern|demixing-rotational-robustness|demixing|pseudo_population|shuffled_decoder_control|raw_cartesian_failure_label_fraction|,failure_pattern,demixing-rotational-robustness,demixing,pseudo_population,pseudo_population,shuffled_decoder_control,raw_cartesian_failure_label_fraction,,0,21,0,ok,,,demixing-rotational-robustness/results.csv,failures are invalid plus nonconvergence; denominator is all task/scenario/method raw Cartesian rows
failure_pattern|demixing-rotational-robustness|demixing|pseudo_population|shuffled_dpca_control|conditional_failure_rate|,failure_pattern,demixing-rotational-robustness,demixing,pseudo_population,pseudo_population,shuffled_dpca_control,conditional_failure_rate,,0,12,0,ok,,,demixing-rotational-robustness/results.csv,failures are invalid plus nonconvergence; denominator is ok plus invalid plus nonconvergence rows
failure_pattern|demixing-rotational-robustness|demixing|pseudo_population|shuffled_dpca_control|raw_cartesian_failure_label_fraction|,failure_pattern,demixing-rotational-robustness,demixing,pseudo_population,pseudo_population,shuffled_dpca_control,raw_cartesian_failure_label_fraction,,0,21,0,ok,,,demixing-rotational-robustness/results.csv,failures are invalid plus nonconvergence; denominator is all task/scenario/method raw Cartesian rows
failure_pattern|demixing-rotational-robustness|demixing|small_sample|condition_mean|conditional_failure_rate|,failure_pattern,demixing-rotational-robustness,demixing,small_sample,sample_size,condition_mean,conditional_failure_rate,,0,6,0,ok,,,demixing-rotational-robustness/results.csv,failures are invalid plus nonconvergence; denominator is ok plus invalid plus nonconvergence rows
failure_pattern|demixing-rotational-robustness|demixing|small_sample|condition_mean|raw_cartesian_failure_label_fraction|,failure_pattern,demixing-rotational-robustness,demixing,small_sample,sample_size,condition_mean,raw_cartesian_failure_label_fraction,,0,21,0,ok,,,demixing-rotational-robustness/results.csv,failures are invalid plus nonconvergence; denominator is all task/scenario/method raw Cartesian rows
failure_pattern|demixing-rotational-robustness|demixing|small_sample|factorial_design_diagnostic|conditional_failure_rate|,failure_pattern,demixing-rotational-robustness,demixing,small_sample,sample_size,factorial_design_diagnostic,conditional_failure_rate,,0,3,0,ok,,,demixing-rotational-robustness/results.csv,failures are invalid plus nonconvergence; denominator is ok plus invalid plus nonconvergence rows
failure_pattern|demixing-rotational-robustness|demixing|small_sample|factorial_design_diagnostic|raw_cartesian_failure_label_fraction|,failure_pattern,demixing-rotational-robustness,demixing,small_sample,sample_size,factorial_design_diagnostic,raw_cartesian_failure_label_fraction,,0,21,0,ok,,,demixing-rotational-robustness/results.csv,failures are invalid plus nonconvergence; denominator is all task/scenario/method raw Cartesian rows
failure_pattern|demixing-rotational-robustness|demixing|small_sample|marginal_pca|conditional_failure_rate|,failure_pattern,demixing-rotational-robustness,demixing,small_sample,sample_size,marginal_pca,conditional_failure_rate,,0,12,0,ok,,,demixing-rotational-robustness/results.csv,failures are invalid plus nonconvergence; denominator is ok plus invalid plus nonconvergence rows
failure_pattern|demixing-rotational-robustness|demixing|small_sample|marginal_pca|raw_cartesian_failure_label_fraction|,failure_pattern,demixing-rotational-robustness,demixing,small_sample,sample_size,marginal_pca,raw_cartesian_failure_label_fraction,,0,21,0,ok,,,demixing-rotational-robustness/results.csv,failures are invalid plus nonconvergence; denominator is all task/scenario/method raw Cartesian rows
failure_pattern|demixing-rotational-robustness|demixing|small_sample|pca|conditional_failure_rate|,failure_pattern,demixing-rotational-robustness,demixing,small_sample,sample_size,pca,conditional_failure_rate,,0,12,0,ok,,,demixing-rotational-robustness/results.csv,failures are invalid plus nonconvergence; denominator is ok plus invalid plus nonconvergence rows
failure_pattern|demixing-rotational-robustness|demixing|small_sample|pca|raw_cartesian_failure_label_fraction|,failure_pattern,demixing-rotational-robustness,demixing,small_sample,sample_size,pca,raw_cartesian_failure_label_fraction,,0,21,0,ok,,,demixing-rotational-robustness/results.csv,failures are invalid plus nonconvergence; denominator is all task/scenario/method raw Cartesian rows
failure_pattern|demixing-rotational-robustness|demixing|small_sample|ridge_decoder|conditional_failure_rate|,failure_pattern,demixing-rotational-robustness,demixing,small_sample,sample_size,ridge_decoder,conditional_failure_rate,,0,6,0,ok,,,demixing-rotational-robustness/results.csv,failures are invalid plus nonconvergence; denominator is ok plus invalid plus nonconvergence rows
failure_pattern|demixing-rotational-robustness|demixing|small_sample|ridge_decoder|raw_cartesian_failure_label_fraction|,failure_pattern,demixing-rotational-robustness,demixing,small_sample,sample_size,ridge_decoder,raw_cartesian_failure_label_fraction,,0,21,0,ok,,,demixing-rotational-robustness/results.csv,failures are invalid plus nonconvergence; denominator is all task/scenario/method raw Cartesian rows
failure_pattern|demixing-rotational-robustness|demixing|small_sample|selected_dpca|conditional_failure_rate|,failure_pattern,demixing-rotational-robustness,demixing,small_sample,sample_size,selected_dpca,conditional_failure_rate,,0,12,0,ok,,,demixing-rotational-robustness/results.csv,failures are invalid plus nonconvergence; denominator is ok plus invalid plus nonconvergence rows
failure_pattern|demixing-rotational-robustness|demixing|small_sample|selected_dpca|raw_cartesian_failure_label_fraction|,failure_pattern,demixing-rotational-robustness,demixing,small_sample,sample_size,selected_dpca,raw_cartesian_failure_label_fraction,,0,21,0,ok,,,demixing-rotational-robustness/results.csv,failures are invalid plus nonconvergence; denominator is all task/scenario/method raw Cartesian rows
failure_pattern|demixing-rotational-robustness|demixing|small_sample|shuffled_decoder_control|conditional_failure_rate|,failure_pattern,demixing-rotational-robustness,demixing,small_sample,sample_size,shuffled_decoder_control,conditional_failure_rate,,0,6,0,ok,,,demixing-rotational-robustness/results.csv,failures are invalid plus nonconvergence; denominator is ok plus invalid plus nonconvergence rows
failure_pattern|demixing-rotational-robustness|demixing|small_sample|shuffled_decoder_control|raw_cartesian_failure_label_fraction|,failure_pattern,demixing-rotational-robustness,demixing,small_sample,sample_size,shuffled_decoder_control,raw_cartesian_failure_label_fraction,,0,21,0,ok,,,demixing-rotational-robustness/results.csv,failures are invalid plus nonconvergence; denominator is all task/scenario/method raw Cartesian rows
failure_pattern|demixing-rotational-robustness|demixing|small_sample|shuffled_dpca_control|conditional_failure_rate|,failure_pattern,demixing-rotational-robustness,demixing,small_sample,sample_size,shuffled_dpca_control,conditional_failure_rate,,0,12,0,ok,,,demixing-rotational-robustness/results.csv,failures are invalid plus nonconvergence; denominator is ok plus invalid plus nonconvergence rows
failure_pattern|demixing-rotational-robustness|demixing|small_sample|shuffled_dpca_control|raw_cartesian_failure_label_fraction|,failure_pattern,demixing-rotational-robustness,demixing,small_sample,sample_size,shuffled_dpca_control,raw_cartesian_failure_label_fraction,,0,21,0,ok,,,demixing-rotational-robustness/results.csv,failures are invalid plus nonconvergence; denominator is all task/scenario/method raw Cartesian rows
failure_pattern|demixing-rotational-robustness|demixing|unbalanced_cells|condition_mean|conditional_failure_rate|,failure_pattern,demixing-rotational-robustness,demixing,unbalanced_cells,missing_unbalanced_cells,condition_mean,conditional_failure_rate,,0,6,0,ok,,,demixing-rotational-robustness/results.csv,failures are invalid plus nonconvergence; denominator is ok plus invalid plus nonconvergence rows
failure_pattern|demixing-rotational-robustness|demixing|unbalanced_cells|condition_mean|raw_cartesian_failure_label_fraction|,failure_pattern,demixing-rotational-robustness,demixing,unbalanced_cells,missing_unbalanced_cells,condition_mean,raw_cartesian_failure_label_fraction,,0,21,0,ok,,,demixing-rotational-robustness/results.csv,failures are invalid plus nonconvergence; denominator is all task/scenario/method raw Cartesian rows
failure_pattern|demixing-rotational-robustness|demixing|unbalanced_cells|factorial_design_diagnostic|conditional_failure_rate|,failure_pattern,demixing-rotational-robustness,demixing,unbalanced_cells,missing_unbalanced_cells,factorial_design_diagnostic,conditional_failure_rate,,0,3,0,ok,,,demixing-rotational-robustness/results.csv,failures are invalid plus nonconvergence; denominator is ok plus invalid plus nonconvergence rows
failure_pattern|demixing-rotational-robustness|demixing|unbalanced_cells|factorial_design_diagnostic|raw_cartesian_failure_label_fraction|,failure_pattern,demixing-rotational-robustness,demixing,unbalanced_cells,missing_unbalanced_cells,factorial_design_diagnostic,raw_cartesian_failure_label_fraction,,0,21,0,ok,,,demixing-rotational-robustness/results.csv,failures are invalid plus nonconvergence; denominator is all task/scenario/method raw Cartesian rows
failure_pattern|demixing-rotational-robustness|demixing|unbalanced_cells|marginal_pca|conditional_failure_rate|,failure_pattern,demixing-rotational-robustness,demixing,unbalanced_cells,missing_unbalanced_cells,marginal_pca,conditional_failure_rate,,0,12,0,ok,,,demixing-rotational-robustness/results.csv,failures are invalid plus nonconvergence; denominator is ok plus invalid plus nonconvergence rows
failure_pattern|demixing-rotational-robustness|demixing|unbalanced_cells|marginal_pca|raw_cartesian_failure_label_fraction|,failure_pattern,demixing-rotational-robustness,demixing,unbalanced_cells,missing_unbalanced_cells,marginal_pca,raw_cartesian_failure_label_fraction,,0,21,0,ok,,,demixing-rotational-robustness/results.csv,failures are invalid plus nonconvergence; denominator is all task/scenario/method raw Cartesian rows
failure_pattern|demixing-rotational-robustness|demixing|unbalanced_cells|pca|conditional_failure_rate|,failure_pattern,demixing-rotational-robustness,demixing,unbalanced_cells,missing_unbalanced_cells,pca,conditional_failure_rate,,0,12,0,ok,,,demixing-rotational-robustness/results.csv,failures are invalid plus nonconvergence; denominator is ok plus invalid plus nonconvergence rows
failure_pattern|demixing-rotational-robustness|demixing|unbalanced_cells|pca|raw_cartesian_failure_label_fraction|,failure_pattern,demixing-rotational-robustness,demixing,unbalanced_cells,missing_unbalanced_cells,pca,raw_cartesian_failure_label_fraction,,0,21,0,ok,,,demixing-rotational-robustness/results.csv,failures are invalid plus nonconvergence; denominator is all task/scenario/method raw Cartesian rows
failure_pattern|demixing-rotational-robustness|demixing|unbalanced_cells|ridge_decoder|conditional_failure_rate|,failure_pattern,demixing-rotational-robustness,demixing,unbalanced_cells,missing_unbalanced_cells,ridge_decoder,conditional_failure_rate,,0,6,0,ok,,,demixing-rotational-robustness/results.csv,failures are invalid plus nonconvergence; denominator is ok plus invalid plus nonconvergence rows
failure_pattern|demixing-rotational-robustness|demixing|unbalanced_cells|ridge_decoder|raw_cartesian_failure_label_fraction|,failure_pattern,demixing-rotational-robustness,demixing,unbalanced_cells,missing_unbalanced_cells,ridge_decoder,raw_cartesian_failure_label_fraction,,0,21,0,ok,,,demixing-rotational-robustness/results.csv,failures are invalid plus nonconvergence; denominator is all task/scenario/method raw Cartesian rows
failure_pattern|demixing-rotational-robustness|demixing|unbalanced_cells|selected_dpca|conditional_failure_rate|,failure_pattern,demixing-rotational-robustness,demixing,unbalanced_cells,missing_unbalanced_cells,selected_dpca,conditional_failure_rate,,0,12,0,ok,,,demixing-rotational-robustness/results.csv,failures are invalid plus nonconvergence; denominator is ok plus invalid plus nonconvergence rows
failure_pattern|demixing-rotational-robustness|demixing|unbalanced_cells|selected_dpca|raw_cartesian_failure_label_fraction|,failure_pattern,demixing-rotational-robustness,demixing,unbalanced_cells,missing_unbalanced_cells,selected_dpca,raw_cartesian_failure_label_fraction,,0,21,0,ok,,,demixing-rotational-robustness/results.csv,failures are invalid plus nonconvergence; denominator is all task/scenario/method raw Cartesian rows
failure_pattern|demixing-rotational-robustness|demixing|unbalanced_cells|shuffled_decoder_control|conditional_failure_rate|,failure_pattern,demixing-rotational-robustness,demixing,unbalanced_cells,missing_unbalanced_cells,shuffled_decoder_control,conditional_failure_rate,,0,6,0,ok,,,demixing-rotational-robustness/results.csv,failures are invalid plus nonconvergence; denominator is ok plus invalid plus nonconvergence rows
failure_pattern|demixing-rotational-robustness|demixing|unbalanced_cells|shuffled_decoder_control|raw_cartesian_failure_label_fraction|,failure_pattern,demixing-rotational-robustness,demixing,unbalanced_cells,missing_unbalanced_cells,shuffled_decoder_control,raw_cartesian_failure_label_fraction,,0,21,0,ok,,,demixing-rotational-robustness/results.csv,failures are invalid plus nonconvergence; denominator is all task/scenario/method raw Cartesian rows
failure_pattern|demixing-rotational-robustness|demixing|unbalanced_cells|shuffled_dpca_control|conditional_failure_rate|,failure_pattern,demixing-rotational-robustness,demixing,unbalanced_cells,missing_unbalanced_cells,shuffled_dpca_control,conditional_failure_rate,,0,12,0,ok,,,demixing-rotational-robustness/results.csv,failures are invalid plus nonconvergence; denominator is ok plus invalid plus nonconvergence rows
failure_pattern|demixing-rotational-robustness|demixing|unbalanced_cells|shuffled_dpca_control|raw_cartesian_failure_label_fraction|,failure_pattern,demixing-rotational-robustness,demixing,unbalanced_cells,missing_unbalanced_cells,shuffled_dpca_control,raw_cartesian_failure_label_fraction,,0,21,0,ok,,,demixing-rotational-robustness/results.csv,failures are invalid plus nonconvergence; denominator is all task/scenario/method raw Cartesian rows
failure_pattern|demixing-rotational-robustness|rotation|clean_rotation|covariance_shuffle_control|conditional_failure_rate|,failure_pattern,demixing-rotational-robustness,rotation,clean_rotation,clean_rotation,covariance_shuffle_control,conditional_failure_rate,,0,9,0,ok,,,demixing-rotational-robustness/results.csv,failures are invalid plus nonconvergence; denominator is ok plus invalid plus nonconvergence rows
failure_pattern|demixing-rotational-robustness|rotation|clean_rotation|covariance_shuffle_control|raw_cartesian_failure_label_fraction|,failure_pattern,demixing-rotational-robustness,rotation,clean_rotation,clean_rotation,covariance_shuffle_control,raw_cartesian_failure_label_fraction,,0,15,0,ok,,,demixing-rotational-robustness/results.csv,failures are invalid plus nonconvergence; denominator is all task/scenario/method raw Cartesian rows
failure_pattern|demixing-rotational-robustness|rotation|clean_rotation|fixed_plane|conditional_failure_rate|,failure_pattern,demixing-rotational-robustness,rotation,clean_rotation,clean_rotation,fixed_plane,conditional_failure_rate,,0,6,0,ok,,,demixing-rotational-robustness/results.csv,failures are invalid plus nonconvergence; denominator is ok plus invalid plus nonconvergence rows
failure_pattern|demixing-rotational-robustness|rotation|clean_rotation|fixed_plane|raw_cartesian_failure_label_fraction|,failure_pattern,demixing-rotational-robustness,rotation,clean_rotation,clean_rotation,fixed_plane,raw_cartesian_failure_label_fraction,,0,15,0,ok,,,demixing-rotational-robustness/results.csv,failures are invalid plus nonconvergence; denominator is all task/scenario/method raw Cartesian rows
failure_pattern|demixing-rotational-robustness|rotation|clean_rotation|input_aware_fit|conditional_failure_rate|,failure_pattern,demixing-rotational-robustness,rotation,clean_rotation,clean_rotation,input_aware_fit,conditional_failure_rate,,0,3,0,ok,,,demixing-rotational-robustness/results.csv,failures are invalid plus nonconvergence; denominator is ok plus invalid plus nonconvergence rows
failure_pattern|demixing-rotational-robustness|rotation|clean_rotation|input_aware_fit|raw_cartesian_failure_label_fraction|,failure_pattern,demixing-rotational-robustness,rotation,clean_rotation,clean_rotation,input_aware_fit,raw_cartesian_failure_label_fraction,,0,15,0,ok,,,demixing-rotational-robustness/results.csv,failures are invalid plus nonconvergence; denominator is all task/scenario/method raw Cartesian rows
failure_pattern|demixing-rotational-robustness|rotation|clean_rotation|pca_plane|conditional_failure_rate|,failure_pattern,demixing-rotational-robustness,rotation,clean_rotation,clean_rotation,pca_plane,conditional_failure_rate,,0,6,0,ok,,,demixing-rotational-robustness/results.csv,failures are invalid plus nonconvergence; denominator is ok plus invalid plus nonconvergence rows
failure_pattern|demixing-rotational-robustness|rotation|clean_rotation|pca_plane|raw_cartesian_failure_label_fraction|,failure_pattern,demixing-rotational-robustness,rotation,clean_rotation,clean_rotation,pca_plane,raw_cartesian_failure_label_fraction,,0,15,0,ok,,,demixing-rotational-robustness/results.csv,failures are invalid plus nonconvergence; denominator is all task/scenario/method raw Cartesian rows
failure_pattern|demixing-rotational-robustness|rotation|clean_rotation|random_plane|conditional_failure_rate|,failure_pattern,demixing-rotational-robustness,rotation,clean_rotation,clean_rotation,random_plane,conditional_failure_rate,,0,6,0,ok,,,demixing-rotational-robustness/results.csv,failures are invalid plus nonconvergence; denominator is ok plus invalid plus nonconvergence rows
failure_pattern|demixing-rotational-robustness|rotation|clean_rotation|random_plane|raw_cartesian_failure_label_fraction|,failure_pattern,demixing-rotational-robustness,rotation,clean_rotation,clean_rotation,random_plane,raw_cartesian_failure_label_fraction,,0,15,0,ok,,,demixing-rotational-robustness/results.csv,failures are invalid plus nonconvergence; denominator is all task/scenario/method raw Cartesian rows
failure_pattern|demixing-rotational-robustness|rotation|clean_rotation|skew_fit|conditional_failure_rate|,failure_pattern,demixing-rotational-robustness,rotation,clean_rotation,clean_rotation,skew_fit,conditional_failure_rate,,0,12,0,ok,,,demixing-rotational-robustness/results.csv,failures are invalid plus nonconvergence; denominator is ok plus invalid plus nonconvergence rows
failure_pattern|demixing-rotational-robustness|rotation|clean_rotation|skew_fit|raw_cartesian_failure_label_fraction|,failure_pattern,demixing-rotational-robustness,rotation,clean_rotation,clean_rotation,skew_fit,raw_cartesian_failure_label_fraction,,0,15,0,ok,,,demixing-rotational-robustness/results.csv,failures are invalid plus nonconvergence; denominator is all task/scenario/method raw Cartesian rows
failure_pattern|demixing-rotational-robustness|rotation|clean_rotation|symmetric_fit|conditional_failure_rate|,failure_pattern,demixing-rotational-robustness,rotation,clean_rotation,clean_rotation,symmetric_fit,conditional_failure_rate,,0,3,0,ok,,,demixing-rotational-robustness/results.csv,failures are invalid plus nonconvergence; denominator is ok plus invalid plus nonconvergence rows
failure_pattern|demixing-rotational-robustness|rotation|clean_rotation|symmetric_fit|raw_cartesian_failure_label_fraction|,failure_pattern,demixing-rotational-robustness,rotation,clean_rotation,clean_rotation,symmetric_fit,raw_cartesian_failure_label_fraction,,0,15,0,ok,,,demixing-rotational-robustness/results.csv,failures are invalid plus nonconvergence; denominator is all task/scenario/method raw Cartesian rows
failure_pattern|demixing-rotational-robustness|rotation|clean_rotation|unrestricted_fit|conditional_failure_rate|,failure_pattern,demixing-rotational-robustness,rotation,clean_rotation,clean_rotation,unrestricted_fit,conditional_failure_rate,,0,12,0,ok,,,demixing-rotational-robustness/results.csv,failures are invalid plus nonconvergence; denominator is ok plus invalid plus nonconvergence rows
failure_pattern|demixing-rotational-robustness|rotation|clean_rotation|unrestricted_fit|raw_cartesian_failure_label_fraction|,failure_pattern,demixing-rotational-robustness,rotation,clean_rotation,clean_rotation,unrestricted_fit,raw_cartesian_failure_label_fraction,,0,15,0,ok,,,demixing-rotational-robustness/results.csv,failures are invalid plus nonconvergence; denominator is all task/scenario/method raw Cartesian rows
failure_pattern|demixing-rotational-robustness|rotation|common_input|covariance_shuffle_control|conditional_failure_rate|,failure_pattern,demixing-rotational-robustness,rotation,common_input,common_input,covariance_shuffle_control,conditional_failure_rate,,0,6,0,ok,,,demixing-rotational-robustness/results.csv,failures are invalid plus nonconvergence; denominator is ok plus invalid plus nonconvergence rows
failure_pattern|demixing-rotational-robustness|rotation|common_input|covariance_shuffle_control|raw_cartesian_failure_label_fraction|,failure_pattern,demixing-rotational-robustness,rotation,common_input,common_input,covariance_shuffle_control,raw_cartesian_failure_label_fraction,,0,15,0,ok,,,demixing-rotational-robustness/results.csv,failures are invalid plus nonconvergence; denominator is all task/scenario/method raw Cartesian rows
failure_pattern|demixing-rotational-robustness|rotation|common_input|fixed_plane|conditional_failure_rate|,failure_pattern,demixing-rotational-robustness,rotation,common_input,common_input,fixed_plane,conditional_failure_rate,,0,3,0,ok,,,demixing-rotational-robustness/results.csv,failures are invalid plus nonconvergence; denominator is ok plus invalid plus nonconvergence rows
failure_pattern|demixing-rotational-robustness|rotation|common_input|fixed_plane|raw_cartesian_failure_label_fraction|,failure_pattern,demixing-rotational-robustness,rotation,common_input,common_input,fixed_plane,raw_cartesian_failure_label_fraction,,0,15,0,ok,,,demixing-rotational-robustness/results.csv,failures are invalid plus nonconvergence; denominator is all task/scenario/method raw Cartesian rows
failure_pattern|demixing-rotational-robustness|rotation|common_input|input_aware_fit|conditional_failure_rate|,failure_pattern,demixing-rotational-robustness,rotation,common_input,common_input,input_aware_fit,conditional_failure_rate,,0,3,0,ok,,,demixing-rotational-robustness/results.csv,failures are invalid plus nonconvergence; denominator is ok plus invalid plus nonconvergence rows
failure_pattern|demixing-rotational-robustness|rotation|common_input|input_aware_fit|raw_cartesian_failure_label_fraction|,failure_pattern,demixing-rotational-robustness,rotation,common_input,common_input,input_aware_fit,raw_cartesian_failure_label_fraction,,0,15,0,ok,,,demixing-rotational-robustness/results.csv,failures are invalid plus nonconvergence; denominator is all task/scenario/method raw Cartesian rows
failure_pattern|demixing-rotational-robustness|rotation|common_input|pca_plane|conditional_failure_rate|,failure_pattern,demixing-rotational-robustness,rotation,common_input,common_input,pca_plane,conditional_failure_rate,,0,3,0,ok,,,demixing-rotational-robustness/results.csv,failures are invalid plus nonconvergence; denominator is ok plus invalid plus nonconvergence rows
failure_pattern|demixing-rotational-robustness|rotation|common_input|pca_plane|raw_cartesian_failure_label_fraction|,failure_pattern,demixing-rotational-robustness,rotation,common_input,common_input,pca_plane,raw_cartesian_failure_label_fraction,,0,15,0,ok,,,demixing-rotational-robustness/results.csv,failures are invalid plus nonconvergence; denominator is all task/scenario/method raw Cartesian rows
failure_pattern|demixing-rotational-robustness|rotation|common_input|random_plane|conditional_failure_rate|,failure_pattern,demixing-rotational-robustness,rotation,common_input,common_input,random_plane,conditional_failure_rate,,0,3,0,ok,,,demixing-rotational-robustness/results.csv,failures are invalid plus nonconvergence; denominator is ok plus invalid plus nonconvergence rows
failure_pattern|demixing-rotational-robustness|rotation|common_input|random_plane|raw_cartesian_failure_label_fraction|,failure_pattern,demixing-rotational-robustness,rotation,common_input,common_input,random_plane,raw_cartesian_failure_label_fraction,,0,15,0,ok,,,demixing-rotational-robustness/results.csv,failures are invalid plus nonconvergence; denominator is all task/scenario/method raw Cartesian rows
failure_pattern|demixing-rotational-robustness|rotation|common_input|skew_fit|conditional_failure_rate|,failure_pattern,demixing-rotational-robustness,rotation,common_input,common_input,skew_fit,conditional_failure_rate,,0,6,0,ok,,,demixing-rotational-robustness/results.csv,failures are invalid plus nonconvergence; denominator is ok plus invalid plus nonconvergence rows
failure_pattern|demixing-rotational-robustness|rotation|common_input|skew_fit|raw_cartesian_failure_label_fraction|,failure_pattern,demixing-rotational-robustness,rotation,common_input,common_input,skew_fit,raw_cartesian_failure_label_fraction,,0,15,0,ok,,,demixing-rotational-robustness/results.csv,failures are invalid plus nonconvergence; denominator is all task/scenario/method raw Cartesian rows
failure_pattern|demixing-rotational-robustness|rotation|common_input|symmetric_fit|conditional_failure_rate|,failure_pattern,demixing-rotational-robustness,rotation,common_input,common_input,symmetric_fit,conditional_failure_rate,,0,3,0,ok,,,demixing-rotational-robustness/results.csv,failures are invalid plus nonconvergence; denominator is ok plus invalid plus nonconvergence rows
failure_pattern|demixing-rotational-robustness|rotation|common_input|symmetric_fit|raw_cartesian_failure_label_fraction|,failure_pattern,demixing-rotational-robustness,rotation,common_input,common_input,symmetric_fit,raw_cartesian_failure_label_fraction,,0,15,0,ok,,,demixing-rotational-robustness/results.csv,failures are invalid plus nonconvergence; denominator is all task/scenario/method raw Cartesian rows
failure_pattern|demixing-rotational-robustness|rotation|common_input|unrestricted_fit|conditional_failure_rate|,failure_pattern,demixing-rotational-robustness,rotation,common_input,common_input,unrestricted_fit,conditional_failure_rate,,0,6,0,ok,,,demixing-rotational-robustness/results.csv,failures are invalid plus nonconvergence; denominator is ok plus invalid plus nonconvergence rows
failure_pattern|demixing-rotational-robustness|rotation|common_input|unrestricted_fit|raw_cartesian_failure_label_fraction|,failure_pattern,demixing-rotational-robustness,rotation,common_input,common_input,unrestricted_fit,raw_cartesian_failure_label_fraction,,0,15,0,ok,,,demixing-rotational-robustness/results.csv,failures are invalid plus nonconvergence; denominator is all task/scenario/method raw Cartesian rows
failure_pattern|demixing-rotational-robustness|rotation|covariance_control|covariance_shuffle_control|conditional_failure_rate|,failure_pattern,demixing-rotational-robustness,rotation,covariance_control,covariance_control,covariance_shuffle_control,conditional_failure_rate,,0,6,0,ok,,,demixing-rotational-robustness/results.csv,failures are invalid plus nonconvergence; denominator is ok plus invalid plus nonconvergence rows
failure_pattern|demixing-rotational-robustness|rotation|covariance_control|covariance_shuffle_control|raw_cartesian_failure_label_fraction|,failure_pattern,demixing-rotational-robustness,rotation,covariance_control,covariance_control,covariance_shuffle_control,raw_cartesian_failure_label_fraction,,0,15,0,ok,,,demixing-rotational-robustness/results.csv,failures are invalid plus nonconvergence; denominator is all task/scenario/method raw Cartesian rows
failure_pattern|demixing-rotational-robustness|rotation|covariance_control|fixed_plane|conditional_failure_rate|,failure_pattern,demixing-rotational-robustness,rotation,covariance_control,covariance_control,fixed_plane,conditional_failure_rate,,0,3,0,ok,,,demixing-rotational-robustness/results.csv,failures are invalid plus nonconvergence; denominator is ok plus invalid plus nonconvergence rows
failure_pattern|demixing-rotational-robustness|rotation|covariance_control|fixed_plane|raw_cartesian_failure_label_fraction|,failure_pattern,demixing-rotational-robustness,rotation,covariance_control,covariance_control,fixed_plane,raw_cartesian_failure_label_fraction,,0,15,0,ok,,,demixing-rotational-robustness/results.csv,failures are invalid plus nonconvergence; denominator is all task/scenario/method raw Cartesian rows
failure_pattern|demixing-rotational-robustness|rotation|covariance_control|input_aware_fit|conditional_failure_rate|,failure_pattern,demixing-rotational-robustness,rotation,covariance_control,covariance_control,input_aware_fit,conditional_failure_rate,,0,3,0,ok,,,demixing-rotational-robustness/results.csv,failures are invalid plus nonconvergence; denominator is ok plus invalid plus nonconvergence rows
failure_pattern|demixing-rotational-robustness|rotation|covariance_control|input_aware_fit|raw_cartesian_failure_label_fraction|,failure_pattern,demixing-rotational-robustness,rotation,covariance_control,covariance_control,input_aware_fit,raw_cartesian_failure_label_fraction,,0,15,0,ok,,,demixing-rotational-robustness/results.csv,failures are invalid plus nonconvergence; denominator is all task/scenario/method raw Cartesian rows
failure_pattern|demixing-rotational-robustness|rotation|covariance_control|pca_plane|conditional_failure_rate|,failure_pattern,demixing-rotational-robustness,rotation,covariance_control,covariance_control,pca_plane,conditional_failure_rate,,0,3,0,ok,,,demixing-rotational-robustness/results.csv,failures are invalid plus nonconvergence; denominator is ok plus invalid plus nonconvergence rows
failure_pattern|demixing-rotational-robustness|rotation|covariance_control|pca_plane|raw_cartesian_failure_label_fraction|,failure_pattern,demixing-rotational-robustness,rotation,covariance_control,covariance_control,pca_plane,raw_cartesian_failure_label_fraction,,0,15,0,ok,,,demixing-rotational-robustness/results.csv,failures are invalid plus nonconvergence; denominator is all task/scenario/method raw Cartesian rows
failure_pattern|demixing-rotational-robustness|rotation|covariance_control|random_plane|conditional_failure_rate|,failure_pattern,demixing-rotational-robustness,rotation,covariance_control,covariance_control,random_plane,conditional_failure_rate,,0,3,0,ok,,,demixing-rotational-robustness/results.csv,failures are invalid plus nonconvergence; denominator is ok plus invalid plus nonconvergence rows
failure_pattern|demixing-rotational-robustness|rotation|covariance_control|random_plane|raw_cartesian_failure_label_fraction|,failure_pattern,demixing-rotational-robustness,rotation,covariance_control,covariance_control,random_plane,raw_cartesian_failure_label_fraction,,0,15,0,ok,,,demixing-rotational-robustness/results.csv,failures are invalid plus nonconvergence; denominator is all task/scenario/method raw Cartesian rows
failure_pattern|demixing-rotational-robustness|rotation|covariance_control|skew_fit|conditional_failure_rate|,failure_pattern,demixing-rotational-robustness,rotation,covariance_control,covariance_control,skew_fit,conditional_failure_rate,,0,6,0,ok,,,demixing-rotational-robustness/results.csv,failures are invalid plus nonconvergence; denominator is ok plus invalid plus nonconvergence rows
failure_pattern|demixing-rotational-robustness|rotation|covariance_control|skew_fit|raw_cartesian_failure_label_fraction|,failure_pattern,demixing-rotational-robustness,rotation,covariance_control,covariance_control,skew_fit,raw_cartesian_failure_label_fraction,,0,15,0,ok,,,demixing-rotational-robustness/results.csv,failures are invalid plus nonconvergence; denominator is all task/scenario/method raw Cartesian rows
failure_pattern|demixing-rotational-robustness|rotation|covariance_control|symmetric_fit|conditional_failure_rate|,failure_pattern,demixing-rotational-robustness,rotation,covariance_control,covariance_control,symmetric_fit,conditional_failure_rate,,0,3,0,ok,,,demixing-rotational-robustness/results.csv,failures are invalid plus nonconvergence; denominator is ok plus invalid plus nonconvergence rows
failure_pattern|demixing-rotational-robustness|rotation|covariance_control|symmetric_fit|raw_cartesian_failure_label_fraction|,failure_pattern,demixing-rotational-robustness,rotation,covariance_control,covariance_control,symmetric_fit,raw_cartesian_failure_label_fraction,,0,15,0,ok,,,demixing-rotational-robustness/results.csv,failures are invalid plus nonconvergence; denominator is all task/scenario/method raw Cartesian rows
failure_pattern|demixing-rotational-robustness|rotation|covariance_control|unrestricted_fit|conditional_failure_rate|,failure_pattern,demixing-rotational-robustness,rotation,covariance_control,covariance_control,unrestricted_fit,conditional_failure_rate,,0,6,0,ok,,,demixing-rotational-robustness/results.csv,failures are invalid plus nonconvergence; denominator is ok plus invalid plus nonconvergence rows
failure_pattern|demixing-rotational-robustness|rotation|covariance_control|unrestricted_fit|raw_cartesian_failure_label_fraction|,failure_pattern,demixing-rotational-robustness,rotation,covariance_control,covariance_control,unrestricted_fit,raw_cartesian_failure_label_fraction,,0,15,0,ok,,,demixing-rotational-robustness/results.csv,failures are invalid plus nonconvergence; denominator is all task/scenario/method raw Cartesian rows
failure_pattern|demixing-rotational-robustness|rotation|latency_sequence|covariance_shuffle_control|conditional_failure_rate|,failure_pattern,demixing-rotational-robustness,rotation,latency_sequence,latency,covariance_shuffle_control,conditional_failure_rate,,0,6,0,ok,,,demixing-rotational-robustness/results.csv,failures are invalid plus nonconvergence; denominator is ok plus invalid plus nonconvergence rows
failure_pattern|demixing-rotational-robustness|rotation|latency_sequence|covariance_shuffle_control|raw_cartesian_failure_label_fraction|,failure_pattern,demixing-rotational-robustness,rotation,latency_sequence,latency,covariance_shuffle_control,raw_cartesian_failure_label_fraction,,0,15,0,ok,,,demixing-rotational-robustness/results.csv,failures are invalid plus nonconvergence; denominator is all task/scenario/method raw Cartesian rows
failure_pattern|demixing-rotational-robustness|rotation|latency_sequence|fixed_plane|conditional_failure_rate|,failure_pattern,demixing-rotational-robustness,rotation,latency_sequence,latency,fixed_plane,conditional_failure_rate,,0,3,0,ok,,,demixing-rotational-robustness/results.csv,failures are invalid plus nonconvergence; denominator is ok plus invalid plus nonconvergence rows
failure_pattern|demixing-rotational-robustness|rotation|latency_sequence|fixed_plane|raw_cartesian_failure_label_fraction|,failure_pattern,demixing-rotational-robustness,rotation,latency_sequence,latency,fixed_plane,raw_cartesian_failure_label_fraction,,0,15,0,ok,,,demixing-rotational-robustness/results.csv,failures are invalid plus nonconvergence; denominator is all task/scenario/method raw Cartesian rows
failure_pattern|demixing-rotational-robustness|rotation|latency_sequence|input_aware_fit|conditional_failure_rate|,failure_pattern,demixing-rotational-robustness,rotation,latency_sequence,latency,input_aware_fit,conditional_failure_rate,,0,3,0,ok,,,demixing-rotational-robustness/results.csv,failures are invalid plus nonconvergence; denominator is ok plus invalid plus nonconvergence rows
failure_pattern|demixing-rotational-robustness|rotation|latency_sequence|input_aware_fit|raw_cartesian_failure_label_fraction|,failure_pattern,demixing-rotational-robustness,rotation,latency_sequence,latency,input_aware_fit,raw_cartesian_failure_label_fraction,,0,15,0,ok,,,demixing-rotational-robustness/results.csv,failures are invalid plus nonconvergence; denominator is all task/scenario/method raw Cartesian rows
failure_pattern|demixing-rotational-robustness|rotation|latency_sequence|pca_plane|conditional_failure_rate|,failure_pattern,demixing-rotational-robustness,rotation,latency_sequence,latency,pca_plane,conditional_failure_rate,,0,3,0,ok,,,demixing-rotational-robustness/results.csv,failures are invalid plus nonconvergence; denominator is ok plus invalid plus nonconvergence rows
failure_pattern|demixing-rotational-robustness|rotation|latency_sequence|pca_plane|raw_cartesian_failure_label_fraction|,failure_pattern,demixing-rotational-robustness,rotation,latency_sequence,latency,pca_plane,raw_cartesian_failure_label_fraction,,0,15,0,ok,,,demixing-rotational-robustness/results.csv,failures are invalid plus nonconvergence; denominator is all task/scenario/method raw Cartesian rows
failure_pattern|demixing-rotational-robustness|rotation|latency_sequence|random_plane|conditional_failure_rate|,failure_pattern,demixing-rotational-robustness,rotation,latency_sequence,latency,random_plane,conditional_failure_rate,,0,3,0,ok,,,demixing-rotational-robustness/results.csv,failures are invalid plus nonconvergence; denominator is ok plus invalid plus nonconvergence rows
failure_pattern|demixing-rotational-robustness|rotation|latency_sequence|random_plane|raw_cartesian_failure_label_fraction|,failure_pattern,demixing-rotational-robustness,rotation,latency_sequence,latency,random_plane,raw_cartesian_failure_label_fraction,,0,15,0,ok,,,demixing-rotational-robustness/results.csv,failures are invalid plus nonconvergence; denominator is all task/scenario/method raw Cartesian rows
failure_pattern|demixing-rotational-robustness|rotation|latency_sequence|skew_fit|conditional_failure_rate|,failure_pattern,demixing-rotational-robustness,rotation,latency_sequence,latency,skew_fit,conditional_failure_rate,,0,6,0,ok,,,demixing-rotational-robustness/results.csv,failures are invalid plus nonconvergence; denominator is ok plus invalid plus nonconvergence rows
failure_pattern|demixing-rotational-robustness|rotation|latency_sequence|skew_fit|raw_cartesian_failure_label_fraction|,failure_pattern,demixing-rotational-robustness,rotation,latency_sequence,latency,skew_fit,raw_cartesian_failure_label_fraction,,0,15,0,ok,,,demixing-rotational-robustness/results.csv,failures are invalid plus nonconvergence; denominator is all task/scenario/method raw Cartesian rows
failure_pattern|demixing-rotational-robustness|rotation|latency_sequence|symmetric_fit|conditional_failure_rate|,failure_pattern,demixing-rotational-robustness,rotation,latency_sequence,latency,symmetric_fit,conditional_failure_rate,,0,3,0,ok,,,demixing-rotational-robustness/results.csv,failures are invalid plus nonconvergence; denominator is ok plus invalid plus nonconvergence rows
failure_pattern|demixing-rotational-robustness|rotation|latency_sequence|symmetric_fit|raw_cartesian_failure_label_fraction|,failure_pattern,demixing-rotational-robustness,rotation,latency_sequence,latency,symmetric_fit,raw_cartesian_failure_label_fraction,,0,15,0,ok,,,demixing-rotational-robustness/results.csv,failures are invalid plus nonconvergence; denominator is all task/scenario/method raw Cartesian rows
failure_pattern|demixing-rotational-robustness|rotation|latency_sequence|unrestricted_fit|conditional_failure_rate|,failure_pattern,demixing-rotational-robustness,rotation,latency_sequence,latency,unrestricted_fit,conditional_failure_rate,,0,6,0,ok,,,demixing-rotational-robustness/results.csv,failures are invalid plus nonconvergence; denominator is ok plus invalid plus nonconvergence rows
failure_pattern|demixing-rotational-robustness|rotation|latency_sequence|unrestricted_fit|raw_cartesian_failure_label_fraction|,failure_pattern,demixing-rotational-robustness,rotation,latency_sequence,latency,unrestricted_fit,raw_cartesian_failure_label_fraction,,0,15,0,ok,,,demixing-rotational-robustness/results.csv,failures are invalid plus nonconvergence; denominator is all task/scenario/method raw Cartesian rows
failure_pattern|demixing-rotational-robustness|rotation|no_condition_subtraction|covariance_shuffle_control|conditional_failure_rate|,failure_pattern,demixing-rotational-robustness,rotation,no_condition_subtraction,smoothing_subtraction,covariance_shuffle_control,conditional_failure_rate,,0,9,0,ok,,,demixing-rotational-robustness/results.csv,failures are invalid plus nonconvergence; denominator is ok plus invalid plus nonconvergence rows
failure_pattern|demixing-rotational-robustness|rotation|no_condition_subtraction|covariance_shuffle_control|raw_cartesian_failure_label_fraction|,failure_pattern,demixing-rotational-robustness,rotation,no_condition_subtraction,smoothing_subtraction,covariance_shuffle_control,raw_cartesian_failure_label_fraction,,0,15,0,ok,,,demixing-rotational-robustness/results.csv,failures are invalid plus nonconvergence; denominator is all task/scenario/method raw Cartesian rows
failure_pattern|demixing-rotational-robustness|rotation|no_condition_subtraction|fixed_plane|conditional_failure_rate|,failure_pattern,demixing-rotational-robustness,rotation,no_condition_subtraction,smoothing_subtraction,fixed_plane,conditional_failure_rate,,0,6,0,ok,,,demixing-rotational-robustness/results.csv,failures are invalid plus nonconvergence; denominator is ok plus invalid plus nonconvergence rows
failure_pattern|demixing-rotational-robustness|rotation|no_condition_subtraction|fixed_plane|raw_cartesian_failure_label_fraction|,failure_pattern,demixing-rotational-robustness,rotation,no_condition_subtraction,smoothing_subtraction,fixed_plane,raw_cartesian_failure_label_fraction,,0,15,0,ok,,,demixing-rotational-robustness/results.csv,failures are invalid plus nonconvergence; denominator is all task/scenario/method raw Cartesian rows
failure_pattern|demixing-rotational-robustness|rotation|no_condition_subtraction|input_aware_fit|conditional_failure_rate|,failure_pattern,demixing-rotational-robustness,rotation,no_condition_subtraction,smoothing_subtraction,input_aware_fit,conditional_failure_rate,,0,3,0,ok,,,demixing-rotational-robustness/results.csv,failures are invalid plus nonconvergence; denominator is ok plus invalid plus nonconvergence rows
failure_pattern|demixing-rotational-robustness|rotation|no_condition_subtraction|input_aware_fit|raw_cartesian_failure_label_fraction|,failure_pattern,demixing-rotational-robustness,rotation,no_condition_subtraction,smoothing_subtraction,input_aware_fit,raw_cartesian_failure_label_fraction,,0,15,0,ok,,,demixing-rotational-robustness/results.csv,failures are invalid plus nonconvergence; denominator is all task/scenario/method raw Cartesian rows
failure_pattern|demixing-rotational-robustness|rotation|no_condition_subtraction|pca_plane|conditional_failure_rate|,failure_pattern,demixing-rotational-robustness,rotation,no_condition_subtraction,smoothing_subtraction,pca_plane,conditional_failure_rate,,0,6,0,ok,,,demixing-rotational-robustness/results.csv,failures are invalid plus nonconvergence; denominator is ok plus invalid plus nonconvergence rows
failure_pattern|demixing-rotational-robustness|rotation|no_condition_subtraction|pca_plane|raw_cartesian_failure_label_fraction|,failure_pattern,demixing-rotational-robustness,rotation,no_condition_subtraction,smoothing_subtraction,pca_plane,raw_cartesian_failure_label_fraction,,0,15,0,ok,,,demixing-rotational-robustness/results.csv,failures are invalid plus nonconvergence; denominator is all task/scenario/method raw Cartesian rows
failure_pattern|demixing-rotational-robustness|rotation|no_condition_subtraction|random_plane|conditional_failure_rate|,failure_pattern,demixing-rotational-robustness,rotation,no_condition_subtraction,smoothing_subtraction,random_plane,conditional_failure_rate,,0,6,0,ok,,,demixing-rotational-robustness/results.csv,failures are invalid plus nonconvergence; denominator is ok plus invalid plus nonconvergence rows
failure_pattern|demixing-rotational-robustness|rotation|no_condition_subtraction|random_plane|raw_cartesian_failure_label_fraction|,failure_pattern,demixing-rotational-robustness,rotation,no_condition_subtraction,smoothing_subtraction,random_plane,raw_cartesian_failure_label_fraction,,0,15,0,ok,,,demixing-rotational-robustness/results.csv,failures are invalid plus nonconvergence; denominator is all task/scenario/method raw Cartesian rows
failure_pattern|demixing-rotational-robustness|rotation|no_condition_subtraction|skew_fit|conditional_failure_rate|,failure_pattern,demixing-rotational-robustness,rotation,no_condition_subtraction,smoothing_subtraction,skew_fit,conditional_failure_rate,,0,12,0,ok,,,demixing-rotational-robustness/results.csv,failures are invalid plus nonconvergence; denominator is ok plus invalid plus nonconvergence rows
failure_pattern|demixing-rotational-robustness|rotation|no_condition_subtraction|skew_fit|raw_cartesian_failure_label_fraction|,failure_pattern,demixing-rotational-robustness,rotation,no_condition_subtraction,smoothing_subtraction,skew_fit,raw_cartesian_failure_label_fraction,,0,15,0,ok,,,demixing-rotational-robustness/results.csv,failures are invalid plus nonconvergence; denominator is all task/scenario/method raw Cartesian rows
failure_pattern|demixing-rotational-robustness|rotation|no_condition_subtraction|symmetric_fit|conditional_failure_rate|,failure_pattern,demixing-rotational-robustness,rotation,no_condition_subtraction,smoothing_subtraction,symmetric_fit,conditional_failure_rate,,0,3,0,ok,,,demixing-rotational-robustness/results.csv,failures are invalid plus nonconvergence; denominator is ok plus invalid plus nonconvergence rows
failure_pattern|demixing-rotational-robustness|rotation|no_condition_subtraction|symmetric_fit|raw_cartesian_failure_label_fraction|,failure_pattern,demixing-rotational-robustness,rotation,no_condition_subtraction,smoothing_subtraction,symmetric_fit,raw_cartesian_failure_label_fraction,,0,15,0,ok,,,demixing-rotational-robustness/results.csv,failures are invalid plus nonconvergence; denominator is all task/scenario/method raw Cartesian rows
failure_pattern|demixing-rotational-robustness|rotation|no_condition_subtraction|unrestricted_fit|conditional_failure_rate|,failure_pattern,demixing-rotational-robustness,rotation,no_condition_subtraction,smoothing_subtraction,unrestricted_fit,conditional_failure_rate,,0,12,0,ok,,,demixing-rotational-robustness/results.csv,failures are invalid plus nonconvergence; denominator is ok plus invalid plus nonconvergence rows
failure_pattern|demixing-rotational-robustness|rotation|no_condition_subtraction|unrestricted_fit|raw_cartesian_failure_label_fraction|,failure_pattern,demixing-rotational-robustness,rotation,no_condition_subtraction,smoothing_subtraction,unrestricted_fit,raw_cartesian_failure_label_fraction,,0,15,0,ok,,,demixing-rotational-robustness/results.csv,failures are invalid plus nonconvergence; denominator is all task/scenario/method raw Cartesian rows
failure_pattern|demixing-rotational-robustness|rotation|nonorthogonal_metric|covariance_shuffle_control|conditional_failure_rate|,failure_pattern,demixing-rotational-robustness,rotation,nonorthogonal_metric,nonorthogonal_metric,covariance_shuffle_control,conditional_failure_rate,,0,9,0,ok,,,demixing-rotational-robustness/results.csv,failures are invalid plus nonconvergence; denominator is ok plus invalid plus nonconvergence rows
failure_pattern|demixing-rotational-robustness|rotation|nonorthogonal_metric|covariance_shuffle_control|raw_cartesian_failure_label_fraction|,failure_pattern,demixing-rotational-robustness,rotation,nonorthogonal_metric,nonorthogonal_metric,covariance_shuffle_control,raw_cartesian_failure_label_fraction,,0,15,0,ok,,,demixing-rotational-robustness/results.csv,failures are invalid plus nonconvergence; denominator is all task/scenario/method raw Cartesian rows
failure_pattern|demixing-rotational-robustness|rotation|nonorthogonal_metric|fixed_plane|conditional_failure_rate|,failure_pattern,demixing-rotational-robustness,rotation,nonorthogonal_metric,nonorthogonal_metric,fixed_plane,conditional_failure_rate,,0,6,0,ok,,,demixing-rotational-robustness/results.csv,failures are invalid plus nonconvergence; denominator is ok plus invalid plus nonconvergence rows
failure_pattern|demixing-rotational-robustness|rotation|nonorthogonal_metric|fixed_plane|raw_cartesian_failure_label_fraction|,failure_pattern,demixing-rotational-robustness,rotation,nonorthogonal_metric,nonorthogonal_metric,fixed_plane,raw_cartesian_failure_label_fraction,,0,15,0,ok,,,demixing-rotational-robustness/results.csv,failures are invalid plus nonconvergence; denominator is all task/scenario/method raw Cartesian rows
failure_pattern|demixing-rotational-robustness|rotation|nonorthogonal_metric|input_aware_fit|conditional_failure_rate|,failure_pattern,demixing-rotational-robustness,rotation,nonorthogonal_metric,nonorthogonal_metric,input_aware_fit,conditional_failure_rate,,0,3,0,ok,,,demixing-rotational-robustness/results.csv,failures are invalid plus nonconvergence; denominator is ok plus invalid plus nonconvergence rows
failure_pattern|demixing-rotational-robustness|rotation|nonorthogonal_metric|input_aware_fit|raw_cartesian_failure_label_fraction|,failure_pattern,demixing-rotational-robustness,rotation,nonorthogonal_metric,nonorthogonal_metric,input_aware_fit,raw_cartesian_failure_label_fraction,,0,15,0,ok,,,demixing-rotational-robustness/results.csv,failures are invalid plus nonconvergence; denominator is all task/scenario/method raw Cartesian rows
failure_pattern|demixing-rotational-robustness|rotation|nonorthogonal_metric|pca_plane|conditional_failure_rate|,failure_pattern,demixing-rotational-robustness,rotation,nonorthogonal_metric,nonorthogonal_metric,pca_plane,conditional_failure_rate,,0,6,0,ok,,,demixing-rotational-robustness/results.csv,failures are invalid plus nonconvergence; denominator is ok plus invalid plus nonconvergence rows
failure_pattern|demixing-rotational-robustness|rotation|nonorthogonal_metric|pca_plane|raw_cartesian_failure_label_fraction|,failure_pattern,demixing-rotational-robustness,rotation,nonorthogonal_metric,nonorthogonal_metric,pca_plane,raw_cartesian_failure_label_fraction,,0,15,0,ok,,,demixing-rotational-robustness/results.csv,failures are invalid plus nonconvergence; denominator is all task/scenario/method raw Cartesian rows
failure_pattern|demixing-rotational-robustness|rotation|nonorthogonal_metric|random_plane|conditional_failure_rate|,failure_pattern,demixing-rotational-robustness,rotation,nonorthogonal_metric,nonorthogonal_metric,random_plane,conditional_failure_rate,,0,6,0,ok,,,demixing-rotational-robustness/results.csv,failures are invalid plus nonconvergence; denominator is ok plus invalid plus nonconvergence rows
failure_pattern|demixing-rotational-robustness|rotation|nonorthogonal_metric|random_plane|raw_cartesian_failure_label_fraction|,failure_pattern,demixing-rotational-robustness,rotation,nonorthogonal_metric,nonorthogonal_metric,random_plane,raw_cartesian_failure_label_fraction,,0,15,0,ok,,,demixing-rotational-robustness/results.csv,failures are invalid plus nonconvergence; denominator is all task/scenario/method raw Cartesian rows
failure_pattern|demixing-rotational-robustness|rotation|nonorthogonal_metric|skew_fit|conditional_failure_rate|,failure_pattern,demixing-rotational-robustness,rotation,nonorthogonal_metric,nonorthogonal_metric,skew_fit,conditional_failure_rate,,0,12,0,ok,,,demixing-rotational-robustness/results.csv,failures are invalid plus nonconvergence; denominator is ok plus invalid plus nonconvergence rows
failure_pattern|demixing-rotational-robustness|rotation|nonorthogonal_metric|skew_fit|raw_cartesian_failure_label_fraction|,failure_pattern,demixing-rotational-robustness,rotation,nonorthogonal_metric,nonorthogonal_metric,skew_fit,raw_cartesian_failure_label_fraction,,0,15,0,ok,,,demixing-rotational-robustness/results.csv,failures are invalid plus nonconvergence; denominator is all task/scenario/method raw Cartesian rows
failure_pattern|demixing-rotational-robustness|rotation|nonorthogonal_metric|symmetric_fit|conditional_failure_rate|,failure_pattern,demixing-rotational-robustness,rotation,nonorthogonal_metric,nonorthogonal_metric,symmetric_fit,conditional_failure_rate,,0,3,0,ok,,,demixing-rotational-robustness/results.csv,failures are invalid plus nonconvergence; denominator is ok plus invalid plus nonconvergence rows
failure_pattern|demixing-rotational-robustness|rotation|nonorthogonal_metric|symmetric_fit|raw_cartesian_failure_label_fraction|,failure_pattern,demixing-rotational-robustness,rotation,nonorthogonal_metric,nonorthogonal_metric,symmetric_fit,raw_cartesian_failure_label_fraction,,0,15,0,ok,,,demixing-rotational-robustness/results.csv,failures are invalid plus nonconvergence; denominator is all task/scenario/method raw Cartesian rows
failure_pattern|demixing-rotational-robustness|rotation|nonorthogonal_metric|unrestricted_fit|conditional_failure_rate|,failure_pattern,demixing-rotational-robustness,rotation,nonorthogonal_metric,nonorthogonal_metric,unrestricted_fit,conditional_failure_rate,,0,12,0,ok,,,demixing-rotational-robustness/results.csv,failures are invalid plus nonconvergence; denominator is ok plus invalid plus nonconvergence rows
failure_pattern|demixing-rotational-robustness|rotation|nonorthogonal_metric|unrestricted_fit|raw_cartesian_failure_label_fraction|,failure_pattern,demixing-rotational-robustness,rotation,nonorthogonal_metric,nonorthogonal_metric,unrestricted_fit,raw_cartesian_failure_label_fraction,,0,15,0,ok,,,demixing-rotational-robustness/results.csv,failures are invalid plus nonconvergence; denominator is all task/scenario/method raw Cartesian rows
failure_pattern|demixing-rotational-robustness|rotation|short_arcs|covariance_shuffle_control|conditional_failure_rate|,failure_pattern,demixing-rotational-robustness,rotation,short_arcs,short_arcs,covariance_shuffle_control,conditional_failure_rate,,0,9,0,ok,,,demixing-rotational-robustness/results.csv,failures are invalid plus nonconvergence; denominator is ok plus invalid plus nonconvergence rows
failure_pattern|demixing-rotational-robustness|rotation|short_arcs|covariance_shuffle_control|raw_cartesian_failure_label_fraction|,failure_pattern,demixing-rotational-robustness,rotation,short_arcs,short_arcs,covariance_shuffle_control,raw_cartesian_failure_label_fraction,,0,15,0,ok,,,demixing-rotational-robustness/results.csv,failures are invalid plus nonconvergence; denominator is all task/scenario/method raw Cartesian rows
failure_pattern|demixing-rotational-robustness|rotation|short_arcs|fixed_plane|conditional_failure_rate|,failure_pattern,demixing-rotational-robustness,rotation,short_arcs,short_arcs,fixed_plane,conditional_failure_rate,,0,6,0,ok,,,demixing-rotational-robustness/results.csv,failures are invalid plus nonconvergence; denominator is ok plus invalid plus nonconvergence rows
failure_pattern|demixing-rotational-robustness|rotation|short_arcs|fixed_plane|raw_cartesian_failure_label_fraction|,failure_pattern,demixing-rotational-robustness,rotation,short_arcs,short_arcs,fixed_plane,raw_cartesian_failure_label_fraction,,0,15,0,ok,,,demixing-rotational-robustness/results.csv,failures are invalid plus nonconvergence; denominator is all task/scenario/method raw Cartesian rows
failure_pattern|demixing-rotational-robustness|rotation|short_arcs|input_aware_fit|conditional_failure_rate|,failure_pattern,demixing-rotational-robustness,rotation,short_arcs,short_arcs,input_aware_fit,conditional_failure_rate,,0,3,0,ok,,,demixing-rotational-robustness/results.csv,failures are invalid plus nonconvergence; denominator is ok plus invalid plus nonconvergence rows
failure_pattern|demixing-rotational-robustness|rotation|short_arcs|input_aware_fit|raw_cartesian_failure_label_fraction|,failure_pattern,demixing-rotational-robustness,rotation,short_arcs,short_arcs,input_aware_fit,raw_cartesian_failure_label_fraction,,0,15,0,ok,,,demixing-rotational-robustness/results.csv,failures are invalid plus nonconvergence; denominator is all task/scenario/method raw Cartesian rows
failure_pattern|demixing-rotational-robustness|rotation|short_arcs|pca_plane|conditional_failure_rate|,failure_pattern,demixing-rotational-robustness,rotation,short_arcs,short_arcs,pca_plane,conditional_failure_rate,,0,6,0,ok,,,demixing-rotational-robustness/results.csv,failures are invalid plus nonconvergence; denominator is ok plus invalid plus nonconvergence rows
failure_pattern|demixing-rotational-robustness|rotation|short_arcs|pca_plane|raw_cartesian_failure_label_fraction|,failure_pattern,demixing-rotational-robustness,rotation,short_arcs,short_arcs,pca_plane,raw_cartesian_failure_label_fraction,,0,15,0,ok,,,demixing-rotational-robustness/results.csv,failures are invalid plus nonconvergence; denominator is all task/scenario/method raw Cartesian rows
failure_pattern|demixing-rotational-robustness|rotation|short_arcs|random_plane|conditional_failure_rate|,failure_pattern,demixing-rotational-robustness,rotation,short_arcs,short_arcs,random_plane,conditional_failure_rate,,0,6,0,ok,,,demixing-rotational-robustness/results.csv,failures are invalid plus nonconvergence; denominator is ok plus invalid plus nonconvergence rows
failure_pattern|demixing-rotational-robustness|rotation|short_arcs|random_plane|raw_cartesian_failure_label_fraction|,failure_pattern,demixing-rotational-robustness,rotation,short_arcs,short_arcs,random_plane,raw_cartesian_failure_label_fraction,,0,15,0,ok,,,demixing-rotational-robustness/results.csv,failures are invalid plus nonconvergence; denominator is all task/scenario/method raw Cartesian rows
failure_pattern|demixing-rotational-robustness|rotation|short_arcs|skew_fit|conditional_failure_rate|,failure_pattern,demixing-rotational-robustness,rotation,short_arcs,short_arcs,skew_fit,conditional_failure_rate,,0,12,0,ok,,,demixing-rotational-robustness/results.csv,failures are invalid plus nonconvergence; denominator is ok plus invalid plus nonconvergence rows
failure_pattern|demixing-rotational-robustness|rotation|short_arcs|skew_fit|raw_cartesian_failure_label_fraction|,failure_pattern,demixing-rotational-robustness,rotation,short_arcs,short_arcs,skew_fit,raw_cartesian_failure_label_fraction,,0,15,0,ok,,,demixing-rotational-robustness/results.csv,failures are invalid plus nonconvergence; denominator is all task/scenario/method raw Cartesian rows
failure_pattern|demixing-rotational-robustness|rotation|short_arcs|symmetric_fit|conditional_failure_rate|,failure_pattern,demixing-rotational-robustness,rotation,short_arcs,short_arcs,symmetric_fit,conditional_failure_rate,,0,3,0,ok,,,demixing-rotational-robustness/results.csv,failures are invalid plus nonconvergence; denominator is ok plus invalid plus nonconvergence rows
failure_pattern|demixing-rotational-robustness|rotation|short_arcs|symmetric_fit|raw_cartesian_failure_label_fraction|,failure_pattern,demixing-rotational-robustness,rotation,short_arcs,short_arcs,symmetric_fit,raw_cartesian_failure_label_fraction,,0,15,0,ok,,,demixing-rotational-robustness/results.csv,failures are invalid plus nonconvergence; denominator is all task/scenario/method raw Cartesian rows
failure_pattern|demixing-rotational-robustness|rotation|short_arcs|unrestricted_fit|conditional_failure_rate|,failure_pattern,demixing-rotational-robustness,rotation,short_arcs,short_arcs,unrestricted_fit,conditional_failure_rate,,0,12,0,ok,,,demixing-rotational-robustness/results.csv,failures are invalid plus nonconvergence; denominator is ok plus invalid plus nonconvergence rows
failure_pattern|demixing-rotational-robustness|rotation|short_arcs|unrestricted_fit|raw_cartesian_failure_label_fraction|,failure_pattern,demixing-rotational-robustness,rotation,short_arcs,short_arcs,unrestricted_fit,raw_cartesian_failure_label_fraction,,0,15,0,ok,,,demixing-rotational-robustness/results.csv,failures are invalid plus nonconvergence; denominator is all task/scenario/method raw Cartesian rows
failure_pattern|demixing-rotational-robustness|rotation|smoothed|covariance_shuffle_control|conditional_failure_rate|,failure_pattern,demixing-rotational-robustness,rotation,smoothed,smoothing_subtraction,covariance_shuffle_control,conditional_failure_rate,,0,9,0,ok,,,demixing-rotational-robustness/results.csv,failures are invalid plus nonconvergence; denominator is ok plus invalid plus nonconvergence rows
failure_pattern|demixing-rotational-robustness|rotation|smoothed|covariance_shuffle_control|raw_cartesian_failure_label_fraction|,failure_pattern,demixing-rotational-robustness,rotation,smoothed,smoothing_subtraction,covariance_shuffle_control,raw_cartesian_failure_label_fraction,,0,15,0,ok,,,demixing-rotational-robustness/results.csv,failures are invalid plus nonconvergence; denominator is all task/scenario/method raw Cartesian rows
failure_pattern|demixing-rotational-robustness|rotation|smoothed|fixed_plane|conditional_failure_rate|,failure_pattern,demixing-rotational-robustness,rotation,smoothed,smoothing_subtraction,fixed_plane,conditional_failure_rate,,0,6,0,ok,,,demixing-rotational-robustness/results.csv,failures are invalid plus nonconvergence; denominator is ok plus invalid plus nonconvergence rows
failure_pattern|demixing-rotational-robustness|rotation|smoothed|fixed_plane|raw_cartesian_failure_label_fraction|,failure_pattern,demixing-rotational-robustness,rotation,smoothed,smoothing_subtraction,fixed_plane,raw_cartesian_failure_label_fraction,,0,15,0,ok,,,demixing-rotational-robustness/results.csv,failures are invalid plus nonconvergence; denominator is all task/scenario/method raw Cartesian rows
failure_pattern|demixing-rotational-robustness|rotation|smoothed|input_aware_fit|conditional_failure_rate|,failure_pattern,demixing-rotational-robustness,rotation,smoothed,smoothing_subtraction,input_aware_fit,conditional_failure_rate,,0,3,0,ok,,,demixing-rotational-robustness/results.csv,failures are invalid plus nonconvergence; denominator is ok plus invalid plus nonconvergence rows
failure_pattern|demixing-rotational-robustness|rotation|smoothed|input_aware_fit|raw_cartesian_failure_label_fraction|,failure_pattern,demixing-rotational-robustness,rotation,smoothed,smoothing_subtraction,input_aware_fit,raw_cartesian_failure_label_fraction,,0,15,0,ok,,,demixing-rotational-robustness/results.csv,failures are invalid plus nonconvergence; denominator is all task/scenario/method raw Cartesian rows
failure_pattern|demixing-rotational-robustness|rotation|smoothed|pca_plane|conditional_failure_rate|,failure_pattern,demixing-rotational-robustness,rotation,smoothed,smoothing_subtraction,pca_plane,conditional_failure_rate,,0,6,0,ok,,,demixing-rotational-robustness/results.csv,failures are invalid plus nonconvergence; denominator is ok plus invalid plus nonconvergence rows
failure_pattern|demixing-rotational-robustness|rotation|smoothed|pca_plane|raw_cartesian_failure_label_fraction|,failure_pattern,demixing-rotational-robustness,rotation,smoothed,smoothing_subtraction,pca_plane,raw_cartesian_failure_label_fraction,,0,15,0,ok,,,demixing-rotational-robustness/results.csv,failures are invalid plus nonconvergence; denominator is all task/scenario/method raw Cartesian rows
failure_pattern|demixing-rotational-robustness|rotation|smoothed|random_plane|conditional_failure_rate|,failure_pattern,demixing-rotational-robustness,rotation,smoothed,smoothing_subtraction,random_plane,conditional_failure_rate,,0,6,0,ok,,,demixing-rotational-robustness/results.csv,failures are invalid plus nonconvergence; denominator is ok plus invalid plus nonconvergence rows
failure_pattern|demixing-rotational-robustness|rotation|smoothed|random_plane|raw_cartesian_failure_label_fraction|,failure_pattern,demixing-rotational-robustness,rotation,smoothed,smoothing_subtraction,random_plane,raw_cartesian_failure_label_fraction,,0,15,0,ok,,,demixing-rotational-robustness/results.csv,failures are invalid plus nonconvergence; denominator is all task/scenario/method raw Cartesian rows
failure_pattern|demixing-rotational-robustness|rotation|smoothed|skew_fit|conditional_failure_rate|,failure_pattern,demixing-rotational-robustness,rotation,smoothed,smoothing_subtraction,skew_fit,conditional_failure_rate,,0,12,0,ok,,,demixing-rotational-robustness/results.csv,failures are invalid plus nonconvergence; denominator is ok plus invalid plus nonconvergence rows
failure_pattern|demixing-rotational-robustness|rotation|smoothed|skew_fit|raw_cartesian_failure_label_fraction|,failure_pattern,demixing-rotational-robustness,rotation,smoothed,smoothing_subtraction,skew_fit,raw_cartesian_failure_label_fraction,,0,15,0,ok,,,demixing-rotational-robustness/results.csv,failures are invalid plus nonconvergence; denominator is all task/scenario/method raw Cartesian rows
failure_pattern|demixing-rotational-robustness|rotation|smoothed|symmetric_fit|conditional_failure_rate|,failure_pattern,demixing-rotational-robustness,rotation,smoothed,smoothing_subtraction,symmetric_fit,conditional_failure_rate,,0,3,0,ok,,,demixing-rotational-robustness/results.csv,failures are invalid plus nonconvergence; denominator is ok plus invalid plus nonconvergence rows
failure_pattern|demixing-rotational-robustness|rotation|smoothed|symmetric_fit|raw_cartesian_failure_label_fraction|,failure_pattern,demixing-rotational-robustness,rotation,smoothed,smoothing_subtraction,symmetric_fit,raw_cartesian_failure_label_fraction,,0,15,0,ok,,,demixing-rotational-robustness/results.csv,failures are invalid plus nonconvergence; denominator is all task/scenario/method raw Cartesian rows
failure_pattern|demixing-rotational-robustness|rotation|smoothed|unrestricted_fit|conditional_failure_rate|,failure_pattern,demixing-rotational-robustness,rotation,smoothed,smoothing_subtraction,unrestricted_fit,conditional_failure_rate,,0,12,0,ok,,,demixing-rotational-robustness/results.csv,failures are invalid plus nonconvergence; denominator is ok plus invalid plus nonconvergence rows
failure_pattern|demixing-rotational-robustness|rotation|smoothed|unrestricted_fit|raw_cartesian_failure_label_fraction|,failure_pattern,demixing-rotational-robustness,rotation,smoothed,smoothing_subtraction,unrestricted_fit,raw_cartesian_failure_label_fraction,,0,15,0,ok,,,demixing-rotational-robustness/results.csv,failures are invalid plus nonconvergence; denominator is all task/scenario/method raw Cartesian rows
failure_pattern|demixing-rotational-robustness|rotation|symmetric_decay|covariance_shuffle_control|conditional_failure_rate|,failure_pattern,demixing-rotational-robustness,rotation,symmetric_decay,symmetric_decay,covariance_shuffle_control,conditional_failure_rate,,0,6,0,ok,,,demixing-rotational-robustness/results.csv,failures are invalid plus nonconvergence; denominator is ok plus invalid plus nonconvergence rows
failure_pattern|demixing-rotational-robustness|rotation|symmetric_decay|covariance_shuffle_control|raw_cartesian_failure_label_fraction|,failure_pattern,demixing-rotational-robustness,rotation,symmetric_decay,symmetric_decay,covariance_shuffle_control,raw_cartesian_failure_label_fraction,,0,15,0,ok,,,demixing-rotational-robustness/results.csv,failures are invalid plus nonconvergence; denominator is all task/scenario/method raw Cartesian rows
failure_pattern|demixing-rotational-robustness|rotation|symmetric_decay|fixed_plane|conditional_failure_rate|,failure_pattern,demixing-rotational-robustness,rotation,symmetric_decay,symmetric_decay,fixed_plane,conditional_failure_rate,,0,3,0,ok,,,demixing-rotational-robustness/results.csv,failures are invalid plus nonconvergence; denominator is ok plus invalid plus nonconvergence rows
failure_pattern|demixing-rotational-robustness|rotation|symmetric_decay|fixed_plane|raw_cartesian_failure_label_fraction|,failure_pattern,demixing-rotational-robustness,rotation,symmetric_decay,symmetric_decay,fixed_plane,raw_cartesian_failure_label_fraction,,0,15,0,ok,,,demixing-rotational-robustness/results.csv,failures are invalid plus nonconvergence; denominator is all task/scenario/method raw Cartesian rows
failure_pattern|demixing-rotational-robustness|rotation|symmetric_decay|input_aware_fit|conditional_failure_rate|,failure_pattern,demixing-rotational-robustness,rotation,symmetric_decay,symmetric_decay,input_aware_fit,conditional_failure_rate,,0,3,0,ok,,,demixing-rotational-robustness/results.csv,failures are invalid plus nonconvergence; denominator is ok plus invalid plus nonconvergence rows
failure_pattern|demixing-rotational-robustness|rotation|symmetric_decay|input_aware_fit|raw_cartesian_failure_label_fraction|,failure_pattern,demixing-rotational-robustness,rotation,symmetric_decay,symmetric_decay,input_aware_fit,raw_cartesian_failure_label_fraction,,0,15,0,ok,,,demixing-rotational-robustness/results.csv,failures are invalid plus nonconvergence; denominator is all task/scenario/method raw Cartesian rows
failure_pattern|demixing-rotational-robustness|rotation|symmetric_decay|pca_plane|conditional_failure_rate|,failure_pattern,demixing-rotational-robustness,rotation,symmetric_decay,symmetric_decay,pca_plane,conditional_failure_rate,,0,3,0,ok,,,demixing-rotational-robustness/results.csv,failures are invalid plus nonconvergence; denominator is ok plus invalid plus nonconvergence rows
failure_pattern|demixing-rotational-robustness|rotation|symmetric_decay|pca_plane|raw_cartesian_failure_label_fraction|,failure_pattern,demixing-rotational-robustness,rotation,symmetric_decay,symmetric_decay,pca_plane,raw_cartesian_failure_label_fraction,,0,15,0,ok,,,demixing-rotational-robustness/results.csv,failures are invalid plus nonconvergence; denominator is all task/scenario/method raw Cartesian rows
failure_pattern|demixing-rotational-robustness|rotation|symmetric_decay|random_plane|conditional_failure_rate|,failure_pattern,demixing-rotational-robustness,rotation,symmetric_decay,symmetric_decay,random_plane,conditional_failure_rate,,0,3,0,ok,,,demixing-rotational-robustness/results.csv,failures are invalid plus nonconvergence; denominator is ok plus invalid plus nonconvergence rows
failure_pattern|demixing-rotational-robustness|rotation|symmetric_decay|random_plane|raw_cartesian_failure_label_fraction|,failure_pattern,demixing-rotational-robustness,rotation,symmetric_decay,symmetric_decay,random_plane,raw_cartesian_failure_label_fraction,,0,15,0,ok,,,demixing-rotational-robustness/results.csv,failures are invalid plus nonconvergence; denominator is all task/scenario/method raw Cartesian rows
failure_pattern|demixing-rotational-robustness|rotation|symmetric_decay|skew_fit|conditional_failure_rate|,failure_pattern,demixing-rotational-robustness,rotation,symmetric_decay,symmetric_decay,skew_fit,conditional_failure_rate,,0,6,0,ok,,,demixing-rotational-robustness/results.csv,failures are invalid plus nonconvergence; denominator is ok plus invalid plus nonconvergence rows
failure_pattern|demixing-rotational-robustness|rotation|symmetric_decay|skew_fit|raw_cartesian_failure_label_fraction|,failure_pattern,demixing-rotational-robustness,rotation,symmetric_decay,symmetric_decay,skew_fit,raw_cartesian_failure_label_fraction,,0,15,0,ok,,,demixing-rotational-robustness/results.csv,failures are invalid plus nonconvergence; denominator is all task/scenario/method raw Cartesian rows
failure_pattern|demixing-rotational-robustness|rotation|symmetric_decay|symmetric_fit|conditional_failure_rate|,failure_pattern,demixing-rotational-robustness,rotation,symmetric_decay,symmetric_decay,symmetric_fit,conditional_failure_rate,,0,3,0,ok,,,demixing-rotational-robustness/results.csv,failures are invalid plus nonconvergence; denominator is ok plus invalid plus nonconvergence rows
failure_pattern|demixing-rotational-robustness|rotation|symmetric_decay|symmetric_fit|raw_cartesian_failure_label_fraction|,failure_pattern,demixing-rotational-robustness,rotation,symmetric_decay,symmetric_decay,symmetric_fit,raw_cartesian_failure_label_fraction,,0,15,0,ok,,,demixing-rotational-robustness/results.csv,failures are invalid plus nonconvergence; denominator is all task/scenario/method raw Cartesian rows
failure_pattern|demixing-rotational-robustness|rotation|symmetric_decay|unrestricted_fit|conditional_failure_rate|,failure_pattern,demixing-rotational-robustness,rotation,symmetric_decay,symmetric_decay,unrestricted_fit,conditional_failure_rate,,0,6,0,ok,,,demixing-rotational-robustness/results.csv,failures are invalid plus nonconvergence; denominator is ok plus invalid plus nonconvergence rows
failure_pattern|demixing-rotational-robustness|rotation|symmetric_decay|unrestricted_fit|raw_cartesian_failure_label_fraction|,failure_pattern,demixing-rotational-robustness,rotation,symmetric_decay,symmetric_decay,unrestricted_fit,raw_cartesian_failure_label_fraction,,0,15,0,ok,,,demixing-rotational-robustness/results.csv,failures are invalid plus nonconvergence; denominator is all task/scenario/method raw Cartesian rows
failure_pattern|demixing-rotational-robustness|rotation|time_jitter|covariance_shuffle_control|conditional_failure_rate|,failure_pattern,demixing-rotational-robustness,rotation,time_jitter,time_jitter,covariance_shuffle_control,conditional_failure_rate,,0,9,0,ok,,,demixing-rotational-robustness/results.csv,failures are invalid plus nonconvergence; denominator is ok plus invalid plus nonconvergence rows
failure_pattern|demixing-rotational-robustness|rotation|time_jitter|covariance_shuffle_control|raw_cartesian_failure_label_fraction|,failure_pattern,demixing-rotational-robustness,rotation,time_jitter,time_jitter,covariance_shuffle_control,raw_cartesian_failure_label_fraction,,0,15,0,ok,,,demixing-rotational-robustness/results.csv,failures are invalid plus nonconvergence; denominator is all task/scenario/method raw Cartesian rows
failure_pattern|demixing-rotational-robustness|rotation|time_jitter|fixed_plane|conditional_failure_rate|,failure_pattern,demixing-rotational-robustness,rotation,time_jitter,time_jitter,fixed_plane,conditional_failure_rate,,0,6,0,ok,,,demixing-rotational-robustness/results.csv,failures are invalid plus nonconvergence; denominator is ok plus invalid plus nonconvergence rows
failure_pattern|demixing-rotational-robustness|rotation|time_jitter|fixed_plane|raw_cartesian_failure_label_fraction|,failure_pattern,demixing-rotational-robustness,rotation,time_jitter,time_jitter,fixed_plane,raw_cartesian_failure_label_fraction,,0,15,0,ok,,,demixing-rotational-robustness/results.csv,failures are invalid plus nonconvergence; denominator is all task/scenario/method raw Cartesian rows
failure_pattern|demixing-rotational-robustness|rotation|time_jitter|input_aware_fit|conditional_failure_rate|,failure_pattern,demixing-rotational-robustness,rotation,time_jitter,time_jitter,input_aware_fit,conditional_failure_rate,,0,3,0,ok,,,demixing-rotational-robustness/results.csv,failures are invalid plus nonconvergence; denominator is ok plus invalid plus nonconvergence rows
failure_pattern|demixing-rotational-robustness|rotation|time_jitter|input_aware_fit|raw_cartesian_failure_label_fraction|,failure_pattern,demixing-rotational-robustness,rotation,time_jitter,time_jitter,input_aware_fit,raw_cartesian_failure_label_fraction,,0,15,0,ok,,,demixing-rotational-robustness/results.csv,failures are invalid plus nonconvergence; denominator is all task/scenario/method raw Cartesian rows
failure_pattern|demixing-rotational-robustness|rotation|time_jitter|pca_plane|conditional_failure_rate|,failure_pattern,demixing-rotational-robustness,rotation,time_jitter,time_jitter,pca_plane,conditional_failure_rate,,0,6,0,ok,,,demixing-rotational-robustness/results.csv,failures are invalid plus nonconvergence; denominator is ok plus invalid plus nonconvergence rows
failure_pattern|demixing-rotational-robustness|rotation|time_jitter|pca_plane|raw_cartesian_failure_label_fraction|,failure_pattern,demixing-rotational-robustness,rotation,time_jitter,time_jitter,pca_plane,raw_cartesian_failure_label_fraction,,0,15,0,ok,,,demixing-rotational-robustness/results.csv,failures are invalid plus nonconvergence; denominator is all task/scenario/method raw Cartesian rows
failure_pattern|demixing-rotational-robustness|rotation|time_jitter|random_plane|conditional_failure_rate|,failure_pattern,demixing-rotational-robustness,rotation,time_jitter,time_jitter,random_plane,conditional_failure_rate,,0,6,0,ok,,,demixing-rotational-robustness/results.csv,failures are invalid plus nonconvergence; denominator is ok plus invalid plus nonconvergence rows
failure_pattern|demixing-rotational-robustness|rotation|time_jitter|random_plane|raw_cartesian_failure_label_fraction|,failure_pattern,demixing-rotational-robustness,rotation,time_jitter,time_jitter,random_plane,raw_cartesian_failure_label_fraction,,0,15,0,ok,,,demixing-rotational-robustness/results.csv,failures are invalid plus nonconvergence; denominator is all task/scenario/method raw Cartesian rows
failure_pattern|demixing-rotational-robustness|rotation|time_jitter|skew_fit|conditional_failure_rate|,failure_pattern,demixing-rotational-robustness,rotation,time_jitter,time_jitter,skew_fit,conditional_failure_rate,,0,12,0,ok,,,demixing-rotational-robustness/results.csv,failures are invalid plus nonconvergence; denominator is ok plus invalid plus nonconvergence rows
failure_pattern|demixing-rotational-robustness|rotation|time_jitter|skew_fit|raw_cartesian_failure_label_fraction|,failure_pattern,demixing-rotational-robustness,rotation,time_jitter,time_jitter,skew_fit,raw_cartesian_failure_label_fraction,,0,15,0,ok,,,demixing-rotational-robustness/results.csv,failures are invalid plus nonconvergence; denominator is all task/scenario/method raw Cartesian rows
failure_pattern|demixing-rotational-robustness|rotation|time_jitter|symmetric_fit|conditional_failure_rate|,failure_pattern,demixing-rotational-robustness,rotation,time_jitter,time_jitter,symmetric_fit,conditional_failure_rate,,0,3,0,ok,,,demixing-rotational-robustness/results.csv,failures are invalid plus nonconvergence; denominator is ok plus invalid plus nonconvergence rows
failure_pattern|demixing-rotational-robustness|rotation|time_jitter|symmetric_fit|raw_cartesian_failure_label_fraction|,failure_pattern,demixing-rotational-robustness,rotation,time_jitter,time_jitter,symmetric_fit,raw_cartesian_failure_label_fraction,,0,15,0,ok,,,demixing-rotational-robustness/results.csv,failures are invalid plus nonconvergence; denominator is all task/scenario/method raw Cartesian rows
failure_pattern|demixing-rotational-robustness|rotation|time_jitter|unrestricted_fit|conditional_failure_rate|,failure_pattern,demixing-rotational-robustness,rotation,time_jitter,time_jitter,unrestricted_fit,conditional_failure_rate,,0,12,0,ok,,,demixing-rotational-robustness/results.csv,failures are invalid plus nonconvergence; denominator is ok plus invalid plus nonconvergence rows
failure_pattern|demixing-rotational-robustness|rotation|time_jitter|unrestricted_fit|raw_cartesian_failure_label_fraction|,failure_pattern,demixing-rotational-robustness,rotation,time_jitter,time_jitter,unrestricted_fit,raw_cartesian_failure_label_fraction,,0,15,0,ok,,,demixing-rotational-robustness/results.csv,failures are invalid plus nonconvergence; denominator is all task/scenario/method raw Cartesian rows
failure_pattern|linear-gaussian-robustness|linear_gaussian_inference|long_sequence|batch_conditioning_oracle|conditional_failure_rate|,failure_pattern,linear-gaussian-robustness,linear_gaussian_inference,long_sequence,sequence_length,batch_conditioning_oracle,conditional_failure_rate,,0,20,0,ok,,,linear-gaussian-robustness/results.csv,failures are invalid plus nonconvergence; denominator is ok plus invalid plus nonconvergence rows
failure_pattern|linear-gaussian-robustness|linear_gaussian_inference|long_sequence|batch_conditioning_oracle|raw_cartesian_failure_label_fraction|,failure_pattern,linear-gaussian-robustness,linear_gaussian_inference,long_sequence,sequence_length,batch_conditioning_oracle,raw_cartesian_failure_label_fraction,,0,45,0,ok,,,linear-gaussian-robustness/results.csv,failures are invalid plus nonconvergence; denominator is all task/scenario/method raw Cartesian rows
failure_pattern|linear-gaussian-robustness|linear_gaussian_inference|long_sequence|false_continuation_filter|conditional_failure_rate|,failure_pattern,linear-gaussian-robustness,linear_gaussian_inference,long_sequence,sequence_length,false_continuation_filter,conditional_failure_rate,,,,,inapplicable,,,linear-gaussian-robustness/results.csv,"conditional denominator is zero because every source row is inapplicable; numerator, denominator, and rate are blank"
failure_pattern|linear-gaussian-robustness|linear_gaussian_inference|long_sequence|false_continuation_filter|raw_cartesian_failure_label_fraction|,failure_pattern,linear-gaussian-robustness,linear_gaussian_inference,long_sequence,sequence_length,false_continuation_filter,raw_cartesian_failure_label_fraction,,0,45,0,ok,,,linear-gaussian-robustness/results.csv,failures are invalid plus nonconvergence; denominator is all task/scenario/method raw Cartesian rows
failure_pattern|linear-gaussian-robustness|linear_gaussian_inference|long_sequence|known_kalman_filter|conditional_failure_rate|,failure_pattern,linear-gaussian-robustness,linear_gaussian_inference,long_sequence,sequence_length,known_kalman_filter,conditional_failure_rate,,0,25,0,ok,,,linear-gaussian-robustness/results.csv,failures are invalid plus nonconvergence; denominator is ok plus invalid plus nonconvergence rows
failure_pattern|linear-gaussian-robustness|linear_gaussian_inference|long_sequence|known_kalman_filter|raw_cartesian_failure_label_fraction|,failure_pattern,linear-gaussian-robustness,linear_gaussian_inference,long_sequence,sequence_length,known_kalman_filter,raw_cartesian_failure_label_fraction,,0,45,0,ok,,,linear-gaussian-robustness/results.csv,failures are invalid plus nonconvergence; denominator is all task/scenario/method raw Cartesian rows
failure_pattern|linear-gaussian-robustness|linear_gaussian_inference|long_sequence|known_rts_smoother|conditional_failure_rate|,failure_pattern,linear-gaussian-robustness,linear_gaussian_inference,long_sequence,sequence_length,known_rts_smoother,conditional_failure_rate,,0,20,0,ok,,,linear-gaussian-robustness/results.csv,failures are invalid plus nonconvergence; denominator is ok plus invalid plus nonconvergence rows
failure_pattern|linear-gaussian-robustness|linear_gaussian_inference|long_sequence|known_rts_smoother|raw_cartesian_failure_label_fraction|,failure_pattern,linear-gaussian-robustness,linear_gaussian_inference,long_sequence,sequence_length,known_rts_smoother,raw_cartesian_failure_label_fraction,,0,45,0,ok,,,linear-gaussian-robustness/results.csv,failures are invalid plus nonconvergence; denominator is all task/scenario/method raw Cartesian rows
failure_pattern|linear-gaussian-robustness|linear_gaussian_inference|long_sequence|misspecified_kalman_filter|conditional_failure_rate|,failure_pattern,linear-gaussian-robustness,linear_gaussian_inference,long_sequence,sequence_length,misspecified_kalman_filter,conditional_failure_rate,,,,,inapplicable,,,linear-gaussian-robustness/results.csv,"conditional denominator is zero because every source row is inapplicable; numerator, denominator, and rate are blank"
failure_pattern|linear-gaussian-robustness|linear_gaussian_inference|long_sequence|misspecified_kalman_filter|raw_cartesian_failure_label_fraction|,failure_pattern,linear-gaussian-robustness,linear_gaussian_inference,long_sequence,sequence_length,misspecified_kalman_filter,raw_cartesian_failure_label_fraction,,0,45,0,ok,,,linear-gaussian-robustness/results.csv,failures are invalid plus nonconvergence; denominator is all task/scenario/method raw Cartesian rows
failure_pattern|linear-gaussian-robustness|linear_gaussian_inference|long_sequence|misspecified_rts_smoother|conditional_failure_rate|,failure_pattern,linear-gaussian-robustness,linear_gaussian_inference,long_sequence,sequence_length,misspecified_rts_smoother,conditional_failure_rate,,,,,inapplicable,,,linear-gaussian-robustness/results.csv,"conditional denominator is zero because every source row is inapplicable; numerator, denominator, and rate are blank"
failure_pattern|linear-gaussian-robustness|linear_gaussian_inference|long_sequence|misspecified_rts_smoother|raw_cartesian_failure_label_fraction|,failure_pattern,linear-gaussian-robustness,linear_gaussian_inference,long_sequence,sequence_length,misspecified_rts_smoother,raw_cartesian_failure_label_fraction,,0,45,0,ok,,,linear-gaussian-robustness/results.csv,failures are invalid plus nonconvergence; denominator is all task/scenario/method raw Cartesian rows
failure_pattern|linear-gaussian-robustness|linear_gaussian_inference|long_sequence|open_loop|conditional_failure_rate|,failure_pattern,linear-gaussian-robustness,linear_gaussian_inference,long_sequence,sequence_length,open_loop,conditional_failure_rate,,0,5,0,ok,,,linear-gaussian-robustness/results.csv,failures are invalid plus nonconvergence; denominator is ok plus invalid plus nonconvergence rows
failure_pattern|linear-gaussian-robustness|linear_gaussian_inference|long_sequence|open_loop|raw_cartesian_failure_label_fraction|,failure_pattern,linear-gaussian-robustness,linear_gaussian_inference,long_sequence,sequence_length,open_loop,raw_cartesian_failure_label_fraction,,0,45,0,ok,,,linear-gaussian-robustness/results.csv,failures are invalid plus nonconvergence; denominator is all task/scenario/method raw Cartesian rows
failure_pattern|linear-gaussian-robustness|linear_gaussian_inference|long_sequence|persistence|conditional_failure_rate|,failure_pattern,linear-gaussian-robustness,linear_gaussian_inference,long_sequence,sequence_length,persistence,conditional_failure_rate,,0,5,0,ok,,,linear-gaussian-robustness/results.csv,failures are invalid plus nonconvergence; denominator is ok plus invalid plus nonconvergence rows
failure_pattern|linear-gaussian-robustness|linear_gaussian_inference|long_sequence|persistence|raw_cartesian_failure_label_fraction|,failure_pattern,linear-gaussian-robustness,linear_gaussian_inference,long_sequence,sequence_length,persistence,raw_cartesian_failure_label_fraction,,0,45,0,ok,,,linear-gaussian-robustness/results.csv,failures are invalid plus nonconvergence; denominator is all task/scenario/method raw Cartesian rows
failure_pattern|linear-gaussian-robustness|linear_gaussian_inference|long_sequence|selected_kalman_filter|conditional_failure_rate|,failure_pattern,linear-gaussian-robustness,linear_gaussian_inference,long_sequence,sequence_length,selected_kalman_filter,conditional_failure_rate,,0,25,0,ok,,,linear-gaussian-robustness/results.csv,failures are invalid plus nonconvergence; denominator is ok plus invalid plus nonconvergence rows
failure_pattern|linear-gaussian-robustness|linear_gaussian_inference|long_sequence|selected_kalman_filter|raw_cartesian_failure_label_fraction|,failure_pattern,linear-gaussian-robustness,linear_gaussian_inference,long_sequence,sequence_length,selected_kalman_filter,raw_cartesian_failure_label_fraction,,0,45,0,ok,,,linear-gaussian-robustness/results.csv,failures are invalid plus nonconvergence; denominator is all task/scenario/method raw Cartesian rows
failure_pattern|linear-gaussian-robustness|linear_gaussian_inference|long_sequence|selected_rts_smoother|conditional_failure_rate|,failure_pattern,linear-gaussian-robustness,linear_gaussian_inference,long_sequence,sequence_length,selected_rts_smoother,conditional_failure_rate,,0,20,0,ok,,,linear-gaussian-robustness/results.csv,failures are invalid plus nonconvergence; denominator is ok plus invalid plus nonconvergence rows
failure_pattern|linear-gaussian-robustness|linear_gaussian_inference|long_sequence|selected_rts_smoother|raw_cartesian_failure_label_fraction|,failure_pattern,linear-gaussian-robustness,linear_gaussian_inference,long_sequence,sequence_length,selected_rts_smoother,raw_cartesian_failure_label_fraction,,0,45,0,ok,,,linear-gaussian-robustness/results.csv,failures are invalid plus nonconvergence; denominator is all task/scenario/method raw Cartesian rows
failure_pattern|linear-gaussian-robustness|linear_gaussian_inference|long_sequence|stationary_mean|conditional_failure_rate|,failure_pattern,linear-gaussian-robustness,linear_gaussian_inference,long_sequence,sequence_length,stationary_mean,conditional_failure_rate,,0,5,0,ok,,,linear-gaussian-robustness/results.csv,failures are invalid plus nonconvergence; denominator is ok plus invalid plus nonconvergence rows
failure_pattern|linear-gaussian-robustness|linear_gaussian_inference|long_sequence|stationary_mean|raw_cartesian_failure_label_fraction|,failure_pattern,linear-gaussian-robustness,linear_gaussian_inference,long_sequence,sequence_length,stationary_mean,raw_cartesian_failure_label_fraction,,0,45,0,ok,,,linear-gaussian-robustness/results.csv,failures are invalid plus nonconvergence; denominator is all task/scenario/method raw Cartesian rows
failure_pattern|linear-gaussian-robustness|linear_gaussian_inference|missing_block|batch_conditioning_oracle|conditional_failure_rate|,failure_pattern,linear-gaussian-robustness,linear_gaussian_inference,missing_block,missing_blocks,batch_conditioning_oracle,conditional_failure_rate,,0,30,0,ok,,,linear-gaussian-robustness/results.csv,failures are invalid plus nonconvergence; denominator is ok plus invalid plus nonconvergence rows
failure_pattern|linear-gaussian-robustness|linear_gaussian_inference|missing_block|batch_conditioning_oracle|raw_cartesian_failure_label_fraction|,failure_pattern,linear-gaussian-robustness,linear_gaussian_inference,missing_block,missing_blocks,batch_conditioning_oracle,raw_cartesian_failure_label_fraction,,0,45,0,ok,,,linear-gaussian-robustness/results.csv,failures are invalid plus nonconvergence; denominator is all task/scenario/method raw Cartesian rows
failure_pattern|linear-gaussian-robustness|linear_gaussian_inference|missing_block|false_continuation_filter|conditional_failure_rate|,failure_pattern,linear-gaussian-robustness,linear_gaussian_inference,missing_block,missing_blocks,false_continuation_filter,conditional_failure_rate,,,,,inapplicable,,,linear-gaussian-robustness/results.csv,"conditional denominator is zero because every source row is inapplicable; numerator, denominator, and rate are blank"
failure_pattern|linear-gaussian-robustness|linear_gaussian_inference|missing_block|false_continuation_filter|raw_cartesian_failure_label_fraction|,failure_pattern,linear-gaussian-robustness,linear_gaussian_inference,missing_block,missing_blocks,false_continuation_filter,raw_cartesian_failure_label_fraction,,0,45,0,ok,,,linear-gaussian-robustness/results.csv,failures are invalid plus nonconvergence; denominator is all task/scenario/method raw Cartesian rows
failure_pattern|linear-gaussian-robustness|linear_gaussian_inference|missing_block|known_kalman_filter|conditional_failure_rate|,failure_pattern,linear-gaussian-robustness,linear_gaussian_inference,missing_block,missing_blocks,known_kalman_filter,conditional_failure_rate,,0,35,0,ok,,,linear-gaussian-robustness/results.csv,failures are invalid plus nonconvergence; denominator is ok plus invalid plus nonconvergence rows
failure_pattern|linear-gaussian-robustness|linear_gaussian_inference|missing_block|known_kalman_filter|raw_cartesian_failure_label_fraction|,failure_pattern,linear-gaussian-robustness,linear_gaussian_inference,missing_block,missing_blocks,known_kalman_filter,raw_cartesian_failure_label_fraction,,0,45,0,ok,,,linear-gaussian-robustness/results.csv,failures are invalid plus nonconvergence; denominator is all task/scenario/method raw Cartesian rows
failure_pattern|linear-gaussian-robustness|linear_gaussian_inference|missing_block|known_rts_smoother|conditional_failure_rate|,failure_pattern,linear-gaussian-robustness,linear_gaussian_inference,missing_block,missing_blocks,known_rts_smoother,conditional_failure_rate,,0,30,0,ok,,,linear-gaussian-robustness/results.csv,failures are invalid plus nonconvergence; denominator is ok plus invalid plus nonconvergence rows
failure_pattern|linear-gaussian-robustness|linear_gaussian_inference|missing_block|known_rts_smoother|raw_cartesian_failure_label_fraction|,failure_pattern,linear-gaussian-robustness,linear_gaussian_inference,missing_block,missing_blocks,known_rts_smoother,raw_cartesian_failure_label_fraction,,0,45,0,ok,,,linear-gaussian-robustness/results.csv,failures are invalid plus nonconvergence; denominator is all task/scenario/method raw Cartesian rows
failure_pattern|linear-gaussian-robustness|linear_gaussian_inference|missing_block|misspecified_kalman_filter|conditional_failure_rate|,failure_pattern,linear-gaussian-robustness,linear_gaussian_inference,missing_block,missing_blocks,misspecified_kalman_filter,conditional_failure_rate,,,,,inapplicable,,,linear-gaussian-robustness/results.csv,"conditional denominator is zero because every source row is inapplicable; numerator, denominator, and rate are blank"
failure_pattern|linear-gaussian-robustness|linear_gaussian_inference|missing_block|misspecified_kalman_filter|raw_cartesian_failure_label_fraction|,failure_pattern,linear-gaussian-robustness,linear_gaussian_inference,missing_block,missing_blocks,misspecified_kalman_filter,raw_cartesian_failure_label_fraction,,0,45,0,ok,,,linear-gaussian-robustness/results.csv,failures are invalid plus nonconvergence; denominator is all task/scenario/method raw Cartesian rows
failure_pattern|linear-gaussian-robustness|linear_gaussian_inference|missing_block|misspecified_rts_smoother|conditional_failure_rate|,failure_pattern,linear-gaussian-robustness,linear_gaussian_inference,missing_block,missing_blocks,misspecified_rts_smoother,conditional_failure_rate,,,,,inapplicable,,,linear-gaussian-robustness/results.csv,"conditional denominator is zero because every source row is inapplicable; numerator, denominator, and rate are blank"
failure_pattern|linear-gaussian-robustness|linear_gaussian_inference|missing_block|misspecified_rts_smoother|raw_cartesian_failure_label_fraction|,failure_pattern,linear-gaussian-robustness,linear_gaussian_inference,missing_block,missing_blocks,misspecified_rts_smoother,raw_cartesian_failure_label_fraction,,0,45,0,ok,,,linear-gaussian-robustness/results.csv,failures are invalid plus nonconvergence; denominator is all task/scenario/method raw Cartesian rows
failure_pattern|linear-gaussian-robustness|linear_gaussian_inference|missing_block|open_loop|conditional_failure_rate|,failure_pattern,linear-gaussian-robustness,linear_gaussian_inference,missing_block,missing_blocks,open_loop,conditional_failure_rate,,0,15,0,ok,,,linear-gaussian-robustness/results.csv,failures are invalid plus nonconvergence; denominator is ok plus invalid plus nonconvergence rows
failure_pattern|linear-gaussian-robustness|linear_gaussian_inference|missing_block|open_loop|raw_cartesian_failure_label_fraction|,failure_pattern,linear-gaussian-robustness,linear_gaussian_inference,missing_block,missing_blocks,open_loop,raw_cartesian_failure_label_fraction,,0,45,0,ok,,,linear-gaussian-robustness/results.csv,failures are invalid plus nonconvergence; denominator is all task/scenario/method raw Cartesian rows
failure_pattern|linear-gaussian-robustness|linear_gaussian_inference|missing_block|persistence|conditional_failure_rate|,failure_pattern,linear-gaussian-robustness,linear_gaussian_inference,missing_block,missing_blocks,persistence,conditional_failure_rate,,0,15,0,ok,,,linear-gaussian-robustness/results.csv,failures are invalid plus nonconvergence; denominator is ok plus invalid plus nonconvergence rows
failure_pattern|linear-gaussian-robustness|linear_gaussian_inference|missing_block|persistence|raw_cartesian_failure_label_fraction|,failure_pattern,linear-gaussian-robustness,linear_gaussian_inference,missing_block,missing_blocks,persistence,raw_cartesian_failure_label_fraction,,0,45,0,ok,,,linear-gaussian-robustness/results.csv,failures are invalid plus nonconvergence; denominator is all task/scenario/method raw Cartesian rows
failure_pattern|linear-gaussian-robustness|linear_gaussian_inference|missing_block|selected_kalman_filter|conditional_failure_rate|,failure_pattern,linear-gaussian-robustness,linear_gaussian_inference,missing_block,missing_blocks,selected_kalman_filter,conditional_failure_rate,,0,35,0,ok,,,linear-gaussian-robustness/results.csv,failures are invalid plus nonconvergence; denominator is ok plus invalid plus nonconvergence rows
failure_pattern|linear-gaussian-robustness|linear_gaussian_inference|missing_block|selected_kalman_filter|raw_cartesian_failure_label_fraction|,failure_pattern,linear-gaussian-robustness,linear_gaussian_inference,missing_block,missing_blocks,selected_kalman_filter,raw_cartesian_failure_label_fraction,,0,45,0,ok,,,linear-gaussian-robustness/results.csv,failures are invalid plus nonconvergence; denominator is all task/scenario/method raw Cartesian rows
failure_pattern|linear-gaussian-robustness|linear_gaussian_inference|missing_block|selected_rts_smoother|conditional_failure_rate|,failure_pattern,linear-gaussian-robustness,linear_gaussian_inference,missing_block,missing_blocks,selected_rts_smoother,conditional_failure_rate,,0,30,0,ok,,,linear-gaussian-robustness/results.csv,failures are invalid plus nonconvergence; denominator is ok plus invalid plus nonconvergence rows
failure_pattern|linear-gaussian-robustness|linear_gaussian_inference|missing_block|selected_rts_smoother|raw_cartesian_failure_label_fraction|,failure_pattern,linear-gaussian-robustness,linear_gaussian_inference,missing_block,missing_blocks,selected_rts_smoother,raw_cartesian_failure_label_fraction,,0,45,0,ok,,,linear-gaussian-robustness/results.csv,failures are invalid plus nonconvergence; denominator is all task/scenario/method raw Cartesian rows
failure_pattern|linear-gaussian-robustness|linear_gaussian_inference|missing_block|stationary_mean|conditional_failure_rate|,failure_pattern,linear-gaussian-robustness,linear_gaussian_inference,missing_block,missing_blocks,stationary_mean,conditional_failure_rate,,0,15,0,ok,,,linear-gaussian-robustness/results.csv,failures are invalid plus nonconvergence; denominator is ok plus invalid plus nonconvergence rows
failure_pattern|linear-gaussian-robustness|linear_gaussian_inference|missing_block|stationary_mean|raw_cartesian_failure_label_fraction|,failure_pattern,linear-gaussian-robustness,linear_gaussian_inference,missing_block,missing_blocks,stationary_mean,raw_cartesian_failure_label_fraction,,0,45,0,ok,,,linear-gaussian-robustness/results.csv,failures are invalid plus nonconvergence; denominator is all task/scenario/method raw Cartesian rows
failure_pattern|linear-gaussian-robustness|linear_gaussian_inference|near_unit_root|batch_conditioning_oracle|conditional_failure_rate|,failure_pattern,linear-gaussian-robustness,linear_gaussian_inference,near_unit_root,near_unit_root_stress,batch_conditioning_oracle,conditional_failure_rate,,0,20,0,ok,,,linear-gaussian-robustness/results.csv,failures are invalid plus nonconvergence; denominator is ok plus invalid plus nonconvergence rows
failure_pattern|linear-gaussian-robustness|linear_gaussian_inference|near_unit_root|batch_conditioning_oracle|raw_cartesian_failure_label_fraction|,failure_pattern,linear-gaussian-robustness,linear_gaussian_inference,near_unit_root,near_unit_root_stress,batch_conditioning_oracle,raw_cartesian_failure_label_fraction,,0,45,0,ok,,,linear-gaussian-robustness/results.csv,failures are invalid plus nonconvergence; denominator is all task/scenario/method raw Cartesian rows
failure_pattern|linear-gaussian-robustness|linear_gaussian_inference|near_unit_root|false_continuation_filter|conditional_failure_rate|,failure_pattern,linear-gaussian-robustness,linear_gaussian_inference,near_unit_root,near_unit_root_stress,false_continuation_filter,conditional_failure_rate,,,,,inapplicable,,,linear-gaussian-robustness/results.csv,"conditional denominator is zero because every source row is inapplicable; numerator, denominator, and rate are blank"
failure_pattern|linear-gaussian-robustness|linear_gaussian_inference|near_unit_root|false_continuation_filter|raw_cartesian_failure_label_fraction|,failure_pattern,linear-gaussian-robustness,linear_gaussian_inference,near_unit_root,near_unit_root_stress,false_continuation_filter,raw_cartesian_failure_label_fraction,,0,45,0,ok,,,linear-gaussian-robustness/results.csv,failures are invalid plus nonconvergence; denominator is all task/scenario/method raw Cartesian rows
failure_pattern|linear-gaussian-robustness|linear_gaussian_inference|near_unit_root|known_kalman_filter|conditional_failure_rate|,failure_pattern,linear-gaussian-robustness,linear_gaussian_inference,near_unit_root,near_unit_root_stress,known_kalman_filter,conditional_failure_rate,,0,25,0,ok,,,linear-gaussian-robustness/results.csv,failures are invalid plus nonconvergence; denominator is ok plus invalid plus nonconvergence rows
failure_pattern|linear-gaussian-robustness|linear_gaussian_inference|near_unit_root|known_kalman_filter|raw_cartesian_failure_label_fraction|,failure_pattern,linear-gaussian-robustness,linear_gaussian_inference,near_unit_root,near_unit_root_stress,known_kalman_filter,raw_cartesian_failure_label_fraction,,0,45,0,ok,,,linear-gaussian-robustness/results.csv,failures are invalid plus nonconvergence; denominator is all task/scenario/method raw Cartesian rows
failure_pattern|linear-gaussian-robustness|linear_gaussian_inference|near_unit_root|known_rts_smoother|conditional_failure_rate|,failure_pattern,linear-gaussian-robustness,linear_gaussian_inference,near_unit_root,near_unit_root_stress,known_rts_smoother,conditional_failure_rate,,0,20,0,ok,,,linear-gaussian-robustness/results.csv,failures are invalid plus nonconvergence; denominator is ok plus invalid plus nonconvergence rows
failure_pattern|linear-gaussian-robustness|linear_gaussian_inference|near_unit_root|known_rts_smoother|raw_cartesian_failure_label_fraction|,failure_pattern,linear-gaussian-robustness,linear_gaussian_inference,near_unit_root,near_unit_root_stress,known_rts_smoother,raw_cartesian_failure_label_fraction,,0,45,0,ok,,,linear-gaussian-robustness/results.csv,failures are invalid plus nonconvergence; denominator is all task/scenario/method raw Cartesian rows
failure_pattern|linear-gaussian-robustness|linear_gaussian_inference|near_unit_root|misspecified_kalman_filter|conditional_failure_rate|,failure_pattern,linear-gaussian-robustness,linear_gaussian_inference,near_unit_root,near_unit_root_stress,misspecified_kalman_filter,conditional_failure_rate,,,,,inapplicable,,,linear-gaussian-robustness/results.csv,"conditional denominator is zero because every source row is inapplicable; numerator, denominator, and rate are blank"
failure_pattern|linear-gaussian-robustness|linear_gaussian_inference|near_unit_root|misspecified_kalman_filter|raw_cartesian_failure_label_fraction|,failure_pattern,linear-gaussian-robustness,linear_gaussian_inference,near_unit_root,near_unit_root_stress,misspecified_kalman_filter,raw_cartesian_failure_label_fraction,,0,45,0,ok,,,linear-gaussian-robustness/results.csv,failures are invalid plus nonconvergence; denominator is all task/scenario/method raw Cartesian rows
failure_pattern|linear-gaussian-robustness|linear_gaussian_inference|near_unit_root|misspecified_rts_smoother|conditional_failure_rate|,failure_pattern,linear-gaussian-robustness,linear_gaussian_inference,near_unit_root,near_unit_root_stress,misspecified_rts_smoother,conditional_failure_rate,,,,,inapplicable,,,linear-gaussian-robustness/results.csv,"conditional denominator is zero because every source row is inapplicable; numerator, denominator, and rate are blank"
failure_pattern|linear-gaussian-robustness|linear_gaussian_inference|near_unit_root|misspecified_rts_smoother|raw_cartesian_failure_label_fraction|,failure_pattern,linear-gaussian-robustness,linear_gaussian_inference,near_unit_root,near_unit_root_stress,misspecified_rts_smoother,raw_cartesian_failure_label_fraction,,0,45,0,ok,,,linear-gaussian-robustness/results.csv,failures are invalid plus nonconvergence; denominator is all task/scenario/method raw Cartesian rows
failure_pattern|linear-gaussian-robustness|linear_gaussian_inference|near_unit_root|open_loop|conditional_failure_rate|,failure_pattern,linear-gaussian-robustness,linear_gaussian_inference,near_unit_root,near_unit_root_stress,open_loop,conditional_failure_rate,,0,5,0,ok,,,linear-gaussian-robustness/results.csv,failures are invalid plus nonconvergence; denominator is ok plus invalid plus nonconvergence rows
failure_pattern|linear-gaussian-robustness|linear_gaussian_inference|near_unit_root|open_loop|raw_cartesian_failure_label_fraction|,failure_pattern,linear-gaussian-robustness,linear_gaussian_inference,near_unit_root,near_unit_root_stress,open_loop,raw_cartesian_failure_label_fraction,,0,45,0,ok,,,linear-gaussian-robustness/results.csv,failures are invalid plus nonconvergence; denominator is all task/scenario/method raw Cartesian rows
failure_pattern|linear-gaussian-robustness|linear_gaussian_inference|near_unit_root|persistence|conditional_failure_rate|,failure_pattern,linear-gaussian-robustness,linear_gaussian_inference,near_unit_root,near_unit_root_stress,persistence,conditional_failure_rate,,0,5,0,ok,,,linear-gaussian-robustness/results.csv,failures are invalid plus nonconvergence; denominator is ok plus invalid plus nonconvergence rows
failure_pattern|linear-gaussian-robustness|linear_gaussian_inference|near_unit_root|persistence|raw_cartesian_failure_label_fraction|,failure_pattern,linear-gaussian-robustness,linear_gaussian_inference,near_unit_root,near_unit_root_stress,persistence,raw_cartesian_failure_label_fraction,,0,45,0,ok,,,linear-gaussian-robustness/results.csv,failures are invalid plus nonconvergence; denominator is all task/scenario/method raw Cartesian rows
failure_pattern|linear-gaussian-robustness|linear_gaussian_inference|near_unit_root|selected_kalman_filter|conditional_failure_rate|,failure_pattern,linear-gaussian-robustness,linear_gaussian_inference,near_unit_root,near_unit_root_stress,selected_kalman_filter,conditional_failure_rate,,0,25,0,ok,,,linear-gaussian-robustness/results.csv,failures are invalid plus nonconvergence; denominator is ok plus invalid plus nonconvergence rows
failure_pattern|linear-gaussian-robustness|linear_gaussian_inference|near_unit_root|selected_kalman_filter|raw_cartesian_failure_label_fraction|,failure_pattern,linear-gaussian-robustness,linear_gaussian_inference,near_unit_root,near_unit_root_stress,selected_kalman_filter,raw_cartesian_failure_label_fraction,,0,45,0,ok,,,linear-gaussian-robustness/results.csv,failures are invalid plus nonconvergence; denominator is all task/scenario/method raw Cartesian rows
failure_pattern|linear-gaussian-robustness|linear_gaussian_inference|near_unit_root|selected_rts_smoother|conditional_failure_rate|,failure_pattern,linear-gaussian-robustness,linear_gaussian_inference,near_unit_root,near_unit_root_stress,selected_rts_smoother,conditional_failure_rate,,0,20,0,ok,,,linear-gaussian-robustness/results.csv,failures are invalid plus nonconvergence; denominator is ok plus invalid plus nonconvergence rows
failure_pattern|linear-gaussian-robustness|linear_gaussian_inference|near_unit_root|selected_rts_smoother|raw_cartesian_failure_label_fraction|,failure_pattern,linear-gaussian-robustness,linear_gaussian_inference,near_unit_root,near_unit_root_stress,selected_rts_smoother,raw_cartesian_failure_label_fraction,,0,45,0,ok,,,linear-gaussian-robustness/results.csv,failures are invalid plus nonconvergence; denominator is all task/scenario/method raw Cartesian rows
failure_pattern|linear-gaussian-robustness|linear_gaussian_inference|near_unit_root|stationary_mean|conditional_failure_rate|,failure_pattern,linear-gaussian-robustness,linear_gaussian_inference,near_unit_root,near_unit_root_stress,stationary_mean,conditional_failure_rate,,0,5,0,ok,,,linear-gaussian-robustness/results.csv,failures are invalid plus nonconvergence; denominator is ok plus invalid plus nonconvergence rows
failure_pattern|linear-gaussian-robustness|linear_gaussian_inference|near_unit_root|stationary_mean|raw_cartesian_failure_label_fraction|,failure_pattern,linear-gaussian-robustness,linear_gaussian_inference,near_unit_root,near_unit_root_stress,stationary_mean,raw_cartesian_failure_label_fraction,,0,45,0,ok,,,linear-gaussian-robustness/results.csv,failures are invalid plus nonconvergence; denominator is all task/scenario/method raw Cartesian rows
failure_pattern|linear-gaussian-robustness|linear_gaussian_inference|observation_dominant|batch_conditioning_oracle|conditional_failure_rate|,failure_pattern,linear-gaussian-robustness,linear_gaussian_inference,observation_dominant,noise_ratio,batch_conditioning_oracle,conditional_failure_rate,,0,20,0,ok,,,linear-gaussian-robustness/results.csv,failures are invalid plus nonconvergence; denominator is ok plus invalid plus nonconvergence rows
failure_pattern|linear-gaussian-robustness|linear_gaussian_inference|observation_dominant|batch_conditioning_oracle|raw_cartesian_failure_label_fraction|,failure_pattern,linear-gaussian-robustness,linear_gaussian_inference,observation_dominant,noise_ratio,batch_conditioning_oracle,raw_cartesian_failure_label_fraction,,0,45,0,ok,,,linear-gaussian-robustness/results.csv,failures are invalid plus nonconvergence; denominator is all task/scenario/method raw Cartesian rows
failure_pattern|linear-gaussian-robustness|linear_gaussian_inference|observation_dominant|false_continuation_filter|conditional_failure_rate|,failure_pattern,linear-gaussian-robustness,linear_gaussian_inference,observation_dominant,noise_ratio,false_continuation_filter,conditional_failure_rate,,,,,inapplicable,,,linear-gaussian-robustness/results.csv,"conditional denominator is zero because every source row is inapplicable; numerator, denominator, and rate are blank"
failure_pattern|linear-gaussian-robustness|linear_gaussian_inference|observation_dominant|false_continuation_filter|raw_cartesian_failure_label_fraction|,failure_pattern,linear-gaussian-robustness,linear_gaussian_inference,observation_dominant,noise_ratio,false_continuation_filter,raw_cartesian_failure_label_fraction,,0,45,0,ok,,,linear-gaussian-robustness/results.csv,failures are invalid plus nonconvergence; denominator is all task/scenario/method raw Cartesian rows
failure_pattern|linear-gaussian-robustness|linear_gaussian_inference|observation_dominant|known_kalman_filter|conditional_failure_rate|,failure_pattern,linear-gaussian-robustness,linear_gaussian_inference,observation_dominant,noise_ratio,known_kalman_filter,conditional_failure_rate,,0,25,0,ok,,,linear-gaussian-robustness/results.csv,failures are invalid plus nonconvergence; denominator is ok plus invalid plus nonconvergence rows
failure_pattern|linear-gaussian-robustness|linear_gaussian_inference|observation_dominant|known_kalman_filter|raw_cartesian_failure_label_fraction|,failure_pattern,linear-gaussian-robustness,linear_gaussian_inference,observation_dominant,noise_ratio,known_kalman_filter,raw_cartesian_failure_label_fraction,,0,45,0,ok,,,linear-gaussian-robustness/results.csv,failures are invalid plus nonconvergence; denominator is all task/scenario/method raw Cartesian rows
failure_pattern|linear-gaussian-robustness|linear_gaussian_inference|observation_dominant|known_rts_smoother|conditional_failure_rate|,failure_pattern,linear-gaussian-robustness,linear_gaussian_inference,observation_dominant,noise_ratio,known_rts_smoother,conditional_failure_rate,,0,20,0,ok,,,linear-gaussian-robustness/results.csv,failures are invalid plus nonconvergence; denominator is ok plus invalid plus nonconvergence rows
failure_pattern|linear-gaussian-robustness|linear_gaussian_inference|observation_dominant|known_rts_smoother|raw_cartesian_failure_label_fraction|,failure_pattern,linear-gaussian-robustness,linear_gaussian_inference,observation_dominant,noise_ratio,known_rts_smoother,raw_cartesian_failure_label_fraction,,0,45,0,ok,,,linear-gaussian-robustness/results.csv,failures are invalid plus nonconvergence; denominator is all task/scenario/method raw Cartesian rows
failure_pattern|linear-gaussian-robustness|linear_gaussian_inference|observation_dominant|misspecified_kalman_filter|conditional_failure_rate|,failure_pattern,linear-gaussian-robustness,linear_gaussian_inference,observation_dominant,noise_ratio,misspecified_kalman_filter,conditional_failure_rate,,,,,inapplicable,,,linear-gaussian-robustness/results.csv,"conditional denominator is zero because every source row is inapplicable; numerator, denominator, and rate are blank"
failure_pattern|linear-gaussian-robustness|linear_gaussian_inference|observation_dominant|misspecified_kalman_filter|raw_cartesian_failure_label_fraction|,failure_pattern,linear-gaussian-robustness,linear_gaussian_inference,observation_dominant,noise_ratio,misspecified_kalman_filter,raw_cartesian_failure_label_fraction,,0,45,0,ok,,,linear-gaussian-robustness/results.csv,failures are invalid plus nonconvergence; denominator is all task/scenario/method raw Cartesian rows
failure_pattern|linear-gaussian-robustness|linear_gaussian_inference|observation_dominant|misspecified_rts_smoother|conditional_failure_rate|,failure_pattern,linear-gaussian-robustness,linear_gaussian_inference,observation_dominant,noise_ratio,misspecified_rts_smoother,conditional_failure_rate,,,,,inapplicable,,,linear-gaussian-robustness/results.csv,"conditional denominator is zero because every source row is inapplicable; numerator, denominator, and rate are blank"
failure_pattern|linear-gaussian-robustness|linear_gaussian_inference|observation_dominant|misspecified_rts_smoother|raw_cartesian_failure_label_fraction|,failure_pattern,linear-gaussian-robustness,linear_gaussian_inference,observation_dominant,noise_ratio,misspecified_rts_smoother,raw_cartesian_failure_label_fraction,,0,45,0,ok,,,linear-gaussian-robustness/results.csv,failures are invalid plus nonconvergence; denominator is all task/scenario/method raw Cartesian rows
failure_pattern|linear-gaussian-robustness|linear_gaussian_inference|observation_dominant|open_loop|conditional_failure_rate|,failure_pattern,linear-gaussian-robustness,linear_gaussian_inference,observation_dominant,noise_ratio,open_loop,conditional_failure_rate,,0,5,0,ok,,,linear-gaussian-robustness/results.csv,failures are invalid plus nonconvergence; denominator is ok plus invalid plus nonconvergence rows
failure_pattern|linear-gaussian-robustness|linear_gaussian_inference|observation_dominant|open_loop|raw_cartesian_failure_label_fraction|,failure_pattern,linear-gaussian-robustness,linear_gaussian_inference,observation_dominant,noise_ratio,open_loop,raw_cartesian_failure_label_fraction,,0,45,0,ok,,,linear-gaussian-robustness/results.csv,failures are invalid plus nonconvergence; denominator is all task/scenario/method raw Cartesian rows
failure_pattern|linear-gaussian-robustness|linear_gaussian_inference|observation_dominant|persistence|conditional_failure_rate|,failure_pattern,linear-gaussian-robustness,linear_gaussian_inference,observation_dominant,noise_ratio,persistence,conditional_failure_rate,,0,5,0,ok,,,linear-gaussian-robustness/results.csv,failures are invalid plus nonconvergence; denominator is ok plus invalid plus nonconvergence rows
failure_pattern|linear-gaussian-robustness|linear_gaussian_inference|observation_dominant|persistence|raw_cartesian_failure_label_fraction|,failure_pattern,linear-gaussian-robustness,linear_gaussian_inference,observation_dominant,noise_ratio,persistence,raw_cartesian_failure_label_fraction,,0,45,0,ok,,,linear-gaussian-robustness/results.csv,failures are invalid plus nonconvergence; denominator is all task/scenario/method raw Cartesian rows
failure_pattern|linear-gaussian-robustness|linear_gaussian_inference|observation_dominant|selected_kalman_filter|conditional_failure_rate|,failure_pattern,linear-gaussian-robustness,linear_gaussian_inference,observation_dominant,noise_ratio,selected_kalman_filter,conditional_failure_rate,,0,25,0,ok,,,linear-gaussian-robustness/results.csv,failures are invalid plus nonconvergence; denominator is ok plus invalid plus nonconvergence rows
failure_pattern|linear-gaussian-robustness|linear_gaussian_inference|observation_dominant|selected_kalman_filter|raw_cartesian_failure_label_fraction|,failure_pattern,linear-gaussian-robustness,linear_gaussian_inference,observation_dominant,noise_ratio,selected_kalman_filter,raw_cartesian_failure_label_fraction,,0,45,0,ok,,,linear-gaussian-robustness/results.csv,failures are invalid plus nonconvergence; denominator is all task/scenario/method raw Cartesian rows
failure_pattern|linear-gaussian-robustness|linear_gaussian_inference|observation_dominant|selected_rts_smoother|conditional_failure_rate|,failure_pattern,linear-gaussian-robustness,linear_gaussian_inference,observation_dominant,noise_ratio,selected_rts_smoother,conditional_failure_rate,,0,20,0,ok,,,linear-gaussian-robustness/results.csv,failures are invalid plus nonconvergence; denominator is ok plus invalid plus nonconvergence rows
failure_pattern|linear-gaussian-robustness|linear_gaussian_inference|observation_dominant|selected_rts_smoother|raw_cartesian_failure_label_fraction|,failure_pattern,linear-gaussian-robustness,linear_gaussian_inference,observation_dominant,noise_ratio,selected_rts_smoother,raw_cartesian_failure_label_fraction,,0,45,0,ok,,,linear-gaussian-robustness/results.csv,failures are invalid plus nonconvergence; denominator is all task/scenario/method raw Cartesian rows
failure_pattern|linear-gaussian-robustness|linear_gaussian_inference|observation_dominant|stationary_mean|conditional_failure_rate|,failure_pattern,linear-gaussian-robustness,linear_gaussian_inference,observation_dominant,noise_ratio,stationary_mean,conditional_failure_rate,,0,5,0,ok,,,linear-gaussian-robustness/results.csv,failures are invalid plus nonconvergence; denominator is ok plus invalid plus nonconvergence rows
failure_pattern|linear-gaussian-robustness|linear_gaussian_inference|observation_dominant|stationary_mean|raw_cartesian_failure_label_fraction|,failure_pattern,linear-gaussian-robustness,linear_gaussian_inference,observation_dominant,noise_ratio,stationary_mean,raw_cartesian_failure_label_fraction,,0,45,0,ok,,,linear-gaussian-robustness/results.csv,failures are invalid plus nonconvergence; denominator is all task/scenario/method raw Cartesian rows
failure_pattern|linear-gaussian-robustness|linear_gaussian_inference|process_dominant|batch_conditioning_oracle|conditional_failure_rate|,failure_pattern,linear-gaussian-robustness,linear_gaussian_inference,process_dominant,noise_ratio,batch_conditioning_oracle,conditional_failure_rate,,0,20,0,ok,,,linear-gaussian-robustness/results.csv,failures are invalid plus nonconvergence; denominator is ok plus invalid plus nonconvergence rows
failure_pattern|linear-gaussian-robustness|linear_gaussian_inference|process_dominant|batch_conditioning_oracle|raw_cartesian_failure_label_fraction|,failure_pattern,linear-gaussian-robustness,linear_gaussian_inference,process_dominant,noise_ratio,batch_conditioning_oracle,raw_cartesian_failure_label_fraction,,0,45,0,ok,,,linear-gaussian-robustness/results.csv,failures are invalid plus nonconvergence; denominator is all task/scenario/method raw Cartesian rows
failure_pattern|linear-gaussian-robustness|linear_gaussian_inference|process_dominant|false_continuation_filter|conditional_failure_rate|,failure_pattern,linear-gaussian-robustness,linear_gaussian_inference,process_dominant,noise_ratio,false_continuation_filter,conditional_failure_rate,,,,,inapplicable,,,linear-gaussian-robustness/results.csv,"conditional denominator is zero because every source row is inapplicable; numerator, denominator, and rate are blank"
failure_pattern|linear-gaussian-robustness|linear_gaussian_inference|process_dominant|false_continuation_filter|raw_cartesian_failure_label_fraction|,failure_pattern,linear-gaussian-robustness,linear_gaussian_inference,process_dominant,noise_ratio,false_continuation_filter,raw_cartesian_failure_label_fraction,,0,45,0,ok,,,linear-gaussian-robustness/results.csv,failures are invalid plus nonconvergence; denominator is all task/scenario/method raw Cartesian rows
failure_pattern|linear-gaussian-robustness|linear_gaussian_inference|process_dominant|known_kalman_filter|conditional_failure_rate|,failure_pattern,linear-gaussian-robustness,linear_gaussian_inference,process_dominant,noise_ratio,known_kalman_filter,conditional_failure_rate,,0,25,0,ok,,,linear-gaussian-robustness/results.csv,failures are invalid plus nonconvergence; denominator is ok plus invalid plus nonconvergence rows
failure_pattern|linear-gaussian-robustness|linear_gaussian_inference|process_dominant|known_kalman_filter|raw_cartesian_failure_label_fraction|,failure_pattern,linear-gaussian-robustness,linear_gaussian_inference,process_dominant,noise_ratio,known_kalman_filter,raw_cartesian_failure_label_fraction,,0,45,0,ok,,,linear-gaussian-robustness/results.csv,failures are invalid plus nonconvergence; denominator is all task/scenario/method raw Cartesian rows
failure_pattern|linear-gaussian-robustness|linear_gaussian_inference|process_dominant|known_rts_smoother|conditional_failure_rate|,failure_pattern,linear-gaussian-robustness,linear_gaussian_inference,process_dominant,noise_ratio,known_rts_smoother,conditional_failure_rate,,0,20,0,ok,,,linear-gaussian-robustness/results.csv,failures are invalid plus nonconvergence; denominator is ok plus invalid plus nonconvergence rows
failure_pattern|linear-gaussian-robustness|linear_gaussian_inference|process_dominant|known_rts_smoother|raw_cartesian_failure_label_fraction|,failure_pattern,linear-gaussian-robustness,linear_gaussian_inference,process_dominant,noise_ratio,known_rts_smoother,raw_cartesian_failure_label_fraction,,0,45,0,ok,,,linear-gaussian-robustness/results.csv,failures are invalid plus nonconvergence; denominator is all task/scenario/method raw Cartesian rows
failure_pattern|linear-gaussian-robustness|linear_gaussian_inference|process_dominant|misspecified_kalman_filter|conditional_failure_rate|,failure_pattern,linear-gaussian-robustness,linear_gaussian_inference,process_dominant,noise_ratio,misspecified_kalman_filter,conditional_failure_rate,,,,,inapplicable,,,linear-gaussian-robustness/results.csv,"conditional denominator is zero because every source row is inapplicable; numerator, denominator, and rate are blank"
failure_pattern|linear-gaussian-robustness|linear_gaussian_inference|process_dominant|misspecified_kalman_filter|raw_cartesian_failure_label_fraction|,failure_pattern,linear-gaussian-robustness,linear_gaussian_inference,process_dominant,noise_ratio,misspecified_kalman_filter,raw_cartesian_failure_label_fraction,,0,45,0,ok,,,linear-gaussian-robustness/results.csv,failures are invalid plus nonconvergence; denominator is all task/scenario/method raw Cartesian rows
failure_pattern|linear-gaussian-robustness|linear_gaussian_inference|process_dominant|misspecified_rts_smoother|conditional_failure_rate|,failure_pattern,linear-gaussian-robustness,linear_gaussian_inference,process_dominant,noise_ratio,misspecified_rts_smoother,conditional_failure_rate,,,,,inapplicable,,,linear-gaussian-robustness/results.csv,"conditional denominator is zero because every source row is inapplicable; numerator, denominator, and rate are blank"
failure_pattern|linear-gaussian-robustness|linear_gaussian_inference|process_dominant|misspecified_rts_smoother|raw_cartesian_failure_label_fraction|,failure_pattern,linear-gaussian-robustness,linear_gaussian_inference,process_dominant,noise_ratio,misspecified_rts_smoother,raw_cartesian_failure_label_fraction,,0,45,0,ok,,,linear-gaussian-robustness/results.csv,failures are invalid plus nonconvergence; denominator is all task/scenario/method raw Cartesian rows
failure_pattern|linear-gaussian-robustness|linear_gaussian_inference|process_dominant|open_loop|conditional_failure_rate|,failure_pattern,linear-gaussian-robustness,linear_gaussian_inference,process_dominant,noise_ratio,open_loop,conditional_failure_rate,,0,5,0,ok,,,linear-gaussian-robustness/results.csv,failures are invalid plus nonconvergence; denominator is ok plus invalid plus nonconvergence rows
failure_pattern|linear-gaussian-robustness|linear_gaussian_inference|process_dominant|open_loop|raw_cartesian_failure_label_fraction|,failure_pattern,linear-gaussian-robustness,linear_gaussian_inference,process_dominant,noise_ratio,open_loop,raw_cartesian_failure_label_fraction,,0,45,0,ok,,,linear-gaussian-robustness/results.csv,failures are invalid plus nonconvergence; denominator is all task/scenario/method raw Cartesian rows
failure_pattern|linear-gaussian-robustness|linear_gaussian_inference|process_dominant|persistence|conditional_failure_rate|,failure_pattern,linear-gaussian-robustness,linear_gaussian_inference,process_dominant,noise_ratio,persistence,conditional_failure_rate,,0,5,0,ok,,,linear-gaussian-robustness/results.csv,failures are invalid plus nonconvergence; denominator is ok plus invalid plus nonconvergence rows
failure_pattern|linear-gaussian-robustness|linear_gaussian_inference|process_dominant|persistence|raw_cartesian_failure_label_fraction|,failure_pattern,linear-gaussian-robustness,linear_gaussian_inference,process_dominant,noise_ratio,persistence,raw_cartesian_failure_label_fraction,,0,45,0,ok,,,linear-gaussian-robustness/results.csv,failures are invalid plus nonconvergence; denominator is all task/scenario/method raw Cartesian rows
failure_pattern|linear-gaussian-robustness|linear_gaussian_inference|process_dominant|selected_kalman_filter|conditional_failure_rate|,failure_pattern,linear-gaussian-robustness,linear_gaussian_inference,process_dominant,noise_ratio,selected_kalman_filter,conditional_failure_rate,,0,25,0,ok,,,linear-gaussian-robustness/results.csv,failures are invalid plus nonconvergence; denominator is ok plus invalid plus nonconvergence rows
failure_pattern|linear-gaussian-robustness|linear_gaussian_inference|process_dominant|selected_kalman_filter|raw_cartesian_failure_label_fraction|,failure_pattern,linear-gaussian-robustness,linear_gaussian_inference,process_dominant,noise_ratio,selected_kalman_filter,raw_cartesian_failure_label_fraction,,0,45,0,ok,,,linear-gaussian-robustness/results.csv,failures are invalid plus nonconvergence; denominator is all task/scenario/method raw Cartesian rows
failure_pattern|linear-gaussian-robustness|linear_gaussian_inference|process_dominant|selected_rts_smoother|conditional_failure_rate|,failure_pattern,linear-gaussian-robustness,linear_gaussian_inference,process_dominant,noise_ratio,selected_rts_smoother,conditional_failure_rate,,0,20,0,ok,,,linear-gaussian-robustness/results.csv,failures are invalid plus nonconvergence; denominator is ok plus invalid plus nonconvergence rows
failure_pattern|linear-gaussian-robustness|linear_gaussian_inference|process_dominant|selected_rts_smoother|raw_cartesian_failure_label_fraction|,failure_pattern,linear-gaussian-robustness,linear_gaussian_inference,process_dominant,noise_ratio,selected_rts_smoother,raw_cartesian_failure_label_fraction,,0,45,0,ok,,,linear-gaussian-robustness/results.csv,failures are invalid plus nonconvergence; denominator is all task/scenario/method raw Cartesian rows
failure_pattern|linear-gaussian-robustness|linear_gaussian_inference|process_dominant|stationary_mean|conditional_failure_rate|,failure_pattern,linear-gaussian-robustness,linear_gaussian_inference,process_dominant,noise_ratio,stationary_mean,conditional_failure_rate,,0,5,0,ok,,,linear-gaussian-robustness/results.csv,failures are invalid plus nonconvergence; denominator is ok plus invalid plus nonconvergence rows
failure_pattern|linear-gaussian-robustness|linear_gaussian_inference|process_dominant|stationary_mean|raw_cartesian_failure_label_fraction|,failure_pattern,linear-gaussian-robustness,linear_gaussian_inference,process_dominant,noise_ratio,stationary_mean,raw_cartesian_failure_label_fraction,,0,45,0,ok,,,linear-gaussian-robustness/results.csv,failures are invalid plus nonconvergence; denominator is all task/scenario/method raw Cartesian rows
failure_pattern|linear-gaussian-robustness|linear_gaussian_inference|reset_boundary|batch_conditioning_oracle|conditional_failure_rate|,failure_pattern,linear-gaussian-robustness,linear_gaussian_inference,reset_boundary,reset_boundary_failure,batch_conditioning_oracle,conditional_failure_rate,,0,20,0,ok,,,linear-gaussian-robustness/results.csv,failures are invalid plus nonconvergence; denominator is ok plus invalid plus nonconvergence rows
failure_pattern|linear-gaussian-robustness|linear_gaussian_inference|reset_boundary|batch_conditioning_oracle|raw_cartesian_failure_label_fraction|,failure_pattern,linear-gaussian-robustness,linear_gaussian_inference,reset_boundary,reset_boundary_failure,batch_conditioning_oracle,raw_cartesian_failure_label_fraction,,0,45,0,ok,,,linear-gaussian-robustness/results.csv,failures are invalid plus nonconvergence; denominator is all task/scenario/method raw Cartesian rows
failure_pattern|linear-gaussian-robustness|linear_gaussian_inference|reset_boundary|false_continuation_filter|conditional_failure_rate|,failure_pattern,linear-gaussian-robustness,linear_gaussian_inference,reset_boundary,reset_boundary_failure,false_continuation_filter,conditional_failure_rate,,0,25,0,ok,,,linear-gaussian-robustness/results.csv,failures are invalid plus nonconvergence; denominator is ok plus invalid plus nonconvergence rows
failure_pattern|linear-gaussian-robustness|linear_gaussian_inference|reset_boundary|false_continuation_filter|raw_cartesian_failure_label_fraction|,failure_pattern,linear-gaussian-robustness,linear_gaussian_inference,reset_boundary,reset_boundary_failure,false_continuation_filter,raw_cartesian_failure_label_fraction,,0,45,0,ok,,,linear-gaussian-robustness/results.csv,failures are invalid plus nonconvergence; denominator is all task/scenario/method raw Cartesian rows
failure_pattern|linear-gaussian-robustness|linear_gaussian_inference|reset_boundary|known_kalman_filter|conditional_failure_rate|,failure_pattern,linear-gaussian-robustness,linear_gaussian_inference,reset_boundary,reset_boundary_failure,known_kalman_filter,conditional_failure_rate,,0,25,0,ok,,,linear-gaussian-robustness/results.csv,failures are invalid plus nonconvergence; denominator is ok plus invalid plus nonconvergence rows
failure_pattern|linear-gaussian-robustness|linear_gaussian_inference|reset_boundary|known_kalman_filter|raw_cartesian_failure_label_fraction|,failure_pattern,linear-gaussian-robustness,linear_gaussian_inference,reset_boundary,reset_boundary_failure,known_kalman_filter,raw_cartesian_failure_label_fraction,,0,45,0,ok,,,linear-gaussian-robustness/results.csv,failures are invalid plus nonconvergence; denominator is all task/scenario/method raw Cartesian rows
failure_pattern|linear-gaussian-robustness|linear_gaussian_inference|reset_boundary|known_rts_smoother|conditional_failure_rate|,failure_pattern,linear-gaussian-robustness,linear_gaussian_inference,reset_boundary,reset_boundary_failure,known_rts_smoother,conditional_failure_rate,,0,20,0,ok,,,linear-gaussian-robustness/results.csv,failures are invalid plus nonconvergence; denominator is ok plus invalid plus nonconvergence rows
failure_pattern|linear-gaussian-robustness|linear_gaussian_inference|reset_boundary|known_rts_smoother|raw_cartesian_failure_label_fraction|,failure_pattern,linear-gaussian-robustness,linear_gaussian_inference,reset_boundary,reset_boundary_failure,known_rts_smoother,raw_cartesian_failure_label_fraction,,0,45,0,ok,,,linear-gaussian-robustness/results.csv,failures are invalid plus nonconvergence; denominator is all task/scenario/method raw Cartesian rows
failure_pattern|linear-gaussian-robustness|linear_gaussian_inference|reset_boundary|misspecified_kalman_filter|conditional_failure_rate|,failure_pattern,linear-gaussian-robustness,linear_gaussian_inference,reset_boundary,reset_boundary_failure,misspecified_kalman_filter,conditional_failure_rate,,,,,inapplicable,,,linear-gaussian-robustness/results.csv,"conditional denominator is zero because every source row is inapplicable; numerator, denominator, and rate are blank"
failure_pattern|linear-gaussian-robustness|linear_gaussian_inference|reset_boundary|misspecified_kalman_filter|raw_cartesian_failure_label_fraction|,failure_pattern,linear-gaussian-robustness,linear_gaussian_inference,reset_boundary,reset_boundary_failure,misspecified_kalman_filter,raw_cartesian_failure_label_fraction,,0,45,0,ok,,,linear-gaussian-robustness/results.csv,failures are invalid plus nonconvergence; denominator is all task/scenario/method raw Cartesian rows
failure_pattern|linear-gaussian-robustness|linear_gaussian_inference|reset_boundary|misspecified_rts_smoother|conditional_failure_rate|,failure_pattern,linear-gaussian-robustness,linear_gaussian_inference,reset_boundary,reset_boundary_failure,misspecified_rts_smoother,conditional_failure_rate,,,,,inapplicable,,,linear-gaussian-robustness/results.csv,"conditional denominator is zero because every source row is inapplicable; numerator, denominator, and rate are blank"
failure_pattern|linear-gaussian-robustness|linear_gaussian_inference|reset_boundary|misspecified_rts_smoother|raw_cartesian_failure_label_fraction|,failure_pattern,linear-gaussian-robustness,linear_gaussian_inference,reset_boundary,reset_boundary_failure,misspecified_rts_smoother,raw_cartesian_failure_label_fraction,,0,45,0,ok,,,linear-gaussian-robustness/results.csv,failures are invalid plus nonconvergence; denominator is all task/scenario/method raw Cartesian rows
failure_pattern|linear-gaussian-robustness|linear_gaussian_inference|reset_boundary|open_loop|conditional_failure_rate|,failure_pattern,linear-gaussian-robustness,linear_gaussian_inference,reset_boundary,reset_boundary_failure,open_loop,conditional_failure_rate,,0,5,0,ok,,,linear-gaussian-robustness/results.csv,failures are invalid plus nonconvergence; denominator is ok plus invalid plus nonconvergence rows
failure_pattern|linear-gaussian-robustness|linear_gaussian_inference|reset_boundary|open_loop|raw_cartesian_failure_label_fraction|,failure_pattern,linear-gaussian-robustness,linear_gaussian_inference,reset_boundary,reset_boundary_failure,open_loop,raw_cartesian_failure_label_fraction,,0,45,0,ok,,,linear-gaussian-robustness/results.csv,failures are invalid plus nonconvergence; denominator is all task/scenario/method raw Cartesian rows
failure_pattern|linear-gaussian-robustness|linear_gaussian_inference|reset_boundary|persistence|conditional_failure_rate|,failure_pattern,linear-gaussian-robustness,linear_gaussian_inference,reset_boundary,reset_boundary_failure,persistence,conditional_failure_rate,,0,5,0,ok,,,linear-gaussian-robustness/results.csv,failures are invalid plus nonconvergence; denominator is ok plus invalid plus nonconvergence rows
failure_pattern|linear-gaussian-robustness|linear_gaussian_inference|reset_boundary|persistence|raw_cartesian_failure_label_fraction|,failure_pattern,linear-gaussian-robustness,linear_gaussian_inference,reset_boundary,reset_boundary_failure,persistence,raw_cartesian_failure_label_fraction,,0,45,0,ok,,,linear-gaussian-robustness/results.csv,failures are invalid plus nonconvergence; denominator is all task/scenario/method raw Cartesian rows
failure_pattern|linear-gaussian-robustness|linear_gaussian_inference|reset_boundary|selected_kalman_filter|conditional_failure_rate|,failure_pattern,linear-gaussian-robustness,linear_gaussian_inference,reset_boundary,reset_boundary_failure,selected_kalman_filter,conditional_failure_rate,,0,25,0,ok,,,linear-gaussian-robustness/results.csv,failures are invalid plus nonconvergence; denominator is ok plus invalid plus nonconvergence rows
failure_pattern|linear-gaussian-robustness|linear_gaussian_inference|reset_boundary|selected_kalman_filter|raw_cartesian_failure_label_fraction|,failure_pattern,linear-gaussian-robustness,linear_gaussian_inference,reset_boundary,reset_boundary_failure,selected_kalman_filter,raw_cartesian_failure_label_fraction,,0,45,0,ok,,,linear-gaussian-robustness/results.csv,failures are invalid plus nonconvergence; denominator is all task/scenario/method raw Cartesian rows
failure_pattern|linear-gaussian-robustness|linear_gaussian_inference|reset_boundary|selected_rts_smoother|conditional_failure_rate|,failure_pattern,linear-gaussian-robustness,linear_gaussian_inference,reset_boundary,reset_boundary_failure,selected_rts_smoother,conditional_failure_rate,,0,20,0,ok,,,linear-gaussian-robustness/results.csv,failures are invalid plus nonconvergence; denominator is ok plus invalid plus nonconvergence rows
failure_pattern|linear-gaussian-robustness|linear_gaussian_inference|reset_boundary|selected_rts_smoother|raw_cartesian_failure_label_fraction|,failure_pattern,linear-gaussian-robustness,linear_gaussian_inference,reset_boundary,reset_boundary_failure,selected_rts_smoother,raw_cartesian_failure_label_fraction,,0,45,0,ok,,,linear-gaussian-robustness/results.csv,failures are invalid plus nonconvergence; denominator is all task/scenario/method raw Cartesian rows
failure_pattern|linear-gaussian-robustness|linear_gaussian_inference|reset_boundary|stationary_mean|conditional_failure_rate|,failure_pattern,linear-gaussian-robustness,linear_gaussian_inference,reset_boundary,reset_boundary_failure,stationary_mean,conditional_failure_rate,,0,5,0,ok,,,linear-gaussian-robustness/results.csv,failures are invalid plus nonconvergence; denominator is ok plus invalid plus nonconvergence rows
failure_pattern|linear-gaussian-robustness|linear_gaussian_inference|reset_boundary|stationary_mean|raw_cartesian_failure_label_fraction|,failure_pattern,linear-gaussian-robustness,linear_gaussian_inference,reset_boundary,reset_boundary_failure,stationary_mean,raw_cartesian_failure_label_fraction,,0,45,0,ok,,,linear-gaussian-robustness/results.csv,failures are invalid plus nonconvergence; denominator is all task/scenario/method raw Cartesian rows
failure_pattern|linear-gaussian-robustness|linear_gaussian_inference|short_sequence|batch_conditioning_oracle|conditional_failure_rate|,failure_pattern,linear-gaussian-robustness,linear_gaussian_inference,short_sequence,sequence_length,batch_conditioning_oracle,conditional_failure_rate,,0,20,0,ok,,,linear-gaussian-robustness/results.csv,failures are invalid plus nonconvergence; denominator is ok plus invalid plus nonconvergence rows
failure_pattern|linear-gaussian-robustness|linear_gaussian_inference|short_sequence|batch_conditioning_oracle|raw_cartesian_failure_label_fraction|,failure_pattern,linear-gaussian-robustness,linear_gaussian_inference,short_sequence,sequence_length,batch_conditioning_oracle,raw_cartesian_failure_label_fraction,,0,45,0,ok,,,linear-gaussian-robustness/results.csv,failures are invalid plus nonconvergence; denominator is all task/scenario/method raw Cartesian rows
failure_pattern|linear-gaussian-robustness|linear_gaussian_inference|short_sequence|false_continuation_filter|conditional_failure_rate|,failure_pattern,linear-gaussian-robustness,linear_gaussian_inference,short_sequence,sequence_length,false_continuation_filter,conditional_failure_rate,,,,,inapplicable,,,linear-gaussian-robustness/results.csv,"conditional denominator is zero because every source row is inapplicable; numerator, denominator, and rate are blank"
failure_pattern|linear-gaussian-robustness|linear_gaussian_inference|short_sequence|false_continuation_filter|raw_cartesian_failure_label_fraction|,failure_pattern,linear-gaussian-robustness,linear_gaussian_inference,short_sequence,sequence_length,false_continuation_filter,raw_cartesian_failure_label_fraction,,0,45,0,ok,,,linear-gaussian-robustness/results.csv,failures are invalid plus nonconvergence; denominator is all task/scenario/method raw Cartesian rows
failure_pattern|linear-gaussian-robustness|linear_gaussian_inference|short_sequence|known_kalman_filter|conditional_failure_rate|,failure_pattern,linear-gaussian-robustness,linear_gaussian_inference,short_sequence,sequence_length,known_kalman_filter,conditional_failure_rate,,0,25,0,ok,,,linear-gaussian-robustness/results.csv,failures are invalid plus nonconvergence; denominator is ok plus invalid plus nonconvergence rows
failure_pattern|linear-gaussian-robustness|linear_gaussian_inference|short_sequence|known_kalman_filter|raw_cartesian_failure_label_fraction|,failure_pattern,linear-gaussian-robustness,linear_gaussian_inference,short_sequence,sequence_length,known_kalman_filter,raw_cartesian_failure_label_fraction,,0,45,0,ok,,,linear-gaussian-robustness/results.csv,failures are invalid plus nonconvergence; denominator is all task/scenario/method raw Cartesian rows
failure_pattern|linear-gaussian-robustness|linear_gaussian_inference|short_sequence|known_rts_smoother|conditional_failure_rate|,failure_pattern,linear-gaussian-robustness,linear_gaussian_inference,short_sequence,sequence_length,known_rts_smoother,conditional_failure_rate,,0,20,0,ok,,,linear-gaussian-robustness/results.csv,failures are invalid plus nonconvergence; denominator is ok plus invalid plus nonconvergence rows
failure_pattern|linear-gaussian-robustness|linear_gaussian_inference|short_sequence|known_rts_smoother|raw_cartesian_failure_label_fraction|,failure_pattern,linear-gaussian-robustness,linear_gaussian_inference,short_sequence,sequence_length,known_rts_smoother,raw_cartesian_failure_label_fraction,,0,45,0,ok,,,linear-gaussian-robustness/results.csv,failures are invalid plus nonconvergence; denominator is all task/scenario/method raw Cartesian rows
failure_pattern|linear-gaussian-robustness|linear_gaussian_inference|short_sequence|misspecified_kalman_filter|conditional_failure_rate|,failure_pattern,linear-gaussian-robustness,linear_gaussian_inference,short_sequence,sequence_length,misspecified_kalman_filter,conditional_failure_rate,,,,,inapplicable,,,linear-gaussian-robustness/results.csv,"conditional denominator is zero because every source row is inapplicable; numerator, denominator, and rate are blank"
failure_pattern|linear-gaussian-robustness|linear_gaussian_inference|short_sequence|misspecified_kalman_filter|raw_cartesian_failure_label_fraction|,failure_pattern,linear-gaussian-robustness,linear_gaussian_inference,short_sequence,sequence_length,misspecified_kalman_filter,raw_cartesian_failure_label_fraction,,0,45,0,ok,,,linear-gaussian-robustness/results.csv,failures are invalid plus nonconvergence; denominator is all task/scenario/method raw Cartesian rows
failure_pattern|linear-gaussian-robustness|linear_gaussian_inference|short_sequence|misspecified_rts_smoother|conditional_failure_rate|,failure_pattern,linear-gaussian-robustness,linear_gaussian_inference,short_sequence,sequence_length,misspecified_rts_smoother,conditional_failure_rate,,,,,inapplicable,,,linear-gaussian-robustness/results.csv,"conditional denominator is zero because every source row is inapplicable; numerator, denominator, and rate are blank"
failure_pattern|linear-gaussian-robustness|linear_gaussian_inference|short_sequence|misspecified_rts_smoother|raw_cartesian_failure_label_fraction|,failure_pattern,linear-gaussian-robustness,linear_gaussian_inference,short_sequence,sequence_length,misspecified_rts_smoother,raw_cartesian_failure_label_fraction,,0,45,0,ok,,,linear-gaussian-robustness/results.csv,failures are invalid plus nonconvergence; denominator is all task/scenario/method raw Cartesian rows
failure_pattern|linear-gaussian-robustness|linear_gaussian_inference|short_sequence|open_loop|conditional_failure_rate|,failure_pattern,linear-gaussian-robustness,linear_gaussian_inference,short_sequence,sequence_length,open_loop,conditional_failure_rate,,0,5,0,ok,,,linear-gaussian-robustness/results.csv,failures are invalid plus nonconvergence; denominator is ok plus invalid plus nonconvergence rows
failure_pattern|linear-gaussian-robustness|linear_gaussian_inference|short_sequence|open_loop|raw_cartesian_failure_label_fraction|,failure_pattern,linear-gaussian-robustness,linear_gaussian_inference,short_sequence,sequence_length,open_loop,raw_cartesian_failure_label_fraction,,0,45,0,ok,,,linear-gaussian-robustness/results.csv,failures are invalid plus nonconvergence; denominator is all task/scenario/method raw Cartesian rows
failure_pattern|linear-gaussian-robustness|linear_gaussian_inference|short_sequence|persistence|conditional_failure_rate|,failure_pattern,linear-gaussian-robustness,linear_gaussian_inference,short_sequence,sequence_length,persistence,conditional_failure_rate,,0,5,0,ok,,,linear-gaussian-robustness/results.csv,failures are invalid plus nonconvergence; denominator is ok plus invalid plus nonconvergence rows
failure_pattern|linear-gaussian-robustness|linear_gaussian_inference|short_sequence|persistence|raw_cartesian_failure_label_fraction|,failure_pattern,linear-gaussian-robustness,linear_gaussian_inference,short_sequence,sequence_length,persistence,raw_cartesian_failure_label_fraction,,0,45,0,ok,,,linear-gaussian-robustness/results.csv,failures are invalid plus nonconvergence; denominator is all task/scenario/method raw Cartesian rows
failure_pattern|linear-gaussian-robustness|linear_gaussian_inference|short_sequence|selected_kalman_filter|conditional_failure_rate|,failure_pattern,linear-gaussian-robustness,linear_gaussian_inference,short_sequence,sequence_length,selected_kalman_filter,conditional_failure_rate,,0,25,0,ok,,,linear-gaussian-robustness/results.csv,failures are invalid plus nonconvergence; denominator is ok plus invalid plus nonconvergence rows
failure_pattern|linear-gaussian-robustness|linear_gaussian_inference|short_sequence|selected_kalman_filter|raw_cartesian_failure_label_fraction|,failure_pattern,linear-gaussian-robustness,linear_gaussian_inference,short_sequence,sequence_length,selected_kalman_filter,raw_cartesian_failure_label_fraction,,0,45,0,ok,,,linear-gaussian-robustness/results.csv,failures are invalid plus nonconvergence; denominator is all task/scenario/method raw Cartesian rows
failure_pattern|linear-gaussian-robustness|linear_gaussian_inference|short_sequence|selected_rts_smoother|conditional_failure_rate|,failure_pattern,linear-gaussian-robustness,linear_gaussian_inference,short_sequence,sequence_length,selected_rts_smoother,conditional_failure_rate,,0,20,0,ok,,,linear-gaussian-robustness/results.csv,failures are invalid plus nonconvergence; denominator is ok plus invalid plus nonconvergence rows
failure_pattern|linear-gaussian-robustness|linear_gaussian_inference|short_sequence|selected_rts_smoother|raw_cartesian_failure_label_fraction|,failure_pattern,linear-gaussian-robustness,linear_gaussian_inference,short_sequence,sequence_length,selected_rts_smoother,raw_cartesian_failure_label_fraction,,0,45,0,ok,,,linear-gaussian-robustness/results.csv,failures are invalid plus nonconvergence; denominator is all task/scenario/method raw Cartesian rows
failure_pattern|linear-gaussian-robustness|linear_gaussian_inference|short_sequence|stationary_mean|conditional_failure_rate|,failure_pattern,linear-gaussian-robustness,linear_gaussian_inference,short_sequence,sequence_length,stationary_mean,conditional_failure_rate,,0,5,0,ok,,,linear-gaussian-robustness/results.csv,failures are invalid plus nonconvergence; denominator is ok plus invalid plus nonconvergence rows
failure_pattern|linear-gaussian-robustness|linear_gaussian_inference|short_sequence|stationary_mean|raw_cartesian_failure_label_fraction|,failure_pattern,linear-gaussian-robustness,linear_gaussian_inference,short_sequence,sequence_length,stationary_mean,raw_cartesian_failure_label_fraction,,0,45,0,ok,,,linear-gaussian-robustness/results.csv,failures are invalid plus nonconvergence; denominator is all task/scenario/method raw Cartesian rows
failure_pattern|linear-gaussian-robustness|linear_gaussian_inference|stable_high_a|batch_conditioning_oracle|conditional_failure_rate|,failure_pattern,linear-gaussian-robustness,linear_gaussian_inference,stable_high_a,transition_stability,batch_conditioning_oracle,conditional_failure_rate,,0,20,0,ok,,,linear-gaussian-robustness/results.csv,failures are invalid plus nonconvergence; denominator is ok plus invalid plus nonconvergence rows
failure_pattern|linear-gaussian-robustness|linear_gaussian_inference|stable_high_a|batch_conditioning_oracle|raw_cartesian_failure_label_fraction|,failure_pattern,linear-gaussian-robustness,linear_gaussian_inference,stable_high_a,transition_stability,batch_conditioning_oracle,raw_cartesian_failure_label_fraction,,0,45,0,ok,,,linear-gaussian-robustness/results.csv,failures are invalid plus nonconvergence; denominator is all task/scenario/method raw Cartesian rows
failure_pattern|linear-gaussian-robustness|linear_gaussian_inference|stable_high_a|false_continuation_filter|conditional_failure_rate|,failure_pattern,linear-gaussian-robustness,linear_gaussian_inference,stable_high_a,transition_stability,false_continuation_filter,conditional_failure_rate,,,,,inapplicable,,,linear-gaussian-robustness/results.csv,"conditional denominator is zero because every source row is inapplicable; numerator, denominator, and rate are blank"
failure_pattern|linear-gaussian-robustness|linear_gaussian_inference|stable_high_a|false_continuation_filter|raw_cartesian_failure_label_fraction|,failure_pattern,linear-gaussian-robustness,linear_gaussian_inference,stable_high_a,transition_stability,false_continuation_filter,raw_cartesian_failure_label_fraction,,0,45,0,ok,,,linear-gaussian-robustness/results.csv,failures are invalid plus nonconvergence; denominator is all task/scenario/method raw Cartesian rows
failure_pattern|linear-gaussian-robustness|linear_gaussian_inference|stable_high_a|known_kalman_filter|conditional_failure_rate|,failure_pattern,linear-gaussian-robustness,linear_gaussian_inference,stable_high_a,transition_stability,known_kalman_filter,conditional_failure_rate,,0,25,0,ok,,,linear-gaussian-robustness/results.csv,failures are invalid plus nonconvergence; denominator is ok plus invalid plus nonconvergence rows
failure_pattern|linear-gaussian-robustness|linear_gaussian_inference|stable_high_a|known_kalman_filter|raw_cartesian_failure_label_fraction|,failure_pattern,linear-gaussian-robustness,linear_gaussian_inference,stable_high_a,transition_stability,known_kalman_filter,raw_cartesian_failure_label_fraction,,0,45,0,ok,,,linear-gaussian-robustness/results.csv,failures are invalid plus nonconvergence; denominator is all task/scenario/method raw Cartesian rows
failure_pattern|linear-gaussian-robustness|linear_gaussian_inference|stable_high_a|known_rts_smoother|conditional_failure_rate|,failure_pattern,linear-gaussian-robustness,linear_gaussian_inference,stable_high_a,transition_stability,known_rts_smoother,conditional_failure_rate,,0,20,0,ok,,,linear-gaussian-robustness/results.csv,failures are invalid plus nonconvergence; denominator is ok plus invalid plus nonconvergence rows
failure_pattern|linear-gaussian-robustness|linear_gaussian_inference|stable_high_a|known_rts_smoother|raw_cartesian_failure_label_fraction|,failure_pattern,linear-gaussian-robustness,linear_gaussian_inference,stable_high_a,transition_stability,known_rts_smoother,raw_cartesian_failure_label_fraction,,0,45,0,ok,,,linear-gaussian-robustness/results.csv,failures are invalid plus nonconvergence; denominator is all task/scenario/method raw Cartesian rows
failure_pattern|linear-gaussian-robustness|linear_gaussian_inference|stable_high_a|misspecified_kalman_filter|conditional_failure_rate|,failure_pattern,linear-gaussian-robustness,linear_gaussian_inference,stable_high_a,transition_stability,misspecified_kalman_filter,conditional_failure_rate,,,,,inapplicable,,,linear-gaussian-robustness/results.csv,"conditional denominator is zero because every source row is inapplicable; numerator, denominator, and rate are blank"
failure_pattern|linear-gaussian-robustness|linear_gaussian_inference|stable_high_a|misspecified_kalman_filter|raw_cartesian_failure_label_fraction|,failure_pattern,linear-gaussian-robustness,linear_gaussian_inference,stable_high_a,transition_stability,misspecified_kalman_filter,raw_cartesian_failure_label_fraction,,0,45,0,ok,,,linear-gaussian-robustness/results.csv,failures are invalid plus nonconvergence; denominator is all task/scenario/method raw Cartesian rows
failure_pattern|linear-gaussian-robustness|linear_gaussian_inference|stable_high_a|misspecified_rts_smoother|conditional_failure_rate|,failure_pattern,linear-gaussian-robustness,linear_gaussian_inference,stable_high_a,transition_stability,misspecified_rts_smoother,conditional_failure_rate,,,,,inapplicable,,,linear-gaussian-robustness/results.csv,"conditional denominator is zero because every source row is inapplicable; numerator, denominator, and rate are blank"
failure_pattern|linear-gaussian-robustness|linear_gaussian_inference|stable_high_a|misspecified_rts_smoother|raw_cartesian_failure_label_fraction|,failure_pattern,linear-gaussian-robustness,linear_gaussian_inference,stable_high_a,transition_stability,misspecified_rts_smoother,raw_cartesian_failure_label_fraction,,0,45,0,ok,,,linear-gaussian-robustness/results.csv,failures are invalid plus nonconvergence; denominator is all task/scenario/method raw Cartesian rows
failure_pattern|linear-gaussian-robustness|linear_gaussian_inference|stable_high_a|open_loop|conditional_failure_rate|,failure_pattern,linear-gaussian-robustness,linear_gaussian_inference,stable_high_a,transition_stability,open_loop,conditional_failure_rate,,0,5,0,ok,,,linear-gaussian-robustness/results.csv,failures are invalid plus nonconvergence; denominator is ok plus invalid plus nonconvergence rows
failure_pattern|linear-gaussian-robustness|linear_gaussian_inference|stable_high_a|open_loop|raw_cartesian_failure_label_fraction|,failure_pattern,linear-gaussian-robustness,linear_gaussian_inference,stable_high_a,transition_stability,open_loop,raw_cartesian_failure_label_fraction,,0,45,0,ok,,,linear-gaussian-robustness/results.csv,failures are invalid plus nonconvergence; denominator is all task/scenario/method raw Cartesian rows
failure_pattern|linear-gaussian-robustness|linear_gaussian_inference|stable_high_a|persistence|conditional_failure_rate|,failure_pattern,linear-gaussian-robustness,linear_gaussian_inference,stable_high_a,transition_stability,persistence,conditional_failure_rate,,0,5,0,ok,,,linear-gaussian-robustness/results.csv,failures are invalid plus nonconvergence; denominator is ok plus invalid plus nonconvergence rows
failure_pattern|linear-gaussian-robustness|linear_gaussian_inference|stable_high_a|persistence|raw_cartesian_failure_label_fraction|,failure_pattern,linear-gaussian-robustness,linear_gaussian_inference,stable_high_a,transition_stability,persistence,raw_cartesian_failure_label_fraction,,0,45,0,ok,,,linear-gaussian-robustness/results.csv,failures are invalid plus nonconvergence; denominator is all task/scenario/method raw Cartesian rows
failure_pattern|linear-gaussian-robustness|linear_gaussian_inference|stable_high_a|selected_kalman_filter|conditional_failure_rate|,failure_pattern,linear-gaussian-robustness,linear_gaussian_inference,stable_high_a,transition_stability,selected_kalman_filter,conditional_failure_rate,,0,25,0,ok,,,linear-gaussian-robustness/results.csv,failures are invalid plus nonconvergence; denominator is ok plus invalid plus nonconvergence rows
failure_pattern|linear-gaussian-robustness|linear_gaussian_inference|stable_high_a|selected_kalman_filter|raw_cartesian_failure_label_fraction|,failure_pattern,linear-gaussian-robustness,linear_gaussian_inference,stable_high_a,transition_stability,selected_kalman_filter,raw_cartesian_failure_label_fraction,,0,45,0,ok,,,linear-gaussian-robustness/results.csv,failures are invalid plus nonconvergence; denominator is all task/scenario/method raw Cartesian rows
failure_pattern|linear-gaussian-robustness|linear_gaussian_inference|stable_high_a|selected_rts_smoother|conditional_failure_rate|,failure_pattern,linear-gaussian-robustness,linear_gaussian_inference,stable_high_a,transition_stability,selected_rts_smoother,conditional_failure_rate,,0,20,0,ok,,,linear-gaussian-robustness/results.csv,failures are invalid plus nonconvergence; denominator is ok plus invalid plus nonconvergence rows
failure_pattern|linear-gaussian-robustness|linear_gaussian_inference|stable_high_a|selected_rts_smoother|raw_cartesian_failure_label_fraction|,failure_pattern,linear-gaussian-robustness,linear_gaussian_inference,stable_high_a,transition_stability,selected_rts_smoother,raw_cartesian_failure_label_fraction,,0,45,0,ok,,,linear-gaussian-robustness/results.csv,failures are invalid plus nonconvergence; denominator is all task/scenario/method raw Cartesian rows
failure_pattern|linear-gaussian-robustness|linear_gaussian_inference|stable_high_a|stationary_mean|conditional_failure_rate|,failure_pattern,linear-gaussian-robustness,linear_gaussian_inference,stable_high_a,transition_stability,stationary_mean,conditional_failure_rate,,0,5,0,ok,,,linear-gaussian-robustness/results.csv,failures are invalid plus nonconvergence; denominator is ok plus invalid plus nonconvergence rows
failure_pattern|linear-gaussian-robustness|linear_gaussian_inference|stable_high_a|stationary_mean|raw_cartesian_failure_label_fraction|,failure_pattern,linear-gaussian-robustness,linear_gaussian_inference,stable_high_a,transition_stability,stationary_mean,raw_cartesian_failure_label_fraction,,0,45,0,ok,,,linear-gaussian-robustness/results.csv,failures are invalid plus nonconvergence; denominator is all task/scenario/method raw Cartesian rows
failure_pattern|linear-gaussian-robustness|linear_gaussian_inference|stable_low_a|batch_conditioning_oracle|conditional_failure_rate|,failure_pattern,linear-gaussian-robustness,linear_gaussian_inference,stable_low_a,transition_stability,batch_conditioning_oracle,conditional_failure_rate,,0,20,0,ok,,,linear-gaussian-robustness/results.csv,failures are invalid plus nonconvergence; denominator is ok plus invalid plus nonconvergence rows
failure_pattern|linear-gaussian-robustness|linear_gaussian_inference|stable_low_a|batch_conditioning_oracle|raw_cartesian_failure_label_fraction|,failure_pattern,linear-gaussian-robustness,linear_gaussian_inference,stable_low_a,transition_stability,batch_conditioning_oracle,raw_cartesian_failure_label_fraction,,0,45,0,ok,,,linear-gaussian-robustness/results.csv,failures are invalid plus nonconvergence; denominator is all task/scenario/method raw Cartesian rows
failure_pattern|linear-gaussian-robustness|linear_gaussian_inference|stable_low_a|false_continuation_filter|conditional_failure_rate|,failure_pattern,linear-gaussian-robustness,linear_gaussian_inference,stable_low_a,transition_stability,false_continuation_filter,conditional_failure_rate,,,,,inapplicable,,,linear-gaussian-robustness/results.csv,"conditional denominator is zero because every source row is inapplicable; numerator, denominator, and rate are blank"
failure_pattern|linear-gaussian-robustness|linear_gaussian_inference|stable_low_a|false_continuation_filter|raw_cartesian_failure_label_fraction|,failure_pattern,linear-gaussian-robustness,linear_gaussian_inference,stable_low_a,transition_stability,false_continuation_filter,raw_cartesian_failure_label_fraction,,0,45,0,ok,,,linear-gaussian-robustness/results.csv,failures are invalid plus nonconvergence; denominator is all task/scenario/method raw Cartesian rows
failure_pattern|linear-gaussian-robustness|linear_gaussian_inference|stable_low_a|known_kalman_filter|conditional_failure_rate|,failure_pattern,linear-gaussian-robustness,linear_gaussian_inference,stable_low_a,transition_stability,known_kalman_filter,conditional_failure_rate,,0,25,0,ok,,,linear-gaussian-robustness/results.csv,failures are invalid plus nonconvergence; denominator is ok plus invalid plus nonconvergence rows
failure_pattern|linear-gaussian-robustness|linear_gaussian_inference|stable_low_a|known_kalman_filter|raw_cartesian_failure_label_fraction|,failure_pattern,linear-gaussian-robustness,linear_gaussian_inference,stable_low_a,transition_stability,known_kalman_filter,raw_cartesian_failure_label_fraction,,0,45,0,ok,,,linear-gaussian-robustness/results.csv,failures are invalid plus nonconvergence; denominator is all task/scenario/method raw Cartesian rows
failure_pattern|linear-gaussian-robustness|linear_gaussian_inference|stable_low_a|known_rts_smoother|conditional_failure_rate|,failure_pattern,linear-gaussian-robustness,linear_gaussian_inference,stable_low_a,transition_stability,known_rts_smoother,conditional_failure_rate,,0,20,0,ok,,,linear-gaussian-robustness/results.csv,failures are invalid plus nonconvergence; denominator is ok plus invalid plus nonconvergence rows
failure_pattern|linear-gaussian-robustness|linear_gaussian_inference|stable_low_a|known_rts_smoother|raw_cartesian_failure_label_fraction|,failure_pattern,linear-gaussian-robustness,linear_gaussian_inference,stable_low_a,transition_stability,known_rts_smoother,raw_cartesian_failure_label_fraction,,0,45,0,ok,,,linear-gaussian-robustness/results.csv,failures are invalid plus nonconvergence; denominator is all task/scenario/method raw Cartesian rows
failure_pattern|linear-gaussian-robustness|linear_gaussian_inference|stable_low_a|misspecified_kalman_filter|conditional_failure_rate|,failure_pattern,linear-gaussian-robustness,linear_gaussian_inference,stable_low_a,transition_stability,misspecified_kalman_filter,conditional_failure_rate,,,,,inapplicable,,,linear-gaussian-robustness/results.csv,"conditional denominator is zero because every source row is inapplicable; numerator, denominator, and rate are blank"
failure_pattern|linear-gaussian-robustness|linear_gaussian_inference|stable_low_a|misspecified_kalman_filter|raw_cartesian_failure_label_fraction|,failure_pattern,linear-gaussian-robustness,linear_gaussian_inference,stable_low_a,transition_stability,misspecified_kalman_filter,raw_cartesian_failure_label_fraction,,0,45,0,ok,,,linear-gaussian-robustness/results.csv,failures are invalid plus nonconvergence; denominator is all task/scenario/method raw Cartesian rows
failure_pattern|linear-gaussian-robustness|linear_gaussian_inference|stable_low_a|misspecified_rts_smoother|conditional_failure_rate|,failure_pattern,linear-gaussian-robustness,linear_gaussian_inference,stable_low_a,transition_stability,misspecified_rts_smoother,conditional_failure_rate,,,,,inapplicable,,,linear-gaussian-robustness/results.csv,"conditional denominator is zero because every source row is inapplicable; numerator, denominator, and rate are blank"
failure_pattern|linear-gaussian-robustness|linear_gaussian_inference|stable_low_a|misspecified_rts_smoother|raw_cartesian_failure_label_fraction|,failure_pattern,linear-gaussian-robustness,linear_gaussian_inference,stable_low_a,transition_stability,misspecified_rts_smoother,raw_cartesian_failure_label_fraction,,0,45,0,ok,,,linear-gaussian-robustness/results.csv,failures are invalid plus nonconvergence; denominator is all task/scenario/method raw Cartesian rows
failure_pattern|linear-gaussian-robustness|linear_gaussian_inference|stable_low_a|open_loop|conditional_failure_rate|,failure_pattern,linear-gaussian-robustness,linear_gaussian_inference,stable_low_a,transition_stability,open_loop,conditional_failure_rate,,0,5,0,ok,,,linear-gaussian-robustness/results.csv,failures are invalid plus nonconvergence; denominator is ok plus invalid plus nonconvergence rows
failure_pattern|linear-gaussian-robustness|linear_gaussian_inference|stable_low_a|open_loop|raw_cartesian_failure_label_fraction|,failure_pattern,linear-gaussian-robustness,linear_gaussian_inference,stable_low_a,transition_stability,open_loop,raw_cartesian_failure_label_fraction,,0,45,0,ok,,,linear-gaussian-robustness/results.csv,failures are invalid plus nonconvergence; denominator is all task/scenario/method raw Cartesian rows
failure_pattern|linear-gaussian-robustness|linear_gaussian_inference|stable_low_a|persistence|conditional_failure_rate|,failure_pattern,linear-gaussian-robustness,linear_gaussian_inference,stable_low_a,transition_stability,persistence,conditional_failure_rate,,0,5,0,ok,,,linear-gaussian-robustness/results.csv,failures are invalid plus nonconvergence; denominator is ok plus invalid plus nonconvergence rows
failure_pattern|linear-gaussian-robustness|linear_gaussian_inference|stable_low_a|persistence|raw_cartesian_failure_label_fraction|,failure_pattern,linear-gaussian-robustness,linear_gaussian_inference,stable_low_a,transition_stability,persistence,raw_cartesian_failure_label_fraction,,0,45,0,ok,,,linear-gaussian-robustness/results.csv,failures are invalid plus nonconvergence; denominator is all task/scenario/method raw Cartesian rows
failure_pattern|linear-gaussian-robustness|linear_gaussian_inference|stable_low_a|selected_kalman_filter|conditional_failure_rate|,failure_pattern,linear-gaussian-robustness,linear_gaussian_inference,stable_low_a,transition_stability,selected_kalman_filter,conditional_failure_rate,,0,25,0,ok,,,linear-gaussian-robustness/results.csv,failures are invalid plus nonconvergence; denominator is ok plus invalid plus nonconvergence rows
failure_pattern|linear-gaussian-robustness|linear_gaussian_inference|stable_low_a|selected_kalman_filter|raw_cartesian_failure_label_fraction|,failure_pattern,linear-gaussian-robustness,linear_gaussian_inference,stable_low_a,transition_stability,selected_kalman_filter,raw_cartesian_failure_label_fraction,,0,45,0,ok,,,linear-gaussian-robustness/results.csv,failures are invalid plus nonconvergence; denominator is all task/scenario/method raw Cartesian rows
failure_pattern|linear-gaussian-robustness|linear_gaussian_inference|stable_low_a|selected_rts_smoother|conditional_failure_rate|,failure_pattern,linear-gaussian-robustness,linear_gaussian_inference,stable_low_a,transition_stability,selected_rts_smoother,conditional_failure_rate,,0,20,0,ok,,,linear-gaussian-robustness/results.csv,failures are invalid plus nonconvergence; denominator is ok plus invalid plus nonconvergence rows
failure_pattern|linear-gaussian-robustness|linear_gaussian_inference|stable_low_a|selected_rts_smoother|raw_cartesian_failure_label_fraction|,failure_pattern,linear-gaussian-robustness,linear_gaussian_inference,stable_low_a,transition_stability,selected_rts_smoother,raw_cartesian_failure_label_fraction,,0,45,0,ok,,,linear-gaussian-robustness/results.csv,failures are invalid plus nonconvergence; denominator is all task/scenario/method raw Cartesian rows
failure_pattern|linear-gaussian-robustness|linear_gaussian_inference|stable_low_a|stationary_mean|conditional_failure_rate|,failure_pattern,linear-gaussian-robustness,linear_gaussian_inference,stable_low_a,transition_stability,stationary_mean,conditional_failure_rate,,0,5,0,ok,,,linear-gaussian-robustness/results.csv,failures are invalid plus nonconvergence; denominator is ok plus invalid plus nonconvergence rows
failure_pattern|linear-gaussian-robustness|linear_gaussian_inference|stable_low_a|stationary_mean|raw_cartesian_failure_label_fraction|,failure_pattern,linear-gaussian-robustness,linear_gaussian_inference,stable_low_a,transition_stability,stationary_mean,raw_cartesian_failure_label_fraction,,0,45,0,ok,,,linear-gaussian-robustness/results.csv,failures are invalid plus nonconvergence; denominator is all task/scenario/method raw Cartesian rows
failure_pattern|linear-gaussian-robustness|linear_gaussian_inference|stable_moderate|batch_conditioning_oracle|conditional_failure_rate|,failure_pattern,linear-gaussian-robustness,linear_gaussian_inference,stable_moderate,transition_stability,batch_conditioning_oracle,conditional_failure_rate,,0,20,0,ok,,,linear-gaussian-robustness/results.csv,failures are invalid plus nonconvergence; denominator is ok plus invalid plus nonconvergence rows
failure_pattern|linear-gaussian-robustness|linear_gaussian_inference|stable_moderate|batch_conditioning_oracle|raw_cartesian_failure_label_fraction|,failure_pattern,linear-gaussian-robustness,linear_gaussian_inference,stable_moderate,transition_stability,batch_conditioning_oracle,raw_cartesian_failure_label_fraction,,0,45,0,ok,,,linear-gaussian-robustness/results.csv,failures are invalid plus nonconvergence; denominator is all task/scenario/method raw Cartesian rows
failure_pattern|linear-gaussian-robustness|linear_gaussian_inference|stable_moderate|false_continuation_filter|conditional_failure_rate|,failure_pattern,linear-gaussian-robustness,linear_gaussian_inference,stable_moderate,transition_stability,false_continuation_filter,conditional_failure_rate,,,,,inapplicable,,,linear-gaussian-robustness/results.csv,"conditional denominator is zero because every source row is inapplicable; numerator, denominator, and rate are blank"
failure_pattern|linear-gaussian-robustness|linear_gaussian_inference|stable_moderate|false_continuation_filter|raw_cartesian_failure_label_fraction|,failure_pattern,linear-gaussian-robustness,linear_gaussian_inference,stable_moderate,transition_stability,false_continuation_filter,raw_cartesian_failure_label_fraction,,0,45,0,ok,,,linear-gaussian-robustness/results.csv,failures are invalid plus nonconvergence; denominator is all task/scenario/method raw Cartesian rows
failure_pattern|linear-gaussian-robustness|linear_gaussian_inference|stable_moderate|known_kalman_filter|conditional_failure_rate|,failure_pattern,linear-gaussian-robustness,linear_gaussian_inference,stable_moderate,transition_stability,known_kalman_filter,conditional_failure_rate,,0,25,0,ok,,,linear-gaussian-robustness/results.csv,failures are invalid plus nonconvergence; denominator is ok plus invalid plus nonconvergence rows
failure_pattern|linear-gaussian-robustness|linear_gaussian_inference|stable_moderate|known_kalman_filter|raw_cartesian_failure_label_fraction|,failure_pattern,linear-gaussian-robustness,linear_gaussian_inference,stable_moderate,transition_stability,known_kalman_filter,raw_cartesian_failure_label_fraction,,0,45,0,ok,,,linear-gaussian-robustness/results.csv,failures are invalid plus nonconvergence; denominator is all task/scenario/method raw Cartesian rows
failure_pattern|linear-gaussian-robustness|linear_gaussian_inference|stable_moderate|known_rts_smoother|conditional_failure_rate|,failure_pattern,linear-gaussian-robustness,linear_gaussian_inference,stable_moderate,transition_stability,known_rts_smoother,conditional_failure_rate,,0,20,0,ok,,,linear-gaussian-robustness/results.csv,failures are invalid plus nonconvergence; denominator is ok plus invalid plus nonconvergence rows
failure_pattern|linear-gaussian-robustness|linear_gaussian_inference|stable_moderate|known_rts_smoother|raw_cartesian_failure_label_fraction|,failure_pattern,linear-gaussian-robustness,linear_gaussian_inference,stable_moderate,transition_stability,known_rts_smoother,raw_cartesian_failure_label_fraction,,0,45,0,ok,,,linear-gaussian-robustness/results.csv,failures are invalid plus nonconvergence; denominator is all task/scenario/method raw Cartesian rows
failure_pattern|linear-gaussian-robustness|linear_gaussian_inference|stable_moderate|misspecified_kalman_filter|conditional_failure_rate|,failure_pattern,linear-gaussian-robustness,linear_gaussian_inference,stable_moderate,transition_stability,misspecified_kalman_filter,conditional_failure_rate,,,,,inapplicable,,,linear-gaussian-robustness/results.csv,"conditional denominator is zero because every source row is inapplicable; numerator, denominator, and rate are blank"
failure_pattern|linear-gaussian-robustness|linear_gaussian_inference|stable_moderate|misspecified_kalman_filter|raw_cartesian_failure_label_fraction|,failure_pattern,linear-gaussian-robustness,linear_gaussian_inference,stable_moderate,transition_stability,misspecified_kalman_filter,raw_cartesian_failure_label_fraction,,0,45,0,ok,,,linear-gaussian-robustness/results.csv,failures are invalid plus nonconvergence; denominator is all task/scenario/method raw Cartesian rows
failure_pattern|linear-gaussian-robustness|linear_gaussian_inference|stable_moderate|misspecified_rts_smoother|conditional_failure_rate|,failure_pattern,linear-gaussian-robustness,linear_gaussian_inference,stable_moderate,transition_stability,misspecified_rts_smoother,conditional_failure_rate,,,,,inapplicable,,,linear-gaussian-robustness/results.csv,"conditional denominator is zero because every source row is inapplicable; numerator, denominator, and rate are blank"
failure_pattern|linear-gaussian-robustness|linear_gaussian_inference|stable_moderate|misspecified_rts_smoother|raw_cartesian_failure_label_fraction|,failure_pattern,linear-gaussian-robustness,linear_gaussian_inference,stable_moderate,transition_stability,misspecified_rts_smoother,raw_cartesian_failure_label_fraction,,0,45,0,ok,,,linear-gaussian-robustness/results.csv,failures are invalid plus nonconvergence; denominator is all task/scenario/method raw Cartesian rows
failure_pattern|linear-gaussian-robustness|linear_gaussian_inference|stable_moderate|open_loop|conditional_failure_rate|,failure_pattern,linear-gaussian-robustness,linear_gaussian_inference,stable_moderate,transition_stability,open_loop,conditional_failure_rate,,0,5,0,ok,,,linear-gaussian-robustness/results.csv,failures are invalid plus nonconvergence; denominator is ok plus invalid plus nonconvergence rows
failure_pattern|linear-gaussian-robustness|linear_gaussian_inference|stable_moderate|open_loop|raw_cartesian_failure_label_fraction|,failure_pattern,linear-gaussian-robustness,linear_gaussian_inference,stable_moderate,transition_stability,open_loop,raw_cartesian_failure_label_fraction,,0,45,0,ok,,,linear-gaussian-robustness/results.csv,failures are invalid plus nonconvergence; denominator is all task/scenario/method raw Cartesian rows
failure_pattern|linear-gaussian-robustness|linear_gaussian_inference|stable_moderate|persistence|conditional_failure_rate|,failure_pattern,linear-gaussian-robustness,linear_gaussian_inference,stable_moderate,transition_stability,persistence,conditional_failure_rate,,0,5,0,ok,,,linear-gaussian-robustness/results.csv,failures are invalid plus nonconvergence; denominator is ok plus invalid plus nonconvergence rows
failure_pattern|linear-gaussian-robustness|linear_gaussian_inference|stable_moderate|persistence|raw_cartesian_failure_label_fraction|,failure_pattern,linear-gaussian-robustness,linear_gaussian_inference,stable_moderate,transition_stability,persistence,raw_cartesian_failure_label_fraction,,0,45,0,ok,,,linear-gaussian-robustness/results.csv,failures are invalid plus nonconvergence; denominator is all task/scenario/method raw Cartesian rows
failure_pattern|linear-gaussian-robustness|linear_gaussian_inference|stable_moderate|selected_kalman_filter|conditional_failure_rate|,failure_pattern,linear-gaussian-robustness,linear_gaussian_inference,stable_moderate,transition_stability,selected_kalman_filter,conditional_failure_rate,,0,25,0,ok,,,linear-gaussian-robustness/results.csv,failures are invalid plus nonconvergence; denominator is ok plus invalid plus nonconvergence rows
failure_pattern|linear-gaussian-robustness|linear_gaussian_inference|stable_moderate|selected_kalman_filter|raw_cartesian_failure_label_fraction|,failure_pattern,linear-gaussian-robustness,linear_gaussian_inference,stable_moderate,transition_stability,selected_kalman_filter,raw_cartesian_failure_label_fraction,,0,45,0,ok,,,linear-gaussian-robustness/results.csv,failures are invalid plus nonconvergence; denominator is all task/scenario/method raw Cartesian rows
failure_pattern|linear-gaussian-robustness|linear_gaussian_inference|stable_moderate|selected_rts_smoother|conditional_failure_rate|,failure_pattern,linear-gaussian-robustness,linear_gaussian_inference,stable_moderate,transition_stability,selected_rts_smoother,conditional_failure_rate,,0,20,0,ok,,,linear-gaussian-robustness/results.csv,failures are invalid plus nonconvergence; denominator is ok plus invalid plus nonconvergence rows
failure_pattern|linear-gaussian-robustness|linear_gaussian_inference|stable_moderate|selected_rts_smoother|raw_cartesian_failure_label_fraction|,failure_pattern,linear-gaussian-robustness,linear_gaussian_inference,stable_moderate,transition_stability,selected_rts_smoother,raw_cartesian_failure_label_fraction,,0,45,0,ok,,,linear-gaussian-robustness/results.csv,failures are invalid plus nonconvergence; denominator is all task/scenario/method raw Cartesian rows
failure_pattern|linear-gaussian-robustness|linear_gaussian_inference|stable_moderate|stationary_mean|conditional_failure_rate|,failure_pattern,linear-gaussian-robustness,linear_gaussian_inference,stable_moderate,transition_stability,stationary_mean,conditional_failure_rate,,0,5,0,ok,,,linear-gaussian-robustness/results.csv,failures are invalid plus nonconvergence; denominator is ok plus invalid plus nonconvergence rows
failure_pattern|linear-gaussian-robustness|linear_gaussian_inference|stable_moderate|stationary_mean|raw_cartesian_failure_label_fraction|,failure_pattern,linear-gaussian-robustness,linear_gaussian_inference,stable_moderate,transition_stability,stationary_mean,raw_cartesian_failure_label_fraction,,0,45,0,ok,,,linear-gaussian-robustness/results.csv,failures are invalid plus nonconvergence; denominator is all task/scenario/method raw Cartesian rows
failure_pattern|linear-gaussian-robustness|linear_gaussian_inference|wrong_parameters|batch_conditioning_oracle|conditional_failure_rate|,failure_pattern,linear-gaussian-robustness,linear_gaussian_inference,wrong_parameters,wrong_parameters,batch_conditioning_oracle,conditional_failure_rate,,0,20,0,ok,,,linear-gaussian-robustness/results.csv,failures are invalid plus nonconvergence; denominator is ok plus invalid plus nonconvergence rows
failure_pattern|linear-gaussian-robustness|linear_gaussian_inference|wrong_parameters|batch_conditioning_oracle|raw_cartesian_failure_label_fraction|,failure_pattern,linear-gaussian-robustness,linear_gaussian_inference,wrong_parameters,wrong_parameters,batch_conditioning_oracle,raw_cartesian_failure_label_fraction,,0,45,0,ok,,,linear-gaussian-robustness/results.csv,failures are invalid plus nonconvergence; denominator is all task/scenario/method raw Cartesian rows
failure_pattern|linear-gaussian-robustness|linear_gaussian_inference|wrong_parameters|false_continuation_filter|conditional_failure_rate|,failure_pattern,linear-gaussian-robustness,linear_gaussian_inference,wrong_parameters,wrong_parameters,false_continuation_filter,conditional_failure_rate,,,,,inapplicable,,,linear-gaussian-robustness/results.csv,"conditional denominator is zero because every source row is inapplicable; numerator, denominator, and rate are blank"
failure_pattern|linear-gaussian-robustness|linear_gaussian_inference|wrong_parameters|false_continuation_filter|raw_cartesian_failure_label_fraction|,failure_pattern,linear-gaussian-robustness,linear_gaussian_inference,wrong_parameters,wrong_parameters,false_continuation_filter,raw_cartesian_failure_label_fraction,,0,45,0,ok,,,linear-gaussian-robustness/results.csv,failures are invalid plus nonconvergence; denominator is all task/scenario/method raw Cartesian rows
failure_pattern|linear-gaussian-robustness|linear_gaussian_inference|wrong_parameters|known_kalman_filter|conditional_failure_rate|,failure_pattern,linear-gaussian-robustness,linear_gaussian_inference,wrong_parameters,wrong_parameters,known_kalman_filter,conditional_failure_rate,,0,25,0,ok,,,linear-gaussian-robustness/results.csv,failures are invalid plus nonconvergence; denominator is ok plus invalid plus nonconvergence rows
failure_pattern|linear-gaussian-robustness|linear_gaussian_inference|wrong_parameters|known_kalman_filter|raw_cartesian_failure_label_fraction|,failure_pattern,linear-gaussian-robustness,linear_gaussian_inference,wrong_parameters,wrong_parameters,known_kalman_filter,raw_cartesian_failure_label_fraction,,0,45,0,ok,,,linear-gaussian-robustness/results.csv,failures are invalid plus nonconvergence; denominator is all task/scenario/method raw Cartesian rows
failure_pattern|linear-gaussian-robustness|linear_gaussian_inference|wrong_parameters|known_rts_smoother|conditional_failure_rate|,failure_pattern,linear-gaussian-robustness,linear_gaussian_inference,wrong_parameters,wrong_parameters,known_rts_smoother,conditional_failure_rate,,0,20,0,ok,,,linear-gaussian-robustness/results.csv,failures are invalid plus nonconvergence; denominator is ok plus invalid plus nonconvergence rows
failure_pattern|linear-gaussian-robustness|linear_gaussian_inference|wrong_parameters|known_rts_smoother|raw_cartesian_failure_label_fraction|,failure_pattern,linear-gaussian-robustness,linear_gaussian_inference,wrong_parameters,wrong_parameters,known_rts_smoother,raw_cartesian_failure_label_fraction,,0,45,0,ok,,,linear-gaussian-robustness/results.csv,failures are invalid plus nonconvergence; denominator is all task/scenario/method raw Cartesian rows
failure_pattern|linear-gaussian-robustness|linear_gaussian_inference|wrong_parameters|misspecified_kalman_filter|conditional_failure_rate|,failure_pattern,linear-gaussian-robustness,linear_gaussian_inference,wrong_parameters,wrong_parameters,misspecified_kalman_filter,conditional_failure_rate,,0,20,0,ok,,,linear-gaussian-robustness/results.csv,failures are invalid plus nonconvergence; denominator is ok plus invalid plus nonconvergence rows
failure_pattern|linear-gaussian-robustness|linear_gaussian_inference|wrong_parameters|misspecified_kalman_filter|raw_cartesian_failure_label_fraction|,failure_pattern,linear-gaussian-robustness,linear_gaussian_inference,wrong_parameters,wrong_parameters,misspecified_kalman_filter,raw_cartesian_failure_label_fraction,,0,45,0,ok,,,linear-gaussian-robustness/results.csv,failures are invalid plus nonconvergence; denominator is all task/scenario/method raw Cartesian rows
failure_pattern|linear-gaussian-robustness|linear_gaussian_inference|wrong_parameters|misspecified_rts_smoother|conditional_failure_rate|,failure_pattern,linear-gaussian-robustness,linear_gaussian_inference,wrong_parameters,wrong_parameters,misspecified_rts_smoother,conditional_failure_rate,,0,15,0,ok,,,linear-gaussian-robustness/results.csv,failures are invalid plus nonconvergence; denominator is ok plus invalid plus nonconvergence rows
failure_pattern|linear-gaussian-robustness|linear_gaussian_inference|wrong_parameters|misspecified_rts_smoother|raw_cartesian_failure_label_fraction|,failure_pattern,linear-gaussian-robustness,linear_gaussian_inference,wrong_parameters,wrong_parameters,misspecified_rts_smoother,raw_cartesian_failure_label_fraction,,0,45,0,ok,,,linear-gaussian-robustness/results.csv,failures are invalid plus nonconvergence; denominator is all task/scenario/method raw Cartesian rows
failure_pattern|linear-gaussian-robustness|linear_gaussian_inference|wrong_parameters|open_loop|conditional_failure_rate|,failure_pattern,linear-gaussian-robustness,linear_gaussian_inference,wrong_parameters,wrong_parameters,open_loop,conditional_failure_rate,,0,5,0,ok,,,linear-gaussian-robustness/results.csv,failures are invalid plus nonconvergence; denominator is ok plus invalid plus nonconvergence rows
failure_pattern|linear-gaussian-robustness|linear_gaussian_inference|wrong_parameters|open_loop|raw_cartesian_failure_label_fraction|,failure_pattern,linear-gaussian-robustness,linear_gaussian_inference,wrong_parameters,wrong_parameters,open_loop,raw_cartesian_failure_label_fraction,,0,45,0,ok,,,linear-gaussian-robustness/results.csv,failures are invalid plus nonconvergence; denominator is all task/scenario/method raw Cartesian rows
failure_pattern|linear-gaussian-robustness|linear_gaussian_inference|wrong_parameters|persistence|conditional_failure_rate|,failure_pattern,linear-gaussian-robustness,linear_gaussian_inference,wrong_parameters,wrong_parameters,persistence,conditional_failure_rate,,0,5,0,ok,,,linear-gaussian-robustness/results.csv,failures are invalid plus nonconvergence; denominator is ok plus invalid plus nonconvergence rows
failure_pattern|linear-gaussian-robustness|linear_gaussian_inference|wrong_parameters|persistence|raw_cartesian_failure_label_fraction|,failure_pattern,linear-gaussian-robustness,linear_gaussian_inference,wrong_parameters,wrong_parameters,persistence,raw_cartesian_failure_label_fraction,,0,45,0,ok,,,linear-gaussian-robustness/results.csv,failures are invalid plus nonconvergence; denominator is all task/scenario/method raw Cartesian rows
failure_pattern|linear-gaussian-robustness|linear_gaussian_inference|wrong_parameters|selected_kalman_filter|conditional_failure_rate|,failure_pattern,linear-gaussian-robustness,linear_gaussian_inference,wrong_parameters,wrong_parameters,selected_kalman_filter,conditional_failure_rate,,0,25,0,ok,,,linear-gaussian-robustness/results.csv,failures are invalid plus nonconvergence; denominator is ok plus invalid plus nonconvergence rows
failure_pattern|linear-gaussian-robustness|linear_gaussian_inference|wrong_parameters|selected_kalman_filter|raw_cartesian_failure_label_fraction|,failure_pattern,linear-gaussian-robustness,linear_gaussian_inference,wrong_parameters,wrong_parameters,selected_kalman_filter,raw_cartesian_failure_label_fraction,,0,45,0,ok,,,linear-gaussian-robustness/results.csv,failures are invalid plus nonconvergence; denominator is all task/scenario/method raw Cartesian rows
failure_pattern|linear-gaussian-robustness|linear_gaussian_inference|wrong_parameters|selected_rts_smoother|conditional_failure_rate|,failure_pattern,linear-gaussian-robustness,linear_gaussian_inference,wrong_parameters,wrong_parameters,selected_rts_smoother,conditional_failure_rate,,0,20,0,ok,,,linear-gaussian-robustness/results.csv,failures are invalid plus nonconvergence; denominator is ok plus invalid plus nonconvergence rows
failure_pattern|linear-gaussian-robustness|linear_gaussian_inference|wrong_parameters|selected_rts_smoother|raw_cartesian_failure_label_fraction|,failure_pattern,linear-gaussian-robustness,linear_gaussian_inference,wrong_parameters,wrong_parameters,selected_rts_smoother,raw_cartesian_failure_label_fraction,,0,45,0,ok,,,linear-gaussian-robustness/results.csv,failures are invalid plus nonconvergence; denominator is all task/scenario/method raw Cartesian rows
failure_pattern|linear-gaussian-robustness|linear_gaussian_inference|wrong_parameters|stationary_mean|conditional_failure_rate|,failure_pattern,linear-gaussian-robustness,linear_gaussian_inference,wrong_parameters,wrong_parameters,stationary_mean,conditional_failure_rate,,0,5,0,ok,,,linear-gaussian-robustness/results.csv,failures are invalid plus nonconvergence; denominator is ok plus invalid plus nonconvergence rows
failure_pattern|linear-gaussian-robustness|linear_gaussian_inference|wrong_parameters|stationary_mean|raw_cartesian_failure_label_fraction|,failure_pattern,linear-gaussian-robustness,linear_gaussian_inference,wrong_parameters,wrong_parameters,stationary_mean,raw_cartesian_failure_label_fraction,,0,45,0,ok,,,linear-gaussian-robustness/results.csv,failures are invalid plus nonconvergence; denominator is all task/scenario/method raw Cartesian rows
failure_pattern|nonlinear-graph-robustness|graph|circle_bandwidth_large|ambient_mds|conditional_failure_rate|,failure_pattern,nonlinear-graph-robustness,graph,circle_bandwidth_large,bandwidth,ambient_mds,conditional_failure_rate,,,,,inapplicable,,,nonlinear-graph-robustness/results.csv,"conditional denominator is zero because every source row is inapplicable; numerator, denominator, and rate are blank"
failure_pattern|nonlinear-graph-robustness|graph|circle_bandwidth_large|ambient_mds|raw_cartesian_failure_label_fraction|,failure_pattern,nonlinear-graph-robustness,graph,circle_bandwidth_large,bandwidth,ambient_mds,raw_cartesian_failure_label_fraction,,0,33,0,ok,,,nonlinear-graph-robustness/results.csv,failures are invalid plus nonconvergence; denominator is all task/scenario/method raw Cartesian rows
failure_pattern|nonlinear-graph-robustness|graph|circle_bandwidth_large|diffusion_maps|conditional_failure_rate|,failure_pattern,nonlinear-graph-robustness,graph,circle_bandwidth_large,bandwidth,diffusion_maps,conditional_failure_rate,,0,6,0,ok,,,nonlinear-graph-robustness/results.csv,failures are invalid plus nonconvergence; denominator is ok plus invalid plus nonconvergence rows
failure_pattern|nonlinear-graph-robustness|graph|circle_bandwidth_large|diffusion_maps|raw_cartesian_failure_label_fraction|,failure_pattern,nonlinear-graph-robustness,graph,circle_bandwidth_large,bandwidth,diffusion_maps,raw_cartesian_failure_label_fraction,,0,33,0,ok,,,nonlinear-graph-robustness/results.csv,failures are invalid plus nonconvergence; denominator is all task/scenario/method raw Cartesian rows
failure_pattern|nonlinear-graph-robustness|graph|circle_bandwidth_large|direct_operator|conditional_failure_rate|,failure_pattern,nonlinear-graph-robustness,graph,circle_bandwidth_large,bandwidth,direct_operator,conditional_failure_rate,,0,6,0,ok,,,nonlinear-graph-robustness/results.csv,failures are invalid plus nonconvergence; denominator is ok plus invalid plus nonconvergence rows
failure_pattern|nonlinear-graph-robustness|graph|circle_bandwidth_large|direct_operator|raw_cartesian_failure_label_fraction|,failure_pattern,nonlinear-graph-robustness,graph,circle_bandwidth_large,bandwidth,direct_operator,raw_cartesian_failure_label_fraction,,0,33,0,ok,,,nonlinear-graph-robustness/results.csv,failures are invalid plus nonconvergence; denominator is all task/scenario/method raw Cartesian rows
failure_pattern|nonlinear-graph-robustness|graph|circle_bandwidth_large|graph_diagnostics|conditional_failure_rate|,failure_pattern,nonlinear-graph-robustness,graph,circle_bandwidth_large,bandwidth,graph_diagnostics,conditional_failure_rate,,,,,inapplicable,,,nonlinear-graph-robustness/results.csv,"conditional denominator is zero because every source row is inapplicable; numerator, denominator, and rate are blank"
failure_pattern|nonlinear-graph-robustness|graph|circle_bandwidth_large|graph_diagnostics|raw_cartesian_failure_label_fraction|,failure_pattern,nonlinear-graph-robustness,graph,circle_bandwidth_large,bandwidth,graph_diagnostics,raw_cartesian_failure_label_fraction,,0,33,0,ok,,,nonlinear-graph-robustness/results.csv,failures are invalid plus nonconvergence; denominator is all task/scenario/method raw Cartesian rows
failure_pattern|nonlinear-graph-robustness|graph|circle_bandwidth_large|isomap|conditional_failure_rate|,failure_pattern,nonlinear-graph-robustness,graph,circle_bandwidth_large,bandwidth,isomap,conditional_failure_rate,,,,,inapplicable,,,nonlinear-graph-robustness/results.csv,"conditional denominator is zero because every source row is inapplicable; numerator, denominator, and rate are blank"
failure_pattern|nonlinear-graph-robustness|graph|circle_bandwidth_large|isomap|raw_cartesian_failure_label_fraction|,failure_pattern,nonlinear-graph-robustness,graph,circle_bandwidth_large,bandwidth,isomap,raw_cartesian_failure_label_fraction,,0,33,0,ok,,,nonlinear-graph-robustness/results.csv,failures are invalid plus nonconvergence; denominator is all task/scenario/method raw Cartesian rows
failure_pattern|nonlinear-graph-robustness|graph|circle_bandwidth_large|mean|conditional_failure_rate|,failure_pattern,nonlinear-graph-robustness,graph,circle_bandwidth_large,bandwidth,mean,conditional_failure_rate,,,,,inapplicable,,,nonlinear-graph-robustness/results.csv,"conditional denominator is zero because every source row is inapplicable; numerator, denominator, and rate are blank"
failure_pattern|nonlinear-graph-robustness|graph|circle_bandwidth_large|mean|raw_cartesian_failure_label_fraction|,failure_pattern,nonlinear-graph-robustness,graph,circle_bandwidth_large,bandwidth,mean,raw_cartesian_failure_label_fraction,,0,33,0,ok,,,nonlinear-graph-robustness/results.csv,failures are invalid plus nonconvergence; denominator is all task/scenario/method raw Cartesian rows
failure_pattern|nonlinear-graph-robustness|graph|circle_bandwidth_large|nystrom_extension|conditional_failure_rate|,failure_pattern,nonlinear-graph-robustness,graph,circle_bandwidth_large,bandwidth,nystrom_extension,conditional_failure_rate,,0,3,0,ok,,,nonlinear-graph-robustness/results.csv,failures are invalid plus nonconvergence; denominator is ok plus invalid plus nonconvergence rows
failure_pattern|nonlinear-graph-robustness|graph|circle_bandwidth_large|nystrom_extension|raw_cartesian_failure_label_fraction|,failure_pattern,nonlinear-graph-robustness,graph,circle_bandwidth_large,bandwidth,nystrom_extension,raw_cartesian_failure_label_fraction,,0,33,0,ok,,,nonlinear-graph-robustness/results.csv,failures are invalid plus nonconvergence; denominator is all task/scenario/method raw Cartesian rows
failure_pattern|nonlinear-graph-robustness|graph|circle_bandwidth_large|pca|conditional_failure_rate|,failure_pattern,nonlinear-graph-robustness,graph,circle_bandwidth_large,bandwidth,pca,conditional_failure_rate,,,,,inapplicable,,,nonlinear-graph-robustness/results.csv,"conditional denominator is zero because every source row is inapplicable; numerator, denominator, and rate are blank"
failure_pattern|nonlinear-graph-robustness|graph|circle_bandwidth_large|pca|raw_cartesian_failure_label_fraction|,failure_pattern,nonlinear-graph-robustness,graph,circle_bandwidth_large,bandwidth,pca,raw_cartesian_failure_label_fraction,,0,33,0,ok,,,nonlinear-graph-robustness/results.csv,failures are invalid plus nonconvergence; denominator is all task/scenario/method raw Cartesian rows
failure_pattern|nonlinear-graph-robustness|graph|circle_bandwidth_small|ambient_mds|conditional_failure_rate|,failure_pattern,nonlinear-graph-robustness,graph,circle_bandwidth_small,bandwidth,ambient_mds,conditional_failure_rate,,,,,inapplicable,,,nonlinear-graph-robustness/results.csv,"conditional denominator is zero because every source row is inapplicable; numerator, denominator, and rate are blank"
failure_pattern|nonlinear-graph-robustness|graph|circle_bandwidth_small|ambient_mds|raw_cartesian_failure_label_fraction|,failure_pattern,nonlinear-graph-robustness,graph,circle_bandwidth_small,bandwidth,ambient_mds,raw_cartesian_failure_label_fraction,,0,33,0,ok,,,nonlinear-graph-robustness/results.csv,failures are invalid plus nonconvergence; denominator is all task/scenario/method raw Cartesian rows
failure_pattern|nonlinear-graph-robustness|graph|circle_bandwidth_small|diffusion_maps|conditional_failure_rate|,failure_pattern,nonlinear-graph-robustness,graph,circle_bandwidth_small,bandwidth,diffusion_maps,conditional_failure_rate,,0,6,0,ok,,,nonlinear-graph-robustness/results.csv,failures are invalid plus nonconvergence; denominator is ok plus invalid plus nonconvergence rows
failure_pattern|nonlinear-graph-robustness|graph|circle_bandwidth_small|diffusion_maps|raw_cartesian_failure_label_fraction|,failure_pattern,nonlinear-graph-robustness,graph,circle_bandwidth_small,bandwidth,diffusion_maps,raw_cartesian_failure_label_fraction,,0,33,0,ok,,,nonlinear-graph-robustness/results.csv,failures are invalid plus nonconvergence; denominator is all task/scenario/method raw Cartesian rows
failure_pattern|nonlinear-graph-robustness|graph|circle_bandwidth_small|direct_operator|conditional_failure_rate|,failure_pattern,nonlinear-graph-robustness,graph,circle_bandwidth_small,bandwidth,direct_operator,conditional_failure_rate,,0,6,0,ok,,,nonlinear-graph-robustness/results.csv,failures are invalid plus nonconvergence; denominator is ok plus invalid plus nonconvergence rows
failure_pattern|nonlinear-graph-robustness|graph|circle_bandwidth_small|direct_operator|raw_cartesian_failure_label_fraction|,failure_pattern,nonlinear-graph-robustness,graph,circle_bandwidth_small,bandwidth,direct_operator,raw_cartesian_failure_label_fraction,,0,33,0,ok,,,nonlinear-graph-robustness/results.csv,failures are invalid plus nonconvergence; denominator is all task/scenario/method raw Cartesian rows
failure_pattern|nonlinear-graph-robustness|graph|circle_bandwidth_small|graph_diagnostics|conditional_failure_rate|,failure_pattern,nonlinear-graph-robustness,graph,circle_bandwidth_small,bandwidth,graph_diagnostics,conditional_failure_rate,,,,,inapplicable,,,nonlinear-graph-robustness/results.csv,"conditional denominator is zero because every source row is inapplicable; numerator, denominator, and rate are blank"
failure_pattern|nonlinear-graph-robustness|graph|circle_bandwidth_small|graph_diagnostics|raw_cartesian_failure_label_fraction|,failure_pattern,nonlinear-graph-robustness,graph,circle_bandwidth_small,bandwidth,graph_diagnostics,raw_cartesian_failure_label_fraction,,0,33,0,ok,,,nonlinear-graph-robustness/results.csv,failures are invalid plus nonconvergence; denominator is all task/scenario/method raw Cartesian rows
failure_pattern|nonlinear-graph-robustness|graph|circle_bandwidth_small|isomap|conditional_failure_rate|,failure_pattern,nonlinear-graph-robustness,graph,circle_bandwidth_small,bandwidth,isomap,conditional_failure_rate,,,,,inapplicable,,,nonlinear-graph-robustness/results.csv,"conditional denominator is zero because every source row is inapplicable; numerator, denominator, and rate are blank"
failure_pattern|nonlinear-graph-robustness|graph|circle_bandwidth_small|isomap|raw_cartesian_failure_label_fraction|,failure_pattern,nonlinear-graph-robustness,graph,circle_bandwidth_small,bandwidth,isomap,raw_cartesian_failure_label_fraction,,0,33,0,ok,,,nonlinear-graph-robustness/results.csv,failures are invalid plus nonconvergence; denominator is all task/scenario/method raw Cartesian rows
failure_pattern|nonlinear-graph-robustness|graph|circle_bandwidth_small|mean|conditional_failure_rate|,failure_pattern,nonlinear-graph-robustness,graph,circle_bandwidth_small,bandwidth,mean,conditional_failure_rate,,,,,inapplicable,,,nonlinear-graph-robustness/results.csv,"conditional denominator is zero because every source row is inapplicable; numerator, denominator, and rate are blank"
failure_pattern|nonlinear-graph-robustness|graph|circle_bandwidth_small|mean|raw_cartesian_failure_label_fraction|,failure_pattern,nonlinear-graph-robustness,graph,circle_bandwidth_small,bandwidth,mean,raw_cartesian_failure_label_fraction,,0,33,0,ok,,,nonlinear-graph-robustness/results.csv,failures are invalid plus nonconvergence; denominator is all task/scenario/method raw Cartesian rows
failure_pattern|nonlinear-graph-robustness|graph|circle_bandwidth_small|nystrom_extension|conditional_failure_rate|,failure_pattern,nonlinear-graph-robustness,graph,circle_bandwidth_small,bandwidth,nystrom_extension,conditional_failure_rate,,0,3,0,ok,,,nonlinear-graph-robustness/results.csv,failures are invalid plus nonconvergence; denominator is ok plus invalid plus nonconvergence rows
failure_pattern|nonlinear-graph-robustness|graph|circle_bandwidth_small|nystrom_extension|raw_cartesian_failure_label_fraction|,failure_pattern,nonlinear-graph-robustness,graph,circle_bandwidth_small,bandwidth,nystrom_extension,raw_cartesian_failure_label_fraction,,0,33,0,ok,,,nonlinear-graph-robustness/results.csv,failures are invalid plus nonconvergence; denominator is all task/scenario/method raw Cartesian rows
failure_pattern|nonlinear-graph-robustness|graph|circle_bandwidth_small|pca|conditional_failure_rate|,failure_pattern,nonlinear-graph-robustness,graph,circle_bandwidth_small,bandwidth,pca,conditional_failure_rate,,,,,inapplicable,,,nonlinear-graph-robustness/results.csv,"conditional denominator is zero because every source row is inapplicable; numerator, denominator, and rate are blank"
failure_pattern|nonlinear-graph-robustness|graph|circle_bandwidth_small|pca|raw_cartesian_failure_label_fraction|,failure_pattern,nonlinear-graph-robustness,graph,circle_bandwidth_small,bandwidth,pca,raw_cartesian_failure_label_fraction,,0,33,0,ok,,,nonlinear-graph-robustness/results.csv,failures are invalid plus nonconvergence; denominator is all task/scenario/method raw Cartesian rows
failure_pattern|nonlinear-graph-robustness|graph|circle_metric_scaling|ambient_mds|conditional_failure_rate|,failure_pattern,nonlinear-graph-robustness,graph,circle_metric_scaling,metric_scaling,ambient_mds,conditional_failure_rate,,,,,inapplicable,,,nonlinear-graph-robustness/results.csv,"conditional denominator is zero because every source row is inapplicable; numerator, denominator, and rate are blank"
failure_pattern|nonlinear-graph-robustness|graph|circle_metric_scaling|ambient_mds|raw_cartesian_failure_label_fraction|,failure_pattern,nonlinear-graph-robustness,graph,circle_metric_scaling,metric_scaling,ambient_mds,raw_cartesian_failure_label_fraction,,0,33,0,ok,,,nonlinear-graph-robustness/results.csv,failures are invalid plus nonconvergence; denominator is all task/scenario/method raw Cartesian rows
failure_pattern|nonlinear-graph-robustness|graph|circle_metric_scaling|diffusion_maps|conditional_failure_rate|,failure_pattern,nonlinear-graph-robustness,graph,circle_metric_scaling,metric_scaling,diffusion_maps,conditional_failure_rate,,0,6,0,ok,,,nonlinear-graph-robustness/results.csv,failures are invalid plus nonconvergence; denominator is ok plus invalid plus nonconvergence rows
failure_pattern|nonlinear-graph-robustness|graph|circle_metric_scaling|diffusion_maps|raw_cartesian_failure_label_fraction|,failure_pattern,nonlinear-graph-robustness,graph,circle_metric_scaling,metric_scaling,diffusion_maps,raw_cartesian_failure_label_fraction,,0,33,0,ok,,,nonlinear-graph-robustness/results.csv,failures are invalid plus nonconvergence; denominator is all task/scenario/method raw Cartesian rows
failure_pattern|nonlinear-graph-robustness|graph|circle_metric_scaling|direct_operator|conditional_failure_rate|,failure_pattern,nonlinear-graph-robustness,graph,circle_metric_scaling,metric_scaling,direct_operator,conditional_failure_rate,,0,6,0,ok,,,nonlinear-graph-robustness/results.csv,failures are invalid plus nonconvergence; denominator is ok plus invalid plus nonconvergence rows
failure_pattern|nonlinear-graph-robustness|graph|circle_metric_scaling|direct_operator|raw_cartesian_failure_label_fraction|,failure_pattern,nonlinear-graph-robustness,graph,circle_metric_scaling,metric_scaling,direct_operator,raw_cartesian_failure_label_fraction,,0,33,0,ok,,,nonlinear-graph-robustness/results.csv,failures are invalid plus nonconvergence; denominator is all task/scenario/method raw Cartesian rows
failure_pattern|nonlinear-graph-robustness|graph|circle_metric_scaling|graph_diagnostics|conditional_failure_rate|,failure_pattern,nonlinear-graph-robustness,graph,circle_metric_scaling,metric_scaling,graph_diagnostics,conditional_failure_rate,,,,,inapplicable,,,nonlinear-graph-robustness/results.csv,"conditional denominator is zero because every source row is inapplicable; numerator, denominator, and rate are blank"
failure_pattern|nonlinear-graph-robustness|graph|circle_metric_scaling|graph_diagnostics|raw_cartesian_failure_label_fraction|,failure_pattern,nonlinear-graph-robustness,graph,circle_metric_scaling,metric_scaling,graph_diagnostics,raw_cartesian_failure_label_fraction,,0,33,0,ok,,,nonlinear-graph-robustness/results.csv,failures are invalid plus nonconvergence; denominator is all task/scenario/method raw Cartesian rows
failure_pattern|nonlinear-graph-robustness|graph|circle_metric_scaling|isomap|conditional_failure_rate|,failure_pattern,nonlinear-graph-robustness,graph,circle_metric_scaling,metric_scaling,isomap,conditional_failure_rate,,,,,inapplicable,,,nonlinear-graph-robustness/results.csv,"conditional denominator is zero because every source row is inapplicable; numerator, denominator, and rate are blank"
failure_pattern|nonlinear-graph-robustness|graph|circle_metric_scaling|isomap|raw_cartesian_failure_label_fraction|,failure_pattern,nonlinear-graph-robustness,graph,circle_metric_scaling,metric_scaling,isomap,raw_cartesian_failure_label_fraction,,0,33,0,ok,,,nonlinear-graph-robustness/results.csv,failures are invalid plus nonconvergence; denominator is all task/scenario/method raw Cartesian rows
failure_pattern|nonlinear-graph-robustness|graph|circle_metric_scaling|mean|conditional_failure_rate|,failure_pattern,nonlinear-graph-robustness,graph,circle_metric_scaling,metric_scaling,mean,conditional_failure_rate,,,,,inapplicable,,,nonlinear-graph-robustness/results.csv,"conditional denominator is zero because every source row is inapplicable; numerator, denominator, and rate are blank"
failure_pattern|nonlinear-graph-robustness|graph|circle_metric_scaling|mean|raw_cartesian_failure_label_fraction|,failure_pattern,nonlinear-graph-robustness,graph,circle_metric_scaling,metric_scaling,mean,raw_cartesian_failure_label_fraction,,0,33,0,ok,,,nonlinear-graph-robustness/results.csv,failures are invalid plus nonconvergence; denominator is all task/scenario/method raw Cartesian rows
failure_pattern|nonlinear-graph-robustness|graph|circle_metric_scaling|nystrom_extension|conditional_failure_rate|,failure_pattern,nonlinear-graph-robustness,graph,circle_metric_scaling,metric_scaling,nystrom_extension,conditional_failure_rate,,0,3,0,ok,,,nonlinear-graph-robustness/results.csv,failures are invalid plus nonconvergence; denominator is ok plus invalid plus nonconvergence rows
failure_pattern|nonlinear-graph-robustness|graph|circle_metric_scaling|nystrom_extension|raw_cartesian_failure_label_fraction|,failure_pattern,nonlinear-graph-robustness,graph,circle_metric_scaling,metric_scaling,nystrom_extension,raw_cartesian_failure_label_fraction,,0,33,0,ok,,,nonlinear-graph-robustness/results.csv,failures are invalid plus nonconvergence; denominator is all task/scenario/method raw Cartesian rows
failure_pattern|nonlinear-graph-robustness|graph|circle_metric_scaling|pca|conditional_failure_rate|,failure_pattern,nonlinear-graph-robustness,graph,circle_metric_scaling,metric_scaling,pca,conditional_failure_rate,,,,,inapplicable,,,nonlinear-graph-robustness/results.csv,"conditional denominator is zero because every source row is inapplicable; numerator, denominator, and rate are blank"
failure_pattern|nonlinear-graph-robustness|graph|circle_metric_scaling|pca|raw_cartesian_failure_label_fraction|,failure_pattern,nonlinear-graph-robustness,graph,circle_metric_scaling,metric_scaling,pca,raw_cartesian_failure_label_fraction,,0,33,0,ok,,,nonlinear-graph-robustness/results.csv,failures are invalid plus nonconvergence; denominator is all task/scenario/method raw Cartesian rows
failure_pattern|nonlinear-graph-robustness|graph|circle_nonuniform|ambient_mds|conditional_failure_rate|,failure_pattern,nonlinear-graph-robustness,graph,circle_nonuniform,nonuniform_density,ambient_mds,conditional_failure_rate,,,,,inapplicable,,,nonlinear-graph-robustness/results.csv,"conditional denominator is zero because every source row is inapplicable; numerator, denominator, and rate are blank"
failure_pattern|nonlinear-graph-robustness|graph|circle_nonuniform|ambient_mds|raw_cartesian_failure_label_fraction|,failure_pattern,nonlinear-graph-robustness,graph,circle_nonuniform,nonuniform_density,ambient_mds,raw_cartesian_failure_label_fraction,,0,33,0,ok,,,nonlinear-graph-robustness/results.csv,failures are invalid plus nonconvergence; denominator is all task/scenario/method raw Cartesian rows
failure_pattern|nonlinear-graph-robustness|graph|circle_nonuniform|diffusion_maps|conditional_failure_rate|,failure_pattern,nonlinear-graph-robustness,graph,circle_nonuniform,nonuniform_density,diffusion_maps,conditional_failure_rate,,0,6,0,ok,,,nonlinear-graph-robustness/results.csv,failures are invalid plus nonconvergence; denominator is ok plus invalid plus nonconvergence rows
failure_pattern|nonlinear-graph-robustness|graph|circle_nonuniform|diffusion_maps|raw_cartesian_failure_label_fraction|,failure_pattern,nonlinear-graph-robustness,graph,circle_nonuniform,nonuniform_density,diffusion_maps,raw_cartesian_failure_label_fraction,,0,33,0,ok,,,nonlinear-graph-robustness/results.csv,failures are invalid plus nonconvergence; denominator is all task/scenario/method raw Cartesian rows
failure_pattern|nonlinear-graph-robustness|graph|circle_nonuniform|direct_operator|conditional_failure_rate|,failure_pattern,nonlinear-graph-robustness,graph,circle_nonuniform,nonuniform_density,direct_operator,conditional_failure_rate,,0,6,0,ok,,,nonlinear-graph-robustness/results.csv,failures are invalid plus nonconvergence; denominator is ok plus invalid plus nonconvergence rows
failure_pattern|nonlinear-graph-robustness|graph|circle_nonuniform|direct_operator|raw_cartesian_failure_label_fraction|,failure_pattern,nonlinear-graph-robustness,graph,circle_nonuniform,nonuniform_density,direct_operator,raw_cartesian_failure_label_fraction,,0,33,0,ok,,,nonlinear-graph-robustness/results.csv,failures are invalid plus nonconvergence; denominator is all task/scenario/method raw Cartesian rows
failure_pattern|nonlinear-graph-robustness|graph|circle_nonuniform|graph_diagnostics|conditional_failure_rate|,failure_pattern,nonlinear-graph-robustness,graph,circle_nonuniform,nonuniform_density,graph_diagnostics,conditional_failure_rate,,,,,inapplicable,,,nonlinear-graph-robustness/results.csv,"conditional denominator is zero because every source row is inapplicable; numerator, denominator, and rate are blank"
failure_pattern|nonlinear-graph-robustness|graph|circle_nonuniform|graph_diagnostics|raw_cartesian_failure_label_fraction|,failure_pattern,nonlinear-graph-robustness,graph,circle_nonuniform,nonuniform_density,graph_diagnostics,raw_cartesian_failure_label_fraction,,0,33,0,ok,,,nonlinear-graph-robustness/results.csv,failures are invalid plus nonconvergence; denominator is all task/scenario/method raw Cartesian rows
failure_pattern|nonlinear-graph-robustness|graph|circle_nonuniform|isomap|conditional_failure_rate|,failure_pattern,nonlinear-graph-robustness,graph,circle_nonuniform,nonuniform_density,isomap,conditional_failure_rate,,,,,inapplicable,,,nonlinear-graph-robustness/results.csv,"conditional denominator is zero because every source row is inapplicable; numerator, denominator, and rate are blank"
failure_pattern|nonlinear-graph-robustness|graph|circle_nonuniform|isomap|raw_cartesian_failure_label_fraction|,failure_pattern,nonlinear-graph-robustness,graph,circle_nonuniform,nonuniform_density,isomap,raw_cartesian_failure_label_fraction,,0,33,0,ok,,,nonlinear-graph-robustness/results.csv,failures are invalid plus nonconvergence; denominator is all task/scenario/method raw Cartesian rows
failure_pattern|nonlinear-graph-robustness|graph|circle_nonuniform|mean|conditional_failure_rate|,failure_pattern,nonlinear-graph-robustness,graph,circle_nonuniform,nonuniform_density,mean,conditional_failure_rate,,,,,inapplicable,,,nonlinear-graph-robustness/results.csv,"conditional denominator is zero because every source row is inapplicable; numerator, denominator, and rate are blank"
failure_pattern|nonlinear-graph-robustness|graph|circle_nonuniform|mean|raw_cartesian_failure_label_fraction|,failure_pattern,nonlinear-graph-robustness,graph,circle_nonuniform,nonuniform_density,mean,raw_cartesian_failure_label_fraction,,0,33,0,ok,,,nonlinear-graph-robustness/results.csv,failures are invalid plus nonconvergence; denominator is all task/scenario/method raw Cartesian rows
failure_pattern|nonlinear-graph-robustness|graph|circle_nonuniform|nystrom_extension|conditional_failure_rate|,failure_pattern,nonlinear-graph-robustness,graph,circle_nonuniform,nonuniform_density,nystrom_extension,conditional_failure_rate,,0,3,0,ok,,,nonlinear-graph-robustness/results.csv,failures are invalid plus nonconvergence; denominator is ok plus invalid plus nonconvergence rows
failure_pattern|nonlinear-graph-robustness|graph|circle_nonuniform|nystrom_extension|raw_cartesian_failure_label_fraction|,failure_pattern,nonlinear-graph-robustness,graph,circle_nonuniform,nonuniform_density,nystrom_extension,raw_cartesian_failure_label_fraction,,0,33,0,ok,,,nonlinear-graph-robustness/results.csv,failures are invalid plus nonconvergence; denominator is all task/scenario/method raw Cartesian rows
failure_pattern|nonlinear-graph-robustness|graph|circle_nonuniform|pca|conditional_failure_rate|,failure_pattern,nonlinear-graph-robustness,graph,circle_nonuniform,nonuniform_density,pca,conditional_failure_rate,,,,,inapplicable,,,nonlinear-graph-robustness/results.csv,"conditional denominator is zero because every source row is inapplicable; numerator, denominator, and rate are blank"
failure_pattern|nonlinear-graph-robustness|graph|circle_nonuniform|pca|raw_cartesian_failure_label_fraction|,failure_pattern,nonlinear-graph-robustness,graph,circle_nonuniform,nonuniform_density,pca,raw_cartesian_failure_label_fraction,,0,33,0,ok,,,nonlinear-graph-robustness/results.csv,failures are invalid plus nonconvergence; denominator is all task/scenario/method raw Cartesian rows
failure_pattern|nonlinear-graph-robustness|graph|circle_reference|ambient_mds|conditional_failure_rate|,failure_pattern,nonlinear-graph-robustness,graph,circle_reference,reference,ambient_mds,conditional_failure_rate,,,,,inapplicable,,,nonlinear-graph-robustness/results.csv,"conditional denominator is zero because every source row is inapplicable; numerator, denominator, and rate are blank"
failure_pattern|nonlinear-graph-robustness|graph|circle_reference|ambient_mds|raw_cartesian_failure_label_fraction|,failure_pattern,nonlinear-graph-robustness,graph,circle_reference,reference,ambient_mds,raw_cartesian_failure_label_fraction,,0,33,0,ok,,,nonlinear-graph-robustness/results.csv,failures are invalid plus nonconvergence; denominator is all task/scenario/method raw Cartesian rows
failure_pattern|nonlinear-graph-robustness|graph|circle_reference|diffusion_maps|conditional_failure_rate|,failure_pattern,nonlinear-graph-robustness,graph,circle_reference,reference,diffusion_maps,conditional_failure_rate,,0,6,0,ok,,,nonlinear-graph-robustness/results.csv,failures are invalid plus nonconvergence; denominator is ok plus invalid plus nonconvergence rows
failure_pattern|nonlinear-graph-robustness|graph|circle_reference|diffusion_maps|raw_cartesian_failure_label_fraction|,failure_pattern,nonlinear-graph-robustness,graph,circle_reference,reference,diffusion_maps,raw_cartesian_failure_label_fraction,,0,33,0,ok,,,nonlinear-graph-robustness/results.csv,failures are invalid plus nonconvergence; denominator is all task/scenario/method raw Cartesian rows
failure_pattern|nonlinear-graph-robustness|graph|circle_reference|direct_operator|conditional_failure_rate|,failure_pattern,nonlinear-graph-robustness,graph,circle_reference,reference,direct_operator,conditional_failure_rate,,0,6,0,ok,,,nonlinear-graph-robustness/results.csv,failures are invalid plus nonconvergence; denominator is ok plus invalid plus nonconvergence rows
failure_pattern|nonlinear-graph-robustness|graph|circle_reference|direct_operator|raw_cartesian_failure_label_fraction|,failure_pattern,nonlinear-graph-robustness,graph,circle_reference,reference,direct_operator,raw_cartesian_failure_label_fraction,,0,33,0,ok,,,nonlinear-graph-robustness/results.csv,failures are invalid plus nonconvergence; denominator is all task/scenario/method raw Cartesian rows
failure_pattern|nonlinear-graph-robustness|graph|circle_reference|graph_diagnostics|conditional_failure_rate|,failure_pattern,nonlinear-graph-robustness,graph,circle_reference,reference,graph_diagnostics,conditional_failure_rate,,,,,inapplicable,,,nonlinear-graph-robustness/results.csv,"conditional denominator is zero because every source row is inapplicable; numerator, denominator, and rate are blank"
failure_pattern|nonlinear-graph-robustness|graph|circle_reference|graph_diagnostics|raw_cartesian_failure_label_fraction|,failure_pattern,nonlinear-graph-robustness,graph,circle_reference,reference,graph_diagnostics,raw_cartesian_failure_label_fraction,,0,33,0,ok,,,nonlinear-graph-robustness/results.csv,failures are invalid plus nonconvergence; denominator is all task/scenario/method raw Cartesian rows
failure_pattern|nonlinear-graph-robustness|graph|circle_reference|isomap|conditional_failure_rate|,failure_pattern,nonlinear-graph-robustness,graph,circle_reference,reference,isomap,conditional_failure_rate,,,,,inapplicable,,,nonlinear-graph-robustness/results.csv,"conditional denominator is zero because every source row is inapplicable; numerator, denominator, and rate are blank"
failure_pattern|nonlinear-graph-robustness|graph|circle_reference|isomap|raw_cartesian_failure_label_fraction|,failure_pattern,nonlinear-graph-robustness,graph,circle_reference,reference,isomap,raw_cartesian_failure_label_fraction,,0,33,0,ok,,,nonlinear-graph-robustness/results.csv,failures are invalid plus nonconvergence; denominator is all task/scenario/method raw Cartesian rows
failure_pattern|nonlinear-graph-robustness|graph|circle_reference|mean|conditional_failure_rate|,failure_pattern,nonlinear-graph-robustness,graph,circle_reference,reference,mean,conditional_failure_rate,,,,,inapplicable,,,nonlinear-graph-robustness/results.csv,"conditional denominator is zero because every source row is inapplicable; numerator, denominator, and rate are blank"
failure_pattern|nonlinear-graph-robustness|graph|circle_reference|mean|raw_cartesian_failure_label_fraction|,failure_pattern,nonlinear-graph-robustness,graph,circle_reference,reference,mean,raw_cartesian_failure_label_fraction,,0,33,0,ok,,,nonlinear-graph-robustness/results.csv,failures are invalid plus nonconvergence; denominator is all task/scenario/method raw Cartesian rows
failure_pattern|nonlinear-graph-robustness|graph|circle_reference|nystrom_extension|conditional_failure_rate|,failure_pattern,nonlinear-graph-robustness,graph,circle_reference,reference,nystrom_extension,conditional_failure_rate,,0,3,0,ok,,,nonlinear-graph-robustness/results.csv,failures are invalid plus nonconvergence; denominator is ok plus invalid plus nonconvergence rows
failure_pattern|nonlinear-graph-robustness|graph|circle_reference|nystrom_extension|raw_cartesian_failure_label_fraction|,failure_pattern,nonlinear-graph-robustness,graph,circle_reference,reference,nystrom_extension,raw_cartesian_failure_label_fraction,,0,33,0,ok,,,nonlinear-graph-robustness/results.csv,failures are invalid plus nonconvergence; denominator is all task/scenario/method raw Cartesian rows
failure_pattern|nonlinear-graph-robustness|graph|circle_reference|pca|conditional_failure_rate|,failure_pattern,nonlinear-graph-robustness,graph,circle_reference,reference,pca,conditional_failure_rate,,,,,inapplicable,,,nonlinear-graph-robustness/results.csv,"conditional denominator is zero because every source row is inapplicable; numerator, denominator, and rate are blank"
failure_pattern|nonlinear-graph-robustness|graph|circle_reference|pca|raw_cartesian_failure_label_fraction|,failure_pattern,nonlinear-graph-robustness,graph,circle_reference,reference,pca,raw_cartesian_failure_label_fraction,,0,33,0,ok,,,nonlinear-graph-robustness/results.csv,failures are invalid plus nonconvergence; denominator is all task/scenario/method raw Cartesian rows
failure_pattern|nonlinear-graph-robustness|graph|hairpin_disconnected|ambient_mds|conditional_failure_rate|,failure_pattern,nonlinear-graph-robustness,graph,hairpin_disconnected,connectivity,ambient_mds,conditional_failure_rate,,0,6,0,ok,,,nonlinear-graph-robustness/results.csv,failures are invalid plus nonconvergence; denominator is ok plus invalid plus nonconvergence rows
failure_pattern|nonlinear-graph-robustness|graph|hairpin_disconnected|ambient_mds|raw_cartesian_failure_label_fraction|,failure_pattern,nonlinear-graph-robustness,graph,hairpin_disconnected,connectivity,ambient_mds,raw_cartesian_failure_label_fraction,,0,33,0,ok,,,nonlinear-graph-robustness/results.csv,failures are invalid plus nonconvergence; denominator is all task/scenario/method raw Cartesian rows
failure_pattern|nonlinear-graph-robustness|graph|hairpin_disconnected|diffusion_maps|conditional_failure_rate|,failure_pattern,nonlinear-graph-robustness,graph,hairpin_disconnected,connectivity,diffusion_maps,conditional_failure_rate,,,,,inapplicable,,,nonlinear-graph-robustness/results.csv,"conditional denominator is zero because every source row is inapplicable; numerator, denominator, and rate are blank"
failure_pattern|nonlinear-graph-robustness|graph|hairpin_disconnected|diffusion_maps|raw_cartesian_failure_label_fraction|,failure_pattern,nonlinear-graph-robustness,graph,hairpin_disconnected,connectivity,diffusion_maps,raw_cartesian_failure_label_fraction,,0,33,0,ok,,,nonlinear-graph-robustness/results.csv,failures are invalid plus nonconvergence; denominator is all task/scenario/method raw Cartesian rows
failure_pattern|nonlinear-graph-robustness|graph|hairpin_disconnected|direct_operator|conditional_failure_rate|,failure_pattern,nonlinear-graph-robustness,graph,hairpin_disconnected,connectivity,direct_operator,conditional_failure_rate,,,,,inapplicable,,,nonlinear-graph-robustness/results.csv,"conditional denominator is zero because every source row is inapplicable; numerator, denominator, and rate are blank"
failure_pattern|nonlinear-graph-robustness|graph|hairpin_disconnected|direct_operator|raw_cartesian_failure_label_fraction|,failure_pattern,nonlinear-graph-robustness,graph,hairpin_disconnected,connectivity,direct_operator,raw_cartesian_failure_label_fraction,,0,33,0,ok,,,nonlinear-graph-robustness/results.csv,failures are invalid plus nonconvergence; denominator is all task/scenario/method raw Cartesian rows
failure_pattern|nonlinear-graph-robustness|graph|hairpin_disconnected|graph_diagnostics|conditional_failure_rate|,failure_pattern,nonlinear-graph-robustness,graph,hairpin_disconnected,connectivity,graph_diagnostics,conditional_failure_rate,,0,12,0,ok,,,nonlinear-graph-robustness/results.csv,failures are invalid plus nonconvergence; denominator is ok plus invalid plus nonconvergence rows
failure_pattern|nonlinear-graph-robustness|graph|hairpin_disconnected|graph_diagnostics|raw_cartesian_failure_label_fraction|,failure_pattern,nonlinear-graph-robustness,graph,hairpin_disconnected,connectivity,graph_diagnostics,raw_cartesian_failure_label_fraction,,0,33,0,ok,,,nonlinear-graph-robustness/results.csv,failures are invalid plus nonconvergence; denominator is all task/scenario/method raw Cartesian rows
failure_pattern|nonlinear-graph-robustness|graph|hairpin_disconnected|isomap|conditional_failure_rate|,failure_pattern,nonlinear-graph-robustness,graph,hairpin_disconnected,connectivity,isomap,conditional_failure_rate,,,,,inapplicable,,,nonlinear-graph-robustness/results.csv,"conditional denominator is zero because every source row is inapplicable; numerator, denominator, and rate are blank"
failure_pattern|nonlinear-graph-robustness|graph|hairpin_disconnected|isomap|raw_cartesian_failure_label_fraction|,failure_pattern,nonlinear-graph-robustness,graph,hairpin_disconnected,connectivity,isomap,raw_cartesian_failure_label_fraction,,0,33,0,ok,,,nonlinear-graph-robustness/results.csv,failures are invalid plus nonconvergence; denominator is all task/scenario/method raw Cartesian rows
failure_pattern|nonlinear-graph-robustness|graph|hairpin_disconnected|mean|conditional_failure_rate|,failure_pattern,nonlinear-graph-robustness,graph,hairpin_disconnected,connectivity,mean,conditional_failure_rate,,0,3,0,ok,,,nonlinear-graph-robustness/results.csv,failures are invalid plus nonconvergence; denominator is ok plus invalid plus nonconvergence rows
failure_pattern|nonlinear-graph-robustness|graph|hairpin_disconnected|mean|raw_cartesian_failure_label_fraction|,failure_pattern,nonlinear-graph-robustness,graph,hairpin_disconnected,connectivity,mean,raw_cartesian_failure_label_fraction,,0,33,0,ok,,,nonlinear-graph-robustness/results.csv,failures are invalid plus nonconvergence; denominator is all task/scenario/method raw Cartesian rows
failure_pattern|nonlinear-graph-robustness|graph|hairpin_disconnected|nystrom_extension|conditional_failure_rate|,failure_pattern,nonlinear-graph-robustness,graph,hairpin_disconnected,connectivity,nystrom_extension,conditional_failure_rate,,,,,inapplicable,,,nonlinear-graph-robustness/results.csv,"conditional denominator is zero because every source row is inapplicable; numerator, denominator, and rate are blank"
failure_pattern|nonlinear-graph-robustness|graph|hairpin_disconnected|nystrom_extension|raw_cartesian_failure_label_fraction|,failure_pattern,nonlinear-graph-robustness,graph,hairpin_disconnected,connectivity,nystrom_extension,raw_cartesian_failure_label_fraction,,0,33,0,ok,,,nonlinear-graph-robustness/results.csv,failures are invalid plus nonconvergence; denominator is all task/scenario/method raw Cartesian rows
failure_pattern|nonlinear-graph-robustness|graph|hairpin_disconnected|pca|conditional_failure_rate|,failure_pattern,nonlinear-graph-robustness,graph,hairpin_disconnected,connectivity,pca,conditional_failure_rate,,0,3,0,ok,,,nonlinear-graph-robustness/results.csv,failures are invalid plus nonconvergence; denominator is ok plus invalid plus nonconvergence rows
failure_pattern|nonlinear-graph-robustness|graph|hairpin_disconnected|pca|raw_cartesian_failure_label_fraction|,failure_pattern,nonlinear-graph-robustness,graph,hairpin_disconnected,connectivity,pca,raw_cartesian_failure_label_fraction,,0,33,0,ok,,,nonlinear-graph-robustness/results.csv,failures are invalid plus nonconvergence; denominator is all task/scenario/method raw Cartesian rows
failure_pattern|nonlinear-graph-robustness|graph|hairpin_large_k|ambient_mds|conditional_failure_rate|,failure_pattern,nonlinear-graph-robustness,graph,hairpin_large_k,neighborhood,ambient_mds,conditional_failure_rate,,0,6,0,ok,,,nonlinear-graph-robustness/results.csv,failures are invalid plus nonconvergence; denominator is ok plus invalid plus nonconvergence rows
failure_pattern|nonlinear-graph-robustness|graph|hairpin_large_k|ambient_mds|raw_cartesian_failure_label_fraction|,failure_pattern,nonlinear-graph-robustness,graph,hairpin_large_k,neighborhood,ambient_mds,raw_cartesian_failure_label_fraction,,0,33,0,ok,,,nonlinear-graph-robustness/results.csv,failures are invalid plus nonconvergence; denominator is all task/scenario/method raw Cartesian rows
failure_pattern|nonlinear-graph-robustness|graph|hairpin_large_k|diffusion_maps|conditional_failure_rate|,failure_pattern,nonlinear-graph-robustness,graph,hairpin_large_k,neighborhood,diffusion_maps,conditional_failure_rate,,,,,inapplicable,,,nonlinear-graph-robustness/results.csv,"conditional denominator is zero because every source row is inapplicable; numerator, denominator, and rate are blank"
failure_pattern|nonlinear-graph-robustness|graph|hairpin_large_k|diffusion_maps|raw_cartesian_failure_label_fraction|,failure_pattern,nonlinear-graph-robustness,graph,hairpin_large_k,neighborhood,diffusion_maps,raw_cartesian_failure_label_fraction,,0,33,0,ok,,,nonlinear-graph-robustness/results.csv,failures are invalid plus nonconvergence; denominator is all task/scenario/method raw Cartesian rows
failure_pattern|nonlinear-graph-robustness|graph|hairpin_large_k|direct_operator|conditional_failure_rate|,failure_pattern,nonlinear-graph-robustness,graph,hairpin_large_k,neighborhood,direct_operator,conditional_failure_rate,,,,,inapplicable,,,nonlinear-graph-robustness/results.csv,"conditional denominator is zero because every source row is inapplicable; numerator, denominator, and rate are blank"
failure_pattern|nonlinear-graph-robustness|graph|hairpin_large_k|direct_operator|raw_cartesian_failure_label_fraction|,failure_pattern,nonlinear-graph-robustness,graph,hairpin_large_k,neighborhood,direct_operator,raw_cartesian_failure_label_fraction,,0,33,0,ok,,,nonlinear-graph-robustness/results.csv,failures are invalid plus nonconvergence; denominator is all task/scenario/method raw Cartesian rows
failure_pattern|nonlinear-graph-robustness|graph|hairpin_large_k|graph_diagnostics|conditional_failure_rate|,failure_pattern,nonlinear-graph-robustness,graph,hairpin_large_k,neighborhood,graph_diagnostics,conditional_failure_rate,,0,12,0,ok,,,nonlinear-graph-robustness/results.csv,failures are invalid plus nonconvergence; denominator is ok plus invalid plus nonconvergence rows
failure_pattern|nonlinear-graph-robustness|graph|hairpin_large_k|graph_diagnostics|raw_cartesian_failure_label_fraction|,failure_pattern,nonlinear-graph-robustness,graph,hairpin_large_k,neighborhood,graph_diagnostics,raw_cartesian_failure_label_fraction,,0,33,0,ok,,,nonlinear-graph-robustness/results.csv,failures are invalid plus nonconvergence; denominator is all task/scenario/method raw Cartesian rows
failure_pattern|nonlinear-graph-robustness|graph|hairpin_large_k|isomap|conditional_failure_rate|,failure_pattern,nonlinear-graph-robustness,graph,hairpin_large_k,neighborhood,isomap,conditional_failure_rate,,0,6,0,ok,,,nonlinear-graph-robustness/results.csv,failures are invalid plus nonconvergence; denominator is ok plus invalid plus nonconvergence rows
failure_pattern|nonlinear-graph-robustness|graph|hairpin_large_k|isomap|raw_cartesian_failure_label_fraction|,failure_pattern,nonlinear-graph-robustness,graph,hairpin_large_k,neighborhood,isomap,raw_cartesian_failure_label_fraction,,0,33,0,ok,,,nonlinear-graph-robustness/results.csv,failures are invalid plus nonconvergence; denominator is all task/scenario/method raw Cartesian rows
failure_pattern|nonlinear-graph-robustness|graph|hairpin_large_k|mean|conditional_failure_rate|,failure_pattern,nonlinear-graph-robustness,graph,hairpin_large_k,neighborhood,mean,conditional_failure_rate,,0,3,0,ok,,,nonlinear-graph-robustness/results.csv,failures are invalid plus nonconvergence; denominator is ok plus invalid plus nonconvergence rows
failure_pattern|nonlinear-graph-robustness|graph|hairpin_large_k|mean|raw_cartesian_failure_label_fraction|,failure_pattern,nonlinear-graph-robustness,graph,hairpin_large_k,neighborhood,mean,raw_cartesian_failure_label_fraction,,0,33,0,ok,,,nonlinear-graph-robustness/results.csv,failures are invalid plus nonconvergence; denominator is all task/scenario/method raw Cartesian rows
failure_pattern|nonlinear-graph-robustness|graph|hairpin_large_k|nystrom_extension|conditional_failure_rate|,failure_pattern,nonlinear-graph-robustness,graph,hairpin_large_k,neighborhood,nystrom_extension,conditional_failure_rate,,,,,inapplicable,,,nonlinear-graph-robustness/results.csv,"conditional denominator is zero because every source row is inapplicable; numerator, denominator, and rate are blank"
failure_pattern|nonlinear-graph-robustness|graph|hairpin_large_k|nystrom_extension|raw_cartesian_failure_label_fraction|,failure_pattern,nonlinear-graph-robustness,graph,hairpin_large_k,neighborhood,nystrom_extension,raw_cartesian_failure_label_fraction,,0,33,0,ok,,,nonlinear-graph-robustness/results.csv,failures are invalid plus nonconvergence; denominator is all task/scenario/method raw Cartesian rows
failure_pattern|nonlinear-graph-robustness|graph|hairpin_large_k|pca|conditional_failure_rate|,failure_pattern,nonlinear-graph-robustness,graph,hairpin_large_k,neighborhood,pca,conditional_failure_rate,,0,3,0,ok,,,nonlinear-graph-robustness/results.csv,failures are invalid plus nonconvergence; denominator is ok plus invalid plus nonconvergence rows
failure_pattern|nonlinear-graph-robustness|graph|hairpin_large_k|pca|raw_cartesian_failure_label_fraction|,failure_pattern,nonlinear-graph-robustness,graph,hairpin_large_k,neighborhood,pca,raw_cartesian_failure_label_fraction,,0,33,0,ok,,,nonlinear-graph-robustness/results.csv,failures are invalid plus nonconvergence; denominator is all task/scenario/method raw Cartesian rows
failure_pattern|nonlinear-graph-robustness|graph|hairpin_metric_scaling|ambient_mds|conditional_failure_rate|,failure_pattern,nonlinear-graph-robustness,graph,hairpin_metric_scaling,metric_scaling,ambient_mds,conditional_failure_rate,,0,6,0,ok,,,nonlinear-graph-robustness/results.csv,failures are invalid plus nonconvergence; denominator is ok plus invalid plus nonconvergence rows
failure_pattern|nonlinear-graph-robustness|graph|hairpin_metric_scaling|ambient_mds|raw_cartesian_failure_label_fraction|,failure_pattern,nonlinear-graph-robustness,graph,hairpin_metric_scaling,metric_scaling,ambient_mds,raw_cartesian_failure_label_fraction,,0,33,0,ok,,,nonlinear-graph-robustness/results.csv,failures are invalid plus nonconvergence; denominator is all task/scenario/method raw Cartesian rows
failure_pattern|nonlinear-graph-robustness|graph|hairpin_metric_scaling|diffusion_maps|conditional_failure_rate|,failure_pattern,nonlinear-graph-robustness,graph,hairpin_metric_scaling,metric_scaling,diffusion_maps,conditional_failure_rate,,,,,inapplicable,,,nonlinear-graph-robustness/results.csv,"conditional denominator is zero because every source row is inapplicable; numerator, denominator, and rate are blank"
failure_pattern|nonlinear-graph-robustness|graph|hairpin_metric_scaling|diffusion_maps|raw_cartesian_failure_label_fraction|,failure_pattern,nonlinear-graph-robustness,graph,hairpin_metric_scaling,metric_scaling,diffusion_maps,raw_cartesian_failure_label_fraction,,0,33,0,ok,,,nonlinear-graph-robustness/results.csv,failures are invalid plus nonconvergence; denominator is all task/scenario/method raw Cartesian rows
failure_pattern|nonlinear-graph-robustness|graph|hairpin_metric_scaling|direct_operator|conditional_failure_rate|,failure_pattern,nonlinear-graph-robustness,graph,hairpin_metric_scaling,metric_scaling,direct_operator,conditional_failure_rate,,,,,inapplicable,,,nonlinear-graph-robustness/results.csv,"conditional denominator is zero because every source row is inapplicable; numerator, denominator, and rate are blank"
failure_pattern|nonlinear-graph-robustness|graph|hairpin_metric_scaling|direct_operator|raw_cartesian_failure_label_fraction|,failure_pattern,nonlinear-graph-robustness,graph,hairpin_metric_scaling,metric_scaling,direct_operator,raw_cartesian_failure_label_fraction,,0,33,0,ok,,,nonlinear-graph-robustness/results.csv,failures are invalid plus nonconvergence; denominator is all task/scenario/method raw Cartesian rows
failure_pattern|nonlinear-graph-robustness|graph|hairpin_metric_scaling|graph_diagnostics|conditional_failure_rate|,failure_pattern,nonlinear-graph-robustness,graph,hairpin_metric_scaling,metric_scaling,graph_diagnostics,conditional_failure_rate,,0,12,0,ok,,,nonlinear-graph-robustness/results.csv,failures are invalid plus nonconvergence; denominator is ok plus invalid plus nonconvergence rows
failure_pattern|nonlinear-graph-robustness|graph|hairpin_metric_scaling|graph_diagnostics|raw_cartesian_failure_label_fraction|,failure_pattern,nonlinear-graph-robustness,graph,hairpin_metric_scaling,metric_scaling,graph_diagnostics,raw_cartesian_failure_label_fraction,,0,33,0,ok,,,nonlinear-graph-robustness/results.csv,failures are invalid plus nonconvergence; denominator is all task/scenario/method raw Cartesian rows
failure_pattern|nonlinear-graph-robustness|graph|hairpin_metric_scaling|isomap|conditional_failure_rate|,failure_pattern,nonlinear-graph-robustness,graph,hairpin_metric_scaling,metric_scaling,isomap,conditional_failure_rate,,0,6,0,ok,,,nonlinear-graph-robustness/results.csv,failures are invalid plus nonconvergence; denominator is ok plus invalid plus nonconvergence rows
failure_pattern|nonlinear-graph-robustness|graph|hairpin_metric_scaling|isomap|raw_cartesian_failure_label_fraction|,failure_pattern,nonlinear-graph-robustness,graph,hairpin_metric_scaling,metric_scaling,isomap,raw_cartesian_failure_label_fraction,,0,33,0,ok,,,nonlinear-graph-robustness/results.csv,failures are invalid plus nonconvergence; denominator is all task/scenario/method raw Cartesian rows
failure_pattern|nonlinear-graph-robustness|graph|hairpin_metric_scaling|mean|conditional_failure_rate|,failure_pattern,nonlinear-graph-robustness,graph,hairpin_metric_scaling,metric_scaling,mean,conditional_failure_rate,,0,3,0,ok,,,nonlinear-graph-robustness/results.csv,failures are invalid plus nonconvergence; denominator is ok plus invalid plus nonconvergence rows
failure_pattern|nonlinear-graph-robustness|graph|hairpin_metric_scaling|mean|raw_cartesian_failure_label_fraction|,failure_pattern,nonlinear-graph-robustness,graph,hairpin_metric_scaling,metric_scaling,mean,raw_cartesian_failure_label_fraction,,0,33,0,ok,,,nonlinear-graph-robustness/results.csv,failures are invalid plus nonconvergence; denominator is all task/scenario/method raw Cartesian rows
failure_pattern|nonlinear-graph-robustness|graph|hairpin_metric_scaling|nystrom_extension|conditional_failure_rate|,failure_pattern,nonlinear-graph-robustness,graph,hairpin_metric_scaling,metric_scaling,nystrom_extension,conditional_failure_rate,,,,,inapplicable,,,nonlinear-graph-robustness/results.csv,"conditional denominator is zero because every source row is inapplicable; numerator, denominator, and rate are blank"
failure_pattern|nonlinear-graph-robustness|graph|hairpin_metric_scaling|nystrom_extension|raw_cartesian_failure_label_fraction|,failure_pattern,nonlinear-graph-robustness,graph,hairpin_metric_scaling,metric_scaling,nystrom_extension,raw_cartesian_failure_label_fraction,,0,33,0,ok,,,nonlinear-graph-robustness/results.csv,failures are invalid plus nonconvergence; denominator is all task/scenario/method raw Cartesian rows
failure_pattern|nonlinear-graph-robustness|graph|hairpin_metric_scaling|pca|conditional_failure_rate|,failure_pattern,nonlinear-graph-robustness,graph,hairpin_metric_scaling,metric_scaling,pca,conditional_failure_rate,,0,3,0,ok,,,nonlinear-graph-robustness/results.csv,failures are invalid plus nonconvergence; denominator is ok plus invalid plus nonconvergence rows
failure_pattern|nonlinear-graph-robustness|graph|hairpin_metric_scaling|pca|raw_cartesian_failure_label_fraction|,failure_pattern,nonlinear-graph-robustness,graph,hairpin_metric_scaling,metric_scaling,pca,raw_cartesian_failure_label_fraction,,0,33,0,ok,,,nonlinear-graph-robustness/results.csv,failures are invalid plus nonconvergence; denominator is all task/scenario/method raw Cartesian rows
failure_pattern|nonlinear-graph-robustness|graph|hairpin_nearly_complete|ambient_mds|conditional_failure_rate|,failure_pattern,nonlinear-graph-robustness,graph,hairpin_nearly_complete,neighborhood,ambient_mds,conditional_failure_rate,,0,6,0,ok,,,nonlinear-graph-robustness/results.csv,failures are invalid plus nonconvergence; denominator is ok plus invalid plus nonconvergence rows
failure_pattern|nonlinear-graph-robustness|graph|hairpin_nearly_complete|ambient_mds|raw_cartesian_failure_label_fraction|,failure_pattern,nonlinear-graph-robustness,graph,hairpin_nearly_complete,neighborhood,ambient_mds,raw_cartesian_failure_label_fraction,,0,33,0,ok,,,nonlinear-graph-robustness/results.csv,failures are invalid plus nonconvergence; denominator is all task/scenario/method raw Cartesian rows
failure_pattern|nonlinear-graph-robustness|graph|hairpin_nearly_complete|diffusion_maps|conditional_failure_rate|,failure_pattern,nonlinear-graph-robustness,graph,hairpin_nearly_complete,neighborhood,diffusion_maps,conditional_failure_rate,,,,,inapplicable,,,nonlinear-graph-robustness/results.csv,"conditional denominator is zero because every source row is inapplicable; numerator, denominator, and rate are blank"
failure_pattern|nonlinear-graph-robustness|graph|hairpin_nearly_complete|diffusion_maps|raw_cartesian_failure_label_fraction|,failure_pattern,nonlinear-graph-robustness,graph,hairpin_nearly_complete,neighborhood,diffusion_maps,raw_cartesian_failure_label_fraction,,0,33,0,ok,,,nonlinear-graph-robustness/results.csv,failures are invalid plus nonconvergence; denominator is all task/scenario/method raw Cartesian rows
failure_pattern|nonlinear-graph-robustness|graph|hairpin_nearly_complete|direct_operator|conditional_failure_rate|,failure_pattern,nonlinear-graph-robustness,graph,hairpin_nearly_complete,neighborhood,direct_operator,conditional_failure_rate,,,,,inapplicable,,,nonlinear-graph-robustness/results.csv,"conditional denominator is zero because every source row is inapplicable; numerator, denominator, and rate are blank"
failure_pattern|nonlinear-graph-robustness|graph|hairpin_nearly_complete|direct_operator|raw_cartesian_failure_label_fraction|,failure_pattern,nonlinear-graph-robustness,graph,hairpin_nearly_complete,neighborhood,direct_operator,raw_cartesian_failure_label_fraction,,0,33,0,ok,,,nonlinear-graph-robustness/results.csv,failures are invalid plus nonconvergence; denominator is all task/scenario/method raw Cartesian rows
failure_pattern|nonlinear-graph-robustness|graph|hairpin_nearly_complete|graph_diagnostics|conditional_failure_rate|,failure_pattern,nonlinear-graph-robustness,graph,hairpin_nearly_complete,neighborhood,graph_diagnostics,conditional_failure_rate,,0,12,0,ok,,,nonlinear-graph-robustness/results.csv,failures are invalid plus nonconvergence; denominator is ok plus invalid plus nonconvergence rows
failure_pattern|nonlinear-graph-robustness|graph|hairpin_nearly_complete|graph_diagnostics|raw_cartesian_failure_label_fraction|,failure_pattern,nonlinear-graph-robustness,graph,hairpin_nearly_complete,neighborhood,graph_diagnostics,raw_cartesian_failure_label_fraction,,0,33,0,ok,,,nonlinear-graph-robustness/results.csv,failures are invalid plus nonconvergence; denominator is all task/scenario/method raw Cartesian rows
failure_pattern|nonlinear-graph-robustness|graph|hairpin_nearly_complete|isomap|conditional_failure_rate|,failure_pattern,nonlinear-graph-robustness,graph,hairpin_nearly_complete,neighborhood,isomap,conditional_failure_rate,,0,6,0,ok,,,nonlinear-graph-robustness/results.csv,failures are invalid plus nonconvergence; denominator is ok plus invalid plus nonconvergence rows
failure_pattern|nonlinear-graph-robustness|graph|hairpin_nearly_complete|isomap|raw_cartesian_failure_label_fraction|,failure_pattern,nonlinear-graph-robustness,graph,hairpin_nearly_complete,neighborhood,isomap,raw_cartesian_failure_label_fraction,,0,33,0,ok,,,nonlinear-graph-robustness/results.csv,failures are invalid plus nonconvergence; denominator is all task/scenario/method raw Cartesian rows
failure_pattern|nonlinear-graph-robustness|graph|hairpin_nearly_complete|mean|conditional_failure_rate|,failure_pattern,nonlinear-graph-robustness,graph,hairpin_nearly_complete,neighborhood,mean,conditional_failure_rate,,0,3,0,ok,,,nonlinear-graph-robustness/results.csv,failures are invalid plus nonconvergence; denominator is ok plus invalid plus nonconvergence rows
failure_pattern|nonlinear-graph-robustness|graph|hairpin_nearly_complete|mean|raw_cartesian_failure_label_fraction|,failure_pattern,nonlinear-graph-robustness,graph,hairpin_nearly_complete,neighborhood,mean,raw_cartesian_failure_label_fraction,,0,33,0,ok,,,nonlinear-graph-robustness/results.csv,failures are invalid plus nonconvergence; denominator is all task/scenario/method raw Cartesian rows
failure_pattern|nonlinear-graph-robustness|graph|hairpin_nearly_complete|nystrom_extension|conditional_failure_rate|,failure_pattern,nonlinear-graph-robustness,graph,hairpin_nearly_complete,neighborhood,nystrom_extension,conditional_failure_rate,,,,,inapplicable,,,nonlinear-graph-robustness/results.csv,"conditional denominator is zero because every source row is inapplicable; numerator, denominator, and rate are blank"
failure_pattern|nonlinear-graph-robustness|graph|hairpin_nearly_complete|nystrom_extension|raw_cartesian_failure_label_fraction|,failure_pattern,nonlinear-graph-robustness,graph,hairpin_nearly_complete,neighborhood,nystrom_extension,raw_cartesian_failure_label_fraction,,0,33,0,ok,,,nonlinear-graph-robustness/results.csv,failures are invalid plus nonconvergence; denominator is all task/scenario/method raw Cartesian rows
failure_pattern|nonlinear-graph-robustness|graph|hairpin_nearly_complete|pca|conditional_failure_rate|,failure_pattern,nonlinear-graph-robustness,graph,hairpin_nearly_complete,neighborhood,pca,conditional_failure_rate,,0,3,0,ok,,,nonlinear-graph-robustness/results.csv,failures are invalid plus nonconvergence; denominator is ok plus invalid plus nonconvergence rows
failure_pattern|nonlinear-graph-robustness|graph|hairpin_nearly_complete|pca|raw_cartesian_failure_label_fraction|,failure_pattern,nonlinear-graph-robustness,graph,hairpin_nearly_complete,neighborhood,pca,raw_cartesian_failure_label_fraction,,0,33,0,ok,,,nonlinear-graph-robustness/results.csv,failures are invalid plus nonconvergence; denominator is all task/scenario/method raw Cartesian rows
failure_pattern|nonlinear-graph-robustness|graph|hairpin_nonuniform|ambient_mds|conditional_failure_rate|,failure_pattern,nonlinear-graph-robustness,graph,hairpin_nonuniform,nonuniform_density,ambient_mds,conditional_failure_rate,,0,6,0,ok,,,nonlinear-graph-robustness/results.csv,failures are invalid plus nonconvergence; denominator is ok plus invalid plus nonconvergence rows
failure_pattern|nonlinear-graph-robustness|graph|hairpin_nonuniform|ambient_mds|raw_cartesian_failure_label_fraction|,failure_pattern,nonlinear-graph-robustness,graph,hairpin_nonuniform,nonuniform_density,ambient_mds,raw_cartesian_failure_label_fraction,,0,33,0,ok,,,nonlinear-graph-robustness/results.csv,failures are invalid plus nonconvergence; denominator is all task/scenario/method raw Cartesian rows
failure_pattern|nonlinear-graph-robustness|graph|hairpin_nonuniform|diffusion_maps|conditional_failure_rate|,failure_pattern,nonlinear-graph-robustness,graph,hairpin_nonuniform,nonuniform_density,diffusion_maps,conditional_failure_rate,,,,,inapplicable,,,nonlinear-graph-robustness/results.csv,"conditional denominator is zero because every source row is inapplicable; numerator, denominator, and rate are blank"
failure_pattern|nonlinear-graph-robustness|graph|hairpin_nonuniform|diffusion_maps|raw_cartesian_failure_label_fraction|,failure_pattern,nonlinear-graph-robustness,graph,hairpin_nonuniform,nonuniform_density,diffusion_maps,raw_cartesian_failure_label_fraction,,0,33,0,ok,,,nonlinear-graph-robustness/results.csv,failures are invalid plus nonconvergence; denominator is all task/scenario/method raw Cartesian rows
failure_pattern|nonlinear-graph-robustness|graph|hairpin_nonuniform|direct_operator|conditional_failure_rate|,failure_pattern,nonlinear-graph-robustness,graph,hairpin_nonuniform,nonuniform_density,direct_operator,conditional_failure_rate,,,,,inapplicable,,,nonlinear-graph-robustness/results.csv,"conditional denominator is zero because every source row is inapplicable; numerator, denominator, and rate are blank"
failure_pattern|nonlinear-graph-robustness|graph|hairpin_nonuniform|direct_operator|raw_cartesian_failure_label_fraction|,failure_pattern,nonlinear-graph-robustness,graph,hairpin_nonuniform,nonuniform_density,direct_operator,raw_cartesian_failure_label_fraction,,0,33,0,ok,,,nonlinear-graph-robustness/results.csv,failures are invalid plus nonconvergence; denominator is all task/scenario/method raw Cartesian rows
failure_pattern|nonlinear-graph-robustness|graph|hairpin_nonuniform|graph_diagnostics|conditional_failure_rate|,failure_pattern,nonlinear-graph-robustness,graph,hairpin_nonuniform,nonuniform_density,graph_diagnostics,conditional_failure_rate,,0,12,0,ok,,,nonlinear-graph-robustness/results.csv,failures are invalid plus nonconvergence; denominator is ok plus invalid plus nonconvergence rows
failure_pattern|nonlinear-graph-robustness|graph|hairpin_nonuniform|graph_diagnostics|raw_cartesian_failure_label_fraction|,failure_pattern,nonlinear-graph-robustness,graph,hairpin_nonuniform,nonuniform_density,graph_diagnostics,raw_cartesian_failure_label_fraction,,0,33,0,ok,,,nonlinear-graph-robustness/results.csv,failures are invalid plus nonconvergence; denominator is all task/scenario/method raw Cartesian rows
failure_pattern|nonlinear-graph-robustness|graph|hairpin_nonuniform|isomap|conditional_failure_rate|,failure_pattern,nonlinear-graph-robustness,graph,hairpin_nonuniform,nonuniform_density,isomap,conditional_failure_rate,,,,,inapplicable,,,nonlinear-graph-robustness/results.csv,"conditional denominator is zero because every source row is inapplicable; numerator, denominator, and rate are blank"
failure_pattern|nonlinear-graph-robustness|graph|hairpin_nonuniform|isomap|raw_cartesian_failure_label_fraction|,failure_pattern,nonlinear-graph-robustness,graph,hairpin_nonuniform,nonuniform_density,isomap,raw_cartesian_failure_label_fraction,,0,33,0,ok,,,nonlinear-graph-robustness/results.csv,failures are invalid plus nonconvergence; denominator is all task/scenario/method raw Cartesian rows
failure_pattern|nonlinear-graph-robustness|graph|hairpin_nonuniform|mean|conditional_failure_rate|,failure_pattern,nonlinear-graph-robustness,graph,hairpin_nonuniform,nonuniform_density,mean,conditional_failure_rate,,0,3,0,ok,,,nonlinear-graph-robustness/results.csv,failures are invalid plus nonconvergence; denominator is ok plus invalid plus nonconvergence rows
failure_pattern|nonlinear-graph-robustness|graph|hairpin_nonuniform|mean|raw_cartesian_failure_label_fraction|,failure_pattern,nonlinear-graph-robustness,graph,hairpin_nonuniform,nonuniform_density,mean,raw_cartesian_failure_label_fraction,,0,33,0,ok,,,nonlinear-graph-robustness/results.csv,failures are invalid plus nonconvergence; denominator is all task/scenario/method raw Cartesian rows
failure_pattern|nonlinear-graph-robustness|graph|hairpin_nonuniform|nystrom_extension|conditional_failure_rate|,failure_pattern,nonlinear-graph-robustness,graph,hairpin_nonuniform,nonuniform_density,nystrom_extension,conditional_failure_rate,,,,,inapplicable,,,nonlinear-graph-robustness/results.csv,"conditional denominator is zero because every source row is inapplicable; numerator, denominator, and rate are blank"
failure_pattern|nonlinear-graph-robustness|graph|hairpin_nonuniform|nystrom_extension|raw_cartesian_failure_label_fraction|,failure_pattern,nonlinear-graph-robustness,graph,hairpin_nonuniform,nonuniform_density,nystrom_extension,raw_cartesian_failure_label_fraction,,0,33,0,ok,,,nonlinear-graph-robustness/results.csv,failures are invalid plus nonconvergence; denominator is all task/scenario/method raw Cartesian rows
failure_pattern|nonlinear-graph-robustness|graph|hairpin_nonuniform|pca|conditional_failure_rate|,failure_pattern,nonlinear-graph-robustness,graph,hairpin_nonuniform,nonuniform_density,pca,conditional_failure_rate,,0,3,0,ok,,,nonlinear-graph-robustness/results.csv,failures are invalid plus nonconvergence; denominator is ok plus invalid plus nonconvergence rows
failure_pattern|nonlinear-graph-robustness|graph|hairpin_nonuniform|pca|raw_cartesian_failure_label_fraction|,failure_pattern,nonlinear-graph-robustness,graph,hairpin_nonuniform,nonuniform_density,pca,raw_cartesian_failure_label_fraction,,0,33,0,ok,,,nonlinear-graph-robustness/results.csv,failures are invalid plus nonconvergence; denominator is all task/scenario/method raw Cartesian rows
failure_pattern|nonlinear-graph-robustness|graph|hairpin_reference|ambient_mds|conditional_failure_rate|,failure_pattern,nonlinear-graph-robustness,graph,hairpin_reference,reference,ambient_mds,conditional_failure_rate,,0,6,0,ok,,,nonlinear-graph-robustness/results.csv,failures are invalid plus nonconvergence; denominator is ok plus invalid plus nonconvergence rows
failure_pattern|nonlinear-graph-robustness|graph|hairpin_reference|ambient_mds|raw_cartesian_failure_label_fraction|,failure_pattern,nonlinear-graph-robustness,graph,hairpin_reference,reference,ambient_mds,raw_cartesian_failure_label_fraction,,0,33,0,ok,,,nonlinear-graph-robustness/results.csv,failures are invalid plus nonconvergence; denominator is all task/scenario/method raw Cartesian rows
failure_pattern|nonlinear-graph-robustness|graph|hairpin_reference|diffusion_maps|conditional_failure_rate|,failure_pattern,nonlinear-graph-robustness,graph,hairpin_reference,reference,diffusion_maps,conditional_failure_rate,,,,,inapplicable,,,nonlinear-graph-robustness/results.csv,"conditional denominator is zero because every source row is inapplicable; numerator, denominator, and rate are blank"
failure_pattern|nonlinear-graph-robustness|graph|hairpin_reference|diffusion_maps|raw_cartesian_failure_label_fraction|,failure_pattern,nonlinear-graph-robustness,graph,hairpin_reference,reference,diffusion_maps,raw_cartesian_failure_label_fraction,,0,33,0,ok,,,nonlinear-graph-robustness/results.csv,failures are invalid plus nonconvergence; denominator is all task/scenario/method raw Cartesian rows
failure_pattern|nonlinear-graph-robustness|graph|hairpin_reference|direct_operator|conditional_failure_rate|,failure_pattern,nonlinear-graph-robustness,graph,hairpin_reference,reference,direct_operator,conditional_failure_rate,,,,,inapplicable,,,nonlinear-graph-robustness/results.csv,"conditional denominator is zero because every source row is inapplicable; numerator, denominator, and rate are blank"
failure_pattern|nonlinear-graph-robustness|graph|hairpin_reference|direct_operator|raw_cartesian_failure_label_fraction|,failure_pattern,nonlinear-graph-robustness,graph,hairpin_reference,reference,direct_operator,raw_cartesian_failure_label_fraction,,0,33,0,ok,,,nonlinear-graph-robustness/results.csv,failures are invalid plus nonconvergence; denominator is all task/scenario/method raw Cartesian rows
failure_pattern|nonlinear-graph-robustness|graph|hairpin_reference|graph_diagnostics|conditional_failure_rate|,failure_pattern,nonlinear-graph-robustness,graph,hairpin_reference,reference,graph_diagnostics,conditional_failure_rate,,0,12,0,ok,,,nonlinear-graph-robustness/results.csv,failures are invalid plus nonconvergence; denominator is ok plus invalid plus nonconvergence rows
failure_pattern|nonlinear-graph-robustness|graph|hairpin_reference|graph_diagnostics|raw_cartesian_failure_label_fraction|,failure_pattern,nonlinear-graph-robustness,graph,hairpin_reference,reference,graph_diagnostics,raw_cartesian_failure_label_fraction,,0,33,0,ok,,,nonlinear-graph-robustness/results.csv,failures are invalid plus nonconvergence; denominator is all task/scenario/method raw Cartesian rows
failure_pattern|nonlinear-graph-robustness|graph|hairpin_reference|isomap|conditional_failure_rate|,failure_pattern,nonlinear-graph-robustness,graph,hairpin_reference,reference,isomap,conditional_failure_rate,,0,6,0,ok,,,nonlinear-graph-robustness/results.csv,failures are invalid plus nonconvergence; denominator is ok plus invalid plus nonconvergence rows
failure_pattern|nonlinear-graph-robustness|graph|hairpin_reference|isomap|raw_cartesian_failure_label_fraction|,failure_pattern,nonlinear-graph-robustness,graph,hairpin_reference,reference,isomap,raw_cartesian_failure_label_fraction,,0,33,0,ok,,,nonlinear-graph-robustness/results.csv,failures are invalid plus nonconvergence; denominator is all task/scenario/method raw Cartesian rows
failure_pattern|nonlinear-graph-robustness|graph|hairpin_reference|mean|conditional_failure_rate|,failure_pattern,nonlinear-graph-robustness,graph,hairpin_reference,reference,mean,conditional_failure_rate,,0,3,0,ok,,,nonlinear-graph-robustness/results.csv,failures are invalid plus nonconvergence; denominator is ok plus invalid plus nonconvergence rows
failure_pattern|nonlinear-graph-robustness|graph|hairpin_reference|mean|raw_cartesian_failure_label_fraction|,failure_pattern,nonlinear-graph-robustness,graph,hairpin_reference,reference,mean,raw_cartesian_failure_label_fraction,,0,33,0,ok,,,nonlinear-graph-robustness/results.csv,failures are invalid plus nonconvergence; denominator is all task/scenario/method raw Cartesian rows
failure_pattern|nonlinear-graph-robustness|graph|hairpin_reference|nystrom_extension|conditional_failure_rate|,failure_pattern,nonlinear-graph-robustness,graph,hairpin_reference,reference,nystrom_extension,conditional_failure_rate,,,,,inapplicable,,,nonlinear-graph-robustness/results.csv,"conditional denominator is zero because every source row is inapplicable; numerator, denominator, and rate are blank"
failure_pattern|nonlinear-graph-robustness|graph|hairpin_reference|nystrom_extension|raw_cartesian_failure_label_fraction|,failure_pattern,nonlinear-graph-robustness,graph,hairpin_reference,reference,nystrom_extension,raw_cartesian_failure_label_fraction,,0,33,0,ok,,,nonlinear-graph-robustness/results.csv,failures are invalid plus nonconvergence; denominator is all task/scenario/method raw Cartesian rows
failure_pattern|nonlinear-graph-robustness|graph|hairpin_reference|pca|conditional_failure_rate|,failure_pattern,nonlinear-graph-robustness,graph,hairpin_reference,reference,pca,conditional_failure_rate,,0,3,0,ok,,,nonlinear-graph-robustness/results.csv,failures are invalid plus nonconvergence; denominator is ok plus invalid plus nonconvergence rows
failure_pattern|nonlinear-graph-robustness|graph|hairpin_reference|pca|raw_cartesian_failure_label_fraction|,failure_pattern,nonlinear-graph-robustness,graph,hairpin_reference,reference,pca,raw_cartesian_failure_label_fraction,,0,33,0,ok,,,nonlinear-graph-robustness/results.csv,failures are invalid plus nonconvergence; denominator is all task/scenario/method raw Cartesian rows
failure_pattern|nonlinear-graph-robustness|graph|hairpin_shortcuts|ambient_mds|conditional_failure_rate|,failure_pattern,nonlinear-graph-robustness,graph,hairpin_shortcuts,shortcuts,ambient_mds,conditional_failure_rate,,0,6,0,ok,,,nonlinear-graph-robustness/results.csv,failures are invalid plus nonconvergence; denominator is ok plus invalid plus nonconvergence rows
failure_pattern|nonlinear-graph-robustness|graph|hairpin_shortcuts|ambient_mds|raw_cartesian_failure_label_fraction|,failure_pattern,nonlinear-graph-robustness,graph,hairpin_shortcuts,shortcuts,ambient_mds,raw_cartesian_failure_label_fraction,,0,33,0,ok,,,nonlinear-graph-robustness/results.csv,failures are invalid plus nonconvergence; denominator is all task/scenario/method raw Cartesian rows
failure_pattern|nonlinear-graph-robustness|graph|hairpin_shortcuts|diffusion_maps|conditional_failure_rate|,failure_pattern,nonlinear-graph-robustness,graph,hairpin_shortcuts,shortcuts,diffusion_maps,conditional_failure_rate,,,,,inapplicable,,,nonlinear-graph-robustness/results.csv,"conditional denominator is zero because every source row is inapplicable; numerator, denominator, and rate are blank"
failure_pattern|nonlinear-graph-robustness|graph|hairpin_shortcuts|diffusion_maps|raw_cartesian_failure_label_fraction|,failure_pattern,nonlinear-graph-robustness,graph,hairpin_shortcuts,shortcuts,diffusion_maps,raw_cartesian_failure_label_fraction,,0,33,0,ok,,,nonlinear-graph-robustness/results.csv,failures are invalid plus nonconvergence; denominator is all task/scenario/method raw Cartesian rows
failure_pattern|nonlinear-graph-robustness|graph|hairpin_shortcuts|direct_operator|conditional_failure_rate|,failure_pattern,nonlinear-graph-robustness,graph,hairpin_shortcuts,shortcuts,direct_operator,conditional_failure_rate,,,,,inapplicable,,,nonlinear-graph-robustness/results.csv,"conditional denominator is zero because every source row is inapplicable; numerator, denominator, and rate are blank"
failure_pattern|nonlinear-graph-robustness|graph|hairpin_shortcuts|direct_operator|raw_cartesian_failure_label_fraction|,failure_pattern,nonlinear-graph-robustness,graph,hairpin_shortcuts,shortcuts,direct_operator,raw_cartesian_failure_label_fraction,,0,33,0,ok,,,nonlinear-graph-robustness/results.csv,failures are invalid plus nonconvergence; denominator is all task/scenario/method raw Cartesian rows
failure_pattern|nonlinear-graph-robustness|graph|hairpin_shortcuts|graph_diagnostics|conditional_failure_rate|,failure_pattern,nonlinear-graph-robustness,graph,hairpin_shortcuts,shortcuts,graph_diagnostics,conditional_failure_rate,,0,12,0,ok,,,nonlinear-graph-robustness/results.csv,failures are invalid plus nonconvergence; denominator is ok plus invalid plus nonconvergence rows
failure_pattern|nonlinear-graph-robustness|graph|hairpin_shortcuts|graph_diagnostics|raw_cartesian_failure_label_fraction|,failure_pattern,nonlinear-graph-robustness,graph,hairpin_shortcuts,shortcuts,graph_diagnostics,raw_cartesian_failure_label_fraction,,0,33,0,ok,,,nonlinear-graph-robustness/results.csv,failures are invalid plus nonconvergence; denominator is all task/scenario/method raw Cartesian rows
failure_pattern|nonlinear-graph-robustness|graph|hairpin_shortcuts|isomap|conditional_failure_rate|,failure_pattern,nonlinear-graph-robustness,graph,hairpin_shortcuts,shortcuts,isomap,conditional_failure_rate,,0,6,0,ok,,,nonlinear-graph-robustness/results.csv,failures are invalid plus nonconvergence; denominator is ok plus invalid plus nonconvergence rows
failure_pattern|nonlinear-graph-robustness|graph|hairpin_shortcuts|isomap|raw_cartesian_failure_label_fraction|,failure_pattern,nonlinear-graph-robustness,graph,hairpin_shortcuts,shortcuts,isomap,raw_cartesian_failure_label_fraction,,0,33,0,ok,,,nonlinear-graph-robustness/results.csv,failures are invalid plus nonconvergence; denominator is all task/scenario/method raw Cartesian rows
failure_pattern|nonlinear-graph-robustness|graph|hairpin_shortcuts|mean|conditional_failure_rate|,failure_pattern,nonlinear-graph-robustness,graph,hairpin_shortcuts,shortcuts,mean,conditional_failure_rate,,0,3,0,ok,,,nonlinear-graph-robustness/results.csv,failures are invalid plus nonconvergence; denominator is ok plus invalid plus nonconvergence rows
failure_pattern|nonlinear-graph-robustness|graph|hairpin_shortcuts|mean|raw_cartesian_failure_label_fraction|,failure_pattern,nonlinear-graph-robustness,graph,hairpin_shortcuts,shortcuts,mean,raw_cartesian_failure_label_fraction,,0,33,0,ok,,,nonlinear-graph-robustness/results.csv,failures are invalid plus nonconvergence; denominator is all task/scenario/method raw Cartesian rows
failure_pattern|nonlinear-graph-robustness|graph|hairpin_shortcuts|nystrom_extension|conditional_failure_rate|,failure_pattern,nonlinear-graph-robustness,graph,hairpin_shortcuts,shortcuts,nystrom_extension,conditional_failure_rate,,,,,inapplicable,,,nonlinear-graph-robustness/results.csv,"conditional denominator is zero because every source row is inapplicable; numerator, denominator, and rate are blank"
failure_pattern|nonlinear-graph-robustness|graph|hairpin_shortcuts|nystrom_extension|raw_cartesian_failure_label_fraction|,failure_pattern,nonlinear-graph-robustness,graph,hairpin_shortcuts,shortcuts,nystrom_extension,raw_cartesian_failure_label_fraction,,0,33,0,ok,,,nonlinear-graph-robustness/results.csv,failures are invalid plus nonconvergence; denominator is all task/scenario/method raw Cartesian rows
failure_pattern|nonlinear-graph-robustness|graph|hairpin_shortcuts|pca|conditional_failure_rate|,failure_pattern,nonlinear-graph-robustness,graph,hairpin_shortcuts,shortcuts,pca,conditional_failure_rate,,0,3,0,ok,,,nonlinear-graph-robustness/results.csv,failures are invalid plus nonconvergence; denominator is ok plus invalid plus nonconvergence rows
failure_pattern|nonlinear-graph-robustness|graph|hairpin_shortcuts|pca|raw_cartesian_failure_label_fraction|,failure_pattern,nonlinear-graph-robustness,graph,hairpin_shortcuts,shortcuts,pca,raw_cartesian_failure_label_fraction,,0,33,0,ok,,,nonlinear-graph-robustness/results.csv,failures are invalid plus nonconvergence; denominator is all task/scenario/method raw Cartesian rows
failure_pattern|nonlinear-graph-robustness|graph|hairpin_sparse_gap|ambient_mds|conditional_failure_rate|,failure_pattern,nonlinear-graph-robustness,graph,hairpin_sparse_gap,sampling_gap,ambient_mds,conditional_failure_rate,,0,6,0,ok,,,nonlinear-graph-robustness/results.csv,failures are invalid plus nonconvergence; denominator is ok plus invalid plus nonconvergence rows
failure_pattern|nonlinear-graph-robustness|graph|hairpin_sparse_gap|ambient_mds|raw_cartesian_failure_label_fraction|,failure_pattern,nonlinear-graph-robustness,graph,hairpin_sparse_gap,sampling_gap,ambient_mds,raw_cartesian_failure_label_fraction,,0,33,0,ok,,,nonlinear-graph-robustness/results.csv,failures are invalid plus nonconvergence; denominator is all task/scenario/method raw Cartesian rows
failure_pattern|nonlinear-graph-robustness|graph|hairpin_sparse_gap|diffusion_maps|conditional_failure_rate|,failure_pattern,nonlinear-graph-robustness,graph,hairpin_sparse_gap,sampling_gap,diffusion_maps,conditional_failure_rate,,,,,inapplicable,,,nonlinear-graph-robustness/results.csv,"conditional denominator is zero because every source row is inapplicable; numerator, denominator, and rate are blank"
failure_pattern|nonlinear-graph-robustness|graph|hairpin_sparse_gap|diffusion_maps|raw_cartesian_failure_label_fraction|,failure_pattern,nonlinear-graph-robustness,graph,hairpin_sparse_gap,sampling_gap,diffusion_maps,raw_cartesian_failure_label_fraction,,0,33,0,ok,,,nonlinear-graph-robustness/results.csv,failures are invalid plus nonconvergence; denominator is all task/scenario/method raw Cartesian rows
failure_pattern|nonlinear-graph-robustness|graph|hairpin_sparse_gap|direct_operator|conditional_failure_rate|,failure_pattern,nonlinear-graph-robustness,graph,hairpin_sparse_gap,sampling_gap,direct_operator,conditional_failure_rate,,,,,inapplicable,,,nonlinear-graph-robustness/results.csv,"conditional denominator is zero because every source row is inapplicable; numerator, denominator, and rate are blank"
failure_pattern|nonlinear-graph-robustness|graph|hairpin_sparse_gap|direct_operator|raw_cartesian_failure_label_fraction|,failure_pattern,nonlinear-graph-robustness,graph,hairpin_sparse_gap,sampling_gap,direct_operator,raw_cartesian_failure_label_fraction,,0,33,0,ok,,,nonlinear-graph-robustness/results.csv,failures are invalid plus nonconvergence; denominator is all task/scenario/method raw Cartesian rows
failure_pattern|nonlinear-graph-robustness|graph|hairpin_sparse_gap|graph_diagnostics|conditional_failure_rate|,failure_pattern,nonlinear-graph-robustness,graph,hairpin_sparse_gap,sampling_gap,graph_diagnostics,conditional_failure_rate,,0,12,0,ok,,,nonlinear-graph-robustness/results.csv,failures are invalid plus nonconvergence; denominator is ok plus invalid plus nonconvergence rows
failure_pattern|nonlinear-graph-robustness|graph|hairpin_sparse_gap|graph_diagnostics|raw_cartesian_failure_label_fraction|,failure_pattern,nonlinear-graph-robustness,graph,hairpin_sparse_gap,sampling_gap,graph_diagnostics,raw_cartesian_failure_label_fraction,,0,33,0,ok,,,nonlinear-graph-robustness/results.csv,failures are invalid plus nonconvergence; denominator is all task/scenario/method raw Cartesian rows
failure_pattern|nonlinear-graph-robustness|graph|hairpin_sparse_gap|isomap|conditional_failure_rate|,failure_pattern,nonlinear-graph-robustness,graph,hairpin_sparse_gap,sampling_gap,isomap,conditional_failure_rate,,0,2,0,ok,,,nonlinear-graph-robustness/results.csv,failures are invalid plus nonconvergence; denominator is ok plus invalid plus nonconvergence rows
failure_pattern|nonlinear-graph-robustness|graph|hairpin_sparse_gap|isomap|raw_cartesian_failure_label_fraction|,failure_pattern,nonlinear-graph-robustness,graph,hairpin_sparse_gap,sampling_gap,isomap,raw_cartesian_failure_label_fraction,,0,33,0,ok,,,nonlinear-graph-robustness/results.csv,failures are invalid plus nonconvergence; denominator is all task/scenario/method raw Cartesian rows
failure_pattern|nonlinear-graph-robustness|graph|hairpin_sparse_gap|mean|conditional_failure_rate|,failure_pattern,nonlinear-graph-robustness,graph,hairpin_sparse_gap,sampling_gap,mean,conditional_failure_rate,,0,3,0,ok,,,nonlinear-graph-robustness/results.csv,failures are invalid plus nonconvergence; denominator is ok plus invalid plus nonconvergence rows
failure_pattern|nonlinear-graph-robustness|graph|hairpin_sparse_gap|mean|raw_cartesian_failure_label_fraction|,failure_pattern,nonlinear-graph-robustness,graph,hairpin_sparse_gap,sampling_gap,mean,raw_cartesian_failure_label_fraction,,0,33,0,ok,,,nonlinear-graph-robustness/results.csv,failures are invalid plus nonconvergence; denominator is all task/scenario/method raw Cartesian rows
failure_pattern|nonlinear-graph-robustness|graph|hairpin_sparse_gap|nystrom_extension|conditional_failure_rate|,failure_pattern,nonlinear-graph-robustness,graph,hairpin_sparse_gap,sampling_gap,nystrom_extension,conditional_failure_rate,,,,,inapplicable,,,nonlinear-graph-robustness/results.csv,"conditional denominator is zero because every source row is inapplicable; numerator, denominator, and rate are blank"
failure_pattern|nonlinear-graph-robustness|graph|hairpin_sparse_gap|nystrom_extension|raw_cartesian_failure_label_fraction|,failure_pattern,nonlinear-graph-robustness,graph,hairpin_sparse_gap,sampling_gap,nystrom_extension,raw_cartesian_failure_label_fraction,,0,33,0,ok,,,nonlinear-graph-robustness/results.csv,failures are invalid plus nonconvergence; denominator is all task/scenario/method raw Cartesian rows
failure_pattern|nonlinear-graph-robustness|graph|hairpin_sparse_gap|pca|conditional_failure_rate|,failure_pattern,nonlinear-graph-robustness,graph,hairpin_sparse_gap,sampling_gap,pca,conditional_failure_rate,,0,3,0,ok,,,nonlinear-graph-robustness/results.csv,failures are invalid plus nonconvergence; denominator is ok plus invalid plus nonconvergence rows
failure_pattern|nonlinear-graph-robustness|graph|hairpin_sparse_gap|pca|raw_cartesian_failure_label_fraction|,failure_pattern,nonlinear-graph-robustness,graph,hairpin_sparse_gap,sampling_gap,pca,raw_cartesian_failure_label_fraction,,0,33,0,ok,,,nonlinear-graph-robustness/results.csv,failures are invalid plus nonconvergence; denominator is all task/scenario/method raw Cartesian rows
failure_pattern|nonlinear-graph-robustness|reconstruction|high_curvature|frozen_encoder|conditional_failure_rate|,failure_pattern,nonlinear-graph-robustness,reconstruction,high_curvature,curvature,frozen_encoder,conditional_failure_rate,,0,21,0,ok,,,nonlinear-graph-robustness/results.csv,failures are invalid plus nonconvergence; denominator is ok plus invalid plus nonconvergence rows
failure_pattern|nonlinear-graph-robustness|reconstruction|high_curvature|frozen_encoder|raw_cartesian_failure_label_fraction|,failure_pattern,nonlinear-graph-robustness,reconstruction,high_curvature,curvature,frozen_encoder,raw_cartesian_failure_label_fraction,,0,21,0,ok,,,nonlinear-graph-robustness/results.csv,failures are invalid plus nonconvergence; denominator is all task/scenario/method raw Cartesian rows
failure_pattern|nonlinear-graph-robustness|reconstruction|high_curvature|linear_autoencoder|conditional_failure_rate|,failure_pattern,nonlinear-graph-robustness,reconstruction,high_curvature,curvature,linear_autoencoder,conditional_failure_rate,,0,21,0,ok,,,nonlinear-graph-robustness/results.csv,failures are invalid plus nonconvergence; denominator is ok plus invalid plus nonconvergence rows
failure_pattern|nonlinear-graph-robustness|reconstruction|high_curvature|linear_autoencoder|raw_cartesian_failure_label_fraction|,failure_pattern,nonlinear-graph-robustness,reconstruction,high_curvature,curvature,linear_autoencoder,raw_cartesian_failure_label_fraction,,0,21,0,ok,,,nonlinear-graph-robustness/results.csv,failures are invalid plus nonconvergence; denominator is all task/scenario/method raw Cartesian rows
failure_pattern|nonlinear-graph-robustness|reconstruction|high_curvature|mean|conditional_failure_rate|,failure_pattern,nonlinear-graph-robustness,reconstruction,high_curvature,curvature,mean,conditional_failure_rate,,0,21,0,ok,,,nonlinear-graph-robustness/results.csv,failures are invalid plus nonconvergence; denominator is ok plus invalid plus nonconvergence rows
failure_pattern|nonlinear-graph-robustness|reconstruction|high_curvature|mean|raw_cartesian_failure_label_fraction|,failure_pattern,nonlinear-graph-robustness,reconstruction,high_curvature,curvature,mean,raw_cartesian_failure_label_fraction,,0,21,0,ok,,,nonlinear-graph-robustness/results.csv,failures are invalid plus nonconvergence; denominator is all task/scenario/method raw Cartesian rows
failure_pattern|nonlinear-graph-robustness|reconstruction|high_curvature|nonlinear_autoencoder|conditional_failure_rate|,failure_pattern,nonlinear-graph-robustness,reconstruction,high_curvature,curvature,nonlinear_autoencoder,conditional_failure_rate,,0,21,0,ok,,,nonlinear-graph-robustness/results.csv,failures are invalid plus nonconvergence; denominator is ok plus invalid plus nonconvergence rows
failure_pattern|nonlinear-graph-robustness|reconstruction|high_curvature|nonlinear_autoencoder|raw_cartesian_failure_label_fraction|,failure_pattern,nonlinear-graph-robustness,reconstruction,high_curvature,curvature,nonlinear_autoencoder,raw_cartesian_failure_label_fraction,,0,21,0,ok,,,nonlinear-graph-robustness/results.csv,failures are invalid plus nonconvergence; denominator is all task/scenario/method raw Cartesian rows
failure_pattern|nonlinear-graph-robustness|reconstruction|high_curvature|pca|conditional_failure_rate|,failure_pattern,nonlinear-graph-robustness,reconstruction,high_curvature,curvature,pca,conditional_failure_rate,,0,21,0,ok,,,nonlinear-graph-robustness/results.csv,failures are invalid plus nonconvergence; denominator is ok plus invalid plus nonconvergence rows
failure_pattern|nonlinear-graph-robustness|reconstruction|high_curvature|pca|raw_cartesian_failure_label_fraction|,failure_pattern,nonlinear-graph-robustness,reconstruction,high_curvature,curvature,pca,raw_cartesian_failure_label_fraction,,0,21,0,ok,,,nonlinear-graph-robustness/results.csv,failures are invalid plus nonconvergence; denominator is all task/scenario/method raw Cartesian rows
failure_pattern|nonlinear-graph-robustness|reconstruction|high_variance_nuisance|frozen_encoder|conditional_failure_rate|,failure_pattern,nonlinear-graph-robustness,reconstruction,high_variance_nuisance,nuisance,frozen_encoder,conditional_failure_rate,,0,21,0,ok,,,nonlinear-graph-robustness/results.csv,failures are invalid plus nonconvergence; denominator is ok plus invalid plus nonconvergence rows
failure_pattern|nonlinear-graph-robustness|reconstruction|high_variance_nuisance|frozen_encoder|raw_cartesian_failure_label_fraction|,failure_pattern,nonlinear-graph-robustness,reconstruction,high_variance_nuisance,nuisance,frozen_encoder,raw_cartesian_failure_label_fraction,,0,21,0,ok,,,nonlinear-graph-robustness/results.csv,failures are invalid plus nonconvergence; denominator is all task/scenario/method raw Cartesian rows
failure_pattern|nonlinear-graph-robustness|reconstruction|high_variance_nuisance|linear_autoencoder|conditional_failure_rate|,failure_pattern,nonlinear-graph-robustness,reconstruction,high_variance_nuisance,nuisance,linear_autoencoder,conditional_failure_rate,,0,21,0,ok,,,nonlinear-graph-robustness/results.csv,failures are invalid plus nonconvergence; denominator is ok plus invalid plus nonconvergence rows
failure_pattern|nonlinear-graph-robustness|reconstruction|high_variance_nuisance|linear_autoencoder|raw_cartesian_failure_label_fraction|,failure_pattern,nonlinear-graph-robustness,reconstruction,high_variance_nuisance,nuisance,linear_autoencoder,raw_cartesian_failure_label_fraction,,0,21,0,ok,,,nonlinear-graph-robustness/results.csv,failures are invalid plus nonconvergence; denominator is all task/scenario/method raw Cartesian rows
failure_pattern|nonlinear-graph-robustness|reconstruction|high_variance_nuisance|mean|conditional_failure_rate|,failure_pattern,nonlinear-graph-robustness,reconstruction,high_variance_nuisance,nuisance,mean,conditional_failure_rate,,0,21,0,ok,,,nonlinear-graph-robustness/results.csv,failures are invalid plus nonconvergence; denominator is ok plus invalid plus nonconvergence rows
failure_pattern|nonlinear-graph-robustness|reconstruction|high_variance_nuisance|mean|raw_cartesian_failure_label_fraction|,failure_pattern,nonlinear-graph-robustness,reconstruction,high_variance_nuisance,nuisance,mean,raw_cartesian_failure_label_fraction,,0,21,0,ok,,,nonlinear-graph-robustness/results.csv,failures are invalid plus nonconvergence; denominator is all task/scenario/method raw Cartesian rows
failure_pattern|nonlinear-graph-robustness|reconstruction|high_variance_nuisance|nonlinear_autoencoder|conditional_failure_rate|,failure_pattern,nonlinear-graph-robustness,reconstruction,high_variance_nuisance,nuisance,nonlinear_autoencoder,conditional_failure_rate,,0,21,0,ok,,,nonlinear-graph-robustness/results.csv,failures are invalid plus nonconvergence; denominator is ok plus invalid plus nonconvergence rows
failure_pattern|nonlinear-graph-robustness|reconstruction|high_variance_nuisance|nonlinear_autoencoder|raw_cartesian_failure_label_fraction|,failure_pattern,nonlinear-graph-robustness,reconstruction,high_variance_nuisance,nuisance,nonlinear_autoencoder,raw_cartesian_failure_label_fraction,,0,21,0,ok,,,nonlinear-graph-robustness/results.csv,failures are invalid plus nonconvergence; denominator is all task/scenario/method raw Cartesian rows
failure_pattern|nonlinear-graph-robustness|reconstruction|high_variance_nuisance|pca|conditional_failure_rate|,failure_pattern,nonlinear-graph-robustness,reconstruction,high_variance_nuisance,nuisance,pca,conditional_failure_rate,,0,21,0,ok,,,nonlinear-graph-robustness/results.csv,failures are invalid plus nonconvergence; denominator is ok plus invalid plus nonconvergence rows
failure_pattern|nonlinear-graph-robustness|reconstruction|high_variance_nuisance|pca|raw_cartesian_failure_label_fraction|,failure_pattern,nonlinear-graph-robustness,reconstruction,high_variance_nuisance,nuisance,pca,raw_cartesian_failure_label_fraction,,0,21,0,ok,,,nonlinear-graph-robustness/results.csv,failures are invalid plus nonconvergence; denominator is all task/scenario/method raw Cartesian rows
failure_pattern|nonlinear-graph-robustness|reconstruction|low_curvature|frozen_encoder|conditional_failure_rate|,failure_pattern,nonlinear-graph-robustness,reconstruction,low_curvature,curvature,frozen_encoder,conditional_failure_rate,,0,21,0,ok,,,nonlinear-graph-robustness/results.csv,failures are invalid plus nonconvergence; denominator is ok plus invalid plus nonconvergence rows
failure_pattern|nonlinear-graph-robustness|reconstruction|low_curvature|frozen_encoder|raw_cartesian_failure_label_fraction|,failure_pattern,nonlinear-graph-robustness,reconstruction,low_curvature,curvature,frozen_encoder,raw_cartesian_failure_label_fraction,,0,21,0,ok,,,nonlinear-graph-robustness/results.csv,failures are invalid plus nonconvergence; denominator is all task/scenario/method raw Cartesian rows
failure_pattern|nonlinear-graph-robustness|reconstruction|low_curvature|linear_autoencoder|conditional_failure_rate|,failure_pattern,nonlinear-graph-robustness,reconstruction,low_curvature,curvature,linear_autoencoder,conditional_failure_rate,,0,21,0,ok,,,nonlinear-graph-robustness/results.csv,failures are invalid plus nonconvergence; denominator is ok plus invalid plus nonconvergence rows
failure_pattern|nonlinear-graph-robustness|reconstruction|low_curvature|linear_autoencoder|raw_cartesian_failure_label_fraction|,failure_pattern,nonlinear-graph-robustness,reconstruction,low_curvature,curvature,linear_autoencoder,raw_cartesian_failure_label_fraction,,0,21,0,ok,,,nonlinear-graph-robustness/results.csv,failures are invalid plus nonconvergence; denominator is all task/scenario/method raw Cartesian rows
failure_pattern|nonlinear-graph-robustness|reconstruction|low_curvature|mean|conditional_failure_rate|,failure_pattern,nonlinear-graph-robustness,reconstruction,low_curvature,curvature,mean,conditional_failure_rate,,0,21,0,ok,,,nonlinear-graph-robustness/results.csv,failures are invalid plus nonconvergence; denominator is ok plus invalid plus nonconvergence rows
failure_pattern|nonlinear-graph-robustness|reconstruction|low_curvature|mean|raw_cartesian_failure_label_fraction|,failure_pattern,nonlinear-graph-robustness,reconstruction,low_curvature,curvature,mean,raw_cartesian_failure_label_fraction,,0,21,0,ok,,,nonlinear-graph-robustness/results.csv,failures are invalid plus nonconvergence; denominator is all task/scenario/method raw Cartesian rows
failure_pattern|nonlinear-graph-robustness|reconstruction|low_curvature|nonlinear_autoencoder|conditional_failure_rate|,failure_pattern,nonlinear-graph-robustness,reconstruction,low_curvature,curvature,nonlinear_autoencoder,conditional_failure_rate,,0,21,0,ok,,,nonlinear-graph-robustness/results.csv,failures are invalid plus nonconvergence; denominator is ok plus invalid plus nonconvergence rows
failure_pattern|nonlinear-graph-robustness|reconstruction|low_curvature|nonlinear_autoencoder|raw_cartesian_failure_label_fraction|,failure_pattern,nonlinear-graph-robustness,reconstruction,low_curvature,curvature,nonlinear_autoencoder,raw_cartesian_failure_label_fraction,,0,21,0,ok,,,nonlinear-graph-robustness/results.csv,failures are invalid plus nonconvergence; denominator is all task/scenario/method raw Cartesian rows
failure_pattern|nonlinear-graph-robustness|reconstruction|low_curvature|pca|conditional_failure_rate|,failure_pattern,nonlinear-graph-robustness,reconstruction,low_curvature,curvature,pca,conditional_failure_rate,,0,21,0,ok,,,nonlinear-graph-robustness/results.csv,failures are invalid plus nonconvergence; denominator is ok plus invalid plus nonconvergence rows
failure_pattern|nonlinear-graph-robustness|reconstruction|low_curvature|pca|raw_cartesian_failure_label_fraction|,failure_pattern,nonlinear-graph-robustness,reconstruction,low_curvature,curvature,pca,raw_cartesian_failure_label_fraction,,0,21,0,ok,,,nonlinear-graph-robustness/results.csv,failures are invalid plus nonconvergence; denominator is all task/scenario/method raw Cartesian rows
failure_pattern|nonlinear-graph-robustness|reconstruction|moment_matched_gaussian|frozen_encoder|conditional_failure_rate|,failure_pattern,nonlinear-graph-robustness,reconstruction,moment_matched_gaussian,support_family,frozen_encoder,conditional_failure_rate,,0,12,0,ok,,,nonlinear-graph-robustness/results.csv,failures are invalid plus nonconvergence; denominator is ok plus invalid plus nonconvergence rows
failure_pattern|nonlinear-graph-robustness|reconstruction|moment_matched_gaussian|frozen_encoder|raw_cartesian_failure_label_fraction|,failure_pattern,nonlinear-graph-robustness,reconstruction,moment_matched_gaussian,support_family,frozen_encoder,raw_cartesian_failure_label_fraction,,0,21,0,ok,,,nonlinear-graph-robustness/results.csv,failures are invalid plus nonconvergence; denominator is all task/scenario/method raw Cartesian rows
failure_pattern|nonlinear-graph-robustness|reconstruction|moment_matched_gaussian|linear_autoencoder|conditional_failure_rate|,failure_pattern,nonlinear-graph-robustness,reconstruction,moment_matched_gaussian,support_family,linear_autoencoder,conditional_failure_rate,,0,12,0,ok,,,nonlinear-graph-robustness/results.csv,failures are invalid plus nonconvergence; denominator is ok plus invalid plus nonconvergence rows
failure_pattern|nonlinear-graph-robustness|reconstruction|moment_matched_gaussian|linear_autoencoder|raw_cartesian_failure_label_fraction|,failure_pattern,nonlinear-graph-robustness,reconstruction,moment_matched_gaussian,support_family,linear_autoencoder,raw_cartesian_failure_label_fraction,,0,21,0,ok,,,nonlinear-graph-robustness/results.csv,failures are invalid plus nonconvergence; denominator is all task/scenario/method raw Cartesian rows
failure_pattern|nonlinear-graph-robustness|reconstruction|moment_matched_gaussian|mean|conditional_failure_rate|,failure_pattern,nonlinear-graph-robustness,reconstruction,moment_matched_gaussian,support_family,mean,conditional_failure_rate,,0,12,0,ok,,,nonlinear-graph-robustness/results.csv,failures are invalid plus nonconvergence; denominator is ok plus invalid plus nonconvergence rows
failure_pattern|nonlinear-graph-robustness|reconstruction|moment_matched_gaussian|mean|raw_cartesian_failure_label_fraction|,failure_pattern,nonlinear-graph-robustness,reconstruction,moment_matched_gaussian,support_family,mean,raw_cartesian_failure_label_fraction,,0,21,0,ok,,,nonlinear-graph-robustness/results.csv,failures are invalid plus nonconvergence; denominator is all task/scenario/method raw Cartesian rows
failure_pattern|nonlinear-graph-robustness|reconstruction|moment_matched_gaussian|nonlinear_autoencoder|conditional_failure_rate|,failure_pattern,nonlinear-graph-robustness,reconstruction,moment_matched_gaussian,support_family,nonlinear_autoencoder,conditional_failure_rate,,0,12,0,ok,,,nonlinear-graph-robustness/results.csv,failures are invalid plus nonconvergence; denominator is ok plus invalid plus nonconvergence rows
failure_pattern|nonlinear-graph-robustness|reconstruction|moment_matched_gaussian|nonlinear_autoencoder|raw_cartesian_failure_label_fraction|,failure_pattern,nonlinear-graph-robustness,reconstruction,moment_matched_gaussian,support_family,nonlinear_autoencoder,raw_cartesian_failure_label_fraction,,0,21,0,ok,,,nonlinear-graph-robustness/results.csv,failures are invalid plus nonconvergence; denominator is all task/scenario/method raw Cartesian rows
failure_pattern|nonlinear-graph-robustness|reconstruction|moment_matched_gaussian|pca|conditional_failure_rate|,failure_pattern,nonlinear-graph-robustness,reconstruction,moment_matched_gaussian,support_family,pca,conditional_failure_rate,,0,12,0,ok,,,nonlinear-graph-robustness/results.csv,failures are invalid plus nonconvergence; denominator is ok plus invalid plus nonconvergence rows
failure_pattern|nonlinear-graph-robustness|reconstruction|moment_matched_gaussian|pca|raw_cartesian_failure_label_fraction|,failure_pattern,nonlinear-graph-robustness,reconstruction,moment_matched_gaussian,support_family,pca,raw_cartesian_failure_label_fraction,,0,21,0,ok,,,nonlinear-graph-robustness/results.csv,failures are invalid plus nonconvergence; denominator is all task/scenario/method raw Cartesian rows
failure_pattern|nonlinear-graph-robustness|reconstruction|reference_curved|frozen_encoder|conditional_failure_rate|,failure_pattern,nonlinear-graph-robustness,reconstruction,reference_curved,curvature,frozen_encoder,conditional_failure_rate,,0,21,0,ok,,,nonlinear-graph-robustness/results.csv,failures are invalid plus nonconvergence; denominator is ok plus invalid plus nonconvergence rows
failure_pattern|nonlinear-graph-robustness|reconstruction|reference_curved|frozen_encoder|raw_cartesian_failure_label_fraction|,failure_pattern,nonlinear-graph-robustness,reconstruction,reference_curved,curvature,frozen_encoder,raw_cartesian_failure_label_fraction,,0,21,0,ok,,,nonlinear-graph-robustness/results.csv,failures are invalid plus nonconvergence; denominator is all task/scenario/method raw Cartesian rows
failure_pattern|nonlinear-graph-robustness|reconstruction|reference_curved|linear_autoencoder|conditional_failure_rate|,failure_pattern,nonlinear-graph-robustness,reconstruction,reference_curved,curvature,linear_autoencoder,conditional_failure_rate,,0,21,0,ok,,,nonlinear-graph-robustness/results.csv,failures are invalid plus nonconvergence; denominator is ok plus invalid plus nonconvergence rows
failure_pattern|nonlinear-graph-robustness|reconstruction|reference_curved|linear_autoencoder|raw_cartesian_failure_label_fraction|,failure_pattern,nonlinear-graph-robustness,reconstruction,reference_curved,curvature,linear_autoencoder,raw_cartesian_failure_label_fraction,,0,21,0,ok,,,nonlinear-graph-robustness/results.csv,failures are invalid plus nonconvergence; denominator is all task/scenario/method raw Cartesian rows
failure_pattern|nonlinear-graph-robustness|reconstruction|reference_curved|mean|conditional_failure_rate|,failure_pattern,nonlinear-graph-robustness,reconstruction,reference_curved,curvature,mean,conditional_failure_rate,,0,21,0,ok,,,nonlinear-graph-robustness/results.csv,failures are invalid plus nonconvergence; denominator is ok plus invalid plus nonconvergence rows
failure_pattern|nonlinear-graph-robustness|reconstruction|reference_curved|mean|raw_cartesian_failure_label_fraction|,failure_pattern,nonlinear-graph-robustness,reconstruction,reference_curved,curvature,mean,raw_cartesian_failure_label_fraction,,0,21,0,ok,,,nonlinear-graph-robustness/results.csv,failures are invalid plus nonconvergence; denominator is all task/scenario/method raw Cartesian rows
failure_pattern|nonlinear-graph-robustness|reconstruction|reference_curved|nonlinear_autoencoder|conditional_failure_rate|,failure_pattern,nonlinear-graph-robustness,reconstruction,reference_curved,curvature,nonlinear_autoencoder,conditional_failure_rate,,0,21,0,ok,,,nonlinear-graph-robustness/results.csv,failures are invalid plus nonconvergence; denominator is ok plus invalid plus nonconvergence rows
failure_pattern|nonlinear-graph-robustness|reconstruction|reference_curved|nonlinear_autoencoder|raw_cartesian_failure_label_fraction|,failure_pattern,nonlinear-graph-robustness,reconstruction,reference_curved,curvature,nonlinear_autoencoder,raw_cartesian_failure_label_fraction,,0,21,0,ok,,,nonlinear-graph-robustness/results.csv,failures are invalid plus nonconvergence; denominator is all task/scenario/method raw Cartesian rows
failure_pattern|nonlinear-graph-robustness|reconstruction|reference_curved|pca|conditional_failure_rate|,failure_pattern,nonlinear-graph-robustness,reconstruction,reference_curved,curvature,pca,conditional_failure_rate,,0,21,0,ok,,,nonlinear-graph-robustness/results.csv,failures are invalid plus nonconvergence; denominator is ok plus invalid plus nonconvergence rows
failure_pattern|nonlinear-graph-robustness|reconstruction|reference_curved|pca|raw_cartesian_failure_label_fraction|,failure_pattern,nonlinear-graph-robustness,reconstruction,reference_curved,curvature,pca,raw_cartesian_failure_label_fraction,,0,21,0,ok,,,nonlinear-graph-robustness/results.csv,failures are invalid plus nonconvergence; denominator is all task/scenario/method raw Cartesian rows
failure_pattern|nonlinear-graph-robustness|reconstruction|small_sample_high_capacity|frozen_encoder|conditional_failure_rate|,failure_pattern,nonlinear-graph-robustness,reconstruction,small_sample_high_capacity,sample_capacity,frozen_encoder,conditional_failure_rate,,0,21,0,ok,,,nonlinear-graph-robustness/results.csv,failures are invalid plus nonconvergence; denominator is ok plus invalid plus nonconvergence rows
failure_pattern|nonlinear-graph-robustness|reconstruction|small_sample_high_capacity|frozen_encoder|raw_cartesian_failure_label_fraction|,failure_pattern,nonlinear-graph-robustness,reconstruction,small_sample_high_capacity,sample_capacity,frozen_encoder,raw_cartesian_failure_label_fraction,,0,21,0,ok,,,nonlinear-graph-robustness/results.csv,failures are invalid plus nonconvergence; denominator is all task/scenario/method raw Cartesian rows
failure_pattern|nonlinear-graph-robustness|reconstruction|small_sample_high_capacity|linear_autoencoder|conditional_failure_rate|,failure_pattern,nonlinear-graph-robustness,reconstruction,small_sample_high_capacity,sample_capacity,linear_autoencoder,conditional_failure_rate,,0,21,0,ok,,,nonlinear-graph-robustness/results.csv,failures are invalid plus nonconvergence; denominator is ok plus invalid plus nonconvergence rows
failure_pattern|nonlinear-graph-robustness|reconstruction|small_sample_high_capacity|linear_autoencoder|raw_cartesian_failure_label_fraction|,failure_pattern,nonlinear-graph-robustness,reconstruction,small_sample_high_capacity,sample_capacity,linear_autoencoder,raw_cartesian_failure_label_fraction,,0,21,0,ok,,,nonlinear-graph-robustness/results.csv,failures are invalid plus nonconvergence; denominator is all task/scenario/method raw Cartesian rows
failure_pattern|nonlinear-graph-robustness|reconstruction|small_sample_high_capacity|mean|conditional_failure_rate|,failure_pattern,nonlinear-graph-robustness,reconstruction,small_sample_high_capacity,sample_capacity,mean,conditional_failure_rate,,0,21,0,ok,,,nonlinear-graph-robustness/results.csv,failures are invalid plus nonconvergence; denominator is ok plus invalid plus nonconvergence rows
failure_pattern|nonlinear-graph-robustness|reconstruction|small_sample_high_capacity|mean|raw_cartesian_failure_label_fraction|,failure_pattern,nonlinear-graph-robustness,reconstruction,small_sample_high_capacity,sample_capacity,mean,raw_cartesian_failure_label_fraction,,0,21,0,ok,,,nonlinear-graph-robustness/results.csv,failures are invalid plus nonconvergence; denominator is all task/scenario/method raw Cartesian rows
failure_pattern|nonlinear-graph-robustness|reconstruction|small_sample_high_capacity|nonlinear_autoencoder|conditional_failure_rate|,failure_pattern,nonlinear-graph-robustness,reconstruction,small_sample_high_capacity,sample_capacity,nonlinear_autoencoder,conditional_failure_rate,,0,21,0,ok,,,nonlinear-graph-robustness/results.csv,failures are invalid plus nonconvergence; denominator is ok plus invalid plus nonconvergence rows
failure_pattern|nonlinear-graph-robustness|reconstruction|small_sample_high_capacity|nonlinear_autoencoder|raw_cartesian_failure_label_fraction|,failure_pattern,nonlinear-graph-robustness,reconstruction,small_sample_high_capacity,sample_capacity,nonlinear_autoencoder,raw_cartesian_failure_label_fraction,,0,21,0,ok,,,nonlinear-graph-robustness/results.csv,failures are invalid plus nonconvergence; denominator is all task/scenario/method raw Cartesian rows
failure_pattern|nonlinear-graph-robustness|reconstruction|small_sample_high_capacity|pca|conditional_failure_rate|,failure_pattern,nonlinear-graph-robustness,reconstruction,small_sample_high_capacity,sample_capacity,pca,conditional_failure_rate,,0,21,0,ok,,,nonlinear-graph-robustness/results.csv,failures are invalid plus nonconvergence; denominator is ok plus invalid plus nonconvergence rows
failure_pattern|nonlinear-graph-robustness|reconstruction|small_sample_high_capacity|pca|raw_cartesian_failure_label_fraction|,failure_pattern,nonlinear-graph-robustness,reconstruction,small_sample_high_capacity,sample_capacity,pca,raw_cartesian_failure_label_fraction,,0,21,0,ok,,,nonlinear-graph-robustness/results.csv,failures are invalid plus nonconvergence; denominator is all task/scenario/method raw Cartesian rows
failure_pattern|nonlinear-graph-robustness|reconstruction|support_shift|frozen_encoder|conditional_failure_rate|,failure_pattern,nonlinear-graph-robustness,reconstruction,support_shift,support_shift,frozen_encoder,conditional_failure_rate,,0,21,0,ok,,,nonlinear-graph-robustness/results.csv,failures are invalid plus nonconvergence; denominator is ok plus invalid plus nonconvergence rows
failure_pattern|nonlinear-graph-robustness|reconstruction|support_shift|frozen_encoder|raw_cartesian_failure_label_fraction|,failure_pattern,nonlinear-graph-robustness,reconstruction,support_shift,support_shift,frozen_encoder,raw_cartesian_failure_label_fraction,,0,21,0,ok,,,nonlinear-graph-robustness/results.csv,failures are invalid plus nonconvergence; denominator is all task/scenario/method raw Cartesian rows
failure_pattern|nonlinear-graph-robustness|reconstruction|support_shift|linear_autoencoder|conditional_failure_rate|,failure_pattern,nonlinear-graph-robustness,reconstruction,support_shift,support_shift,linear_autoencoder,conditional_failure_rate,,0,21,0,ok,,,nonlinear-graph-robustness/results.csv,failures are invalid plus nonconvergence; denominator is ok plus invalid plus nonconvergence rows
failure_pattern|nonlinear-graph-robustness|reconstruction|support_shift|linear_autoencoder|raw_cartesian_failure_label_fraction|,failure_pattern,nonlinear-graph-robustness,reconstruction,support_shift,support_shift,linear_autoencoder,raw_cartesian_failure_label_fraction,,0,21,0,ok,,,nonlinear-graph-robustness/results.csv,failures are invalid plus nonconvergence; denominator is all task/scenario/method raw Cartesian rows
failure_pattern|nonlinear-graph-robustness|reconstruction|support_shift|mean|conditional_failure_rate|,failure_pattern,nonlinear-graph-robustness,reconstruction,support_shift,support_shift,mean,conditional_failure_rate,,0,21,0,ok,,,nonlinear-graph-robustness/results.csv,failures are invalid plus nonconvergence; denominator is ok plus invalid plus nonconvergence rows
failure_pattern|nonlinear-graph-robustness|reconstruction|support_shift|mean|raw_cartesian_failure_label_fraction|,failure_pattern,nonlinear-graph-robustness,reconstruction,support_shift,support_shift,mean,raw_cartesian_failure_label_fraction,,0,21,0,ok,,,nonlinear-graph-robustness/results.csv,failures are invalid plus nonconvergence; denominator is all task/scenario/method raw Cartesian rows
failure_pattern|nonlinear-graph-robustness|reconstruction|support_shift|nonlinear_autoencoder|conditional_failure_rate|,failure_pattern,nonlinear-graph-robustness,reconstruction,support_shift,support_shift,nonlinear_autoencoder,conditional_failure_rate,,0,21,0,ok,,,nonlinear-graph-robustness/results.csv,failures are invalid plus nonconvergence; denominator is ok plus invalid plus nonconvergence rows
failure_pattern|nonlinear-graph-robustness|reconstruction|support_shift|nonlinear_autoencoder|raw_cartesian_failure_label_fraction|,failure_pattern,nonlinear-graph-robustness,reconstruction,support_shift,support_shift,nonlinear_autoencoder,raw_cartesian_failure_label_fraction,,0,21,0,ok,,,nonlinear-graph-robustness/results.csv,failures are invalid plus nonconvergence; denominator is all task/scenario/method raw Cartesian rows
failure_pattern|nonlinear-graph-robustness|reconstruction|support_shift|pca|conditional_failure_rate|,failure_pattern,nonlinear-graph-robustness,reconstruction,support_shift,support_shift,pca,conditional_failure_rate,,0,21,0,ok,,,nonlinear-graph-robustness/results.csv,failures are invalid plus nonconvergence; denominator is ok plus invalid plus nonconvergence rows
failure_pattern|nonlinear-graph-robustness|reconstruction|support_shift|pca|raw_cartesian_failure_label_fraction|,failure_pattern,nonlinear-graph-robustness,reconstruction,support_shift,support_shift,pca,raw_cartesian_failure_label_fraction,,0,21,0,ok,,,nonlinear-graph-robustness/results.csv,failures are invalid plus nonconvergence; denominator is all task/scenario/method raw Cartesian rows
failure_pattern|static-linear-latent-robustness|static_linear_latent_recovery|correlated_residuals|fa_selected|conditional_failure_rate|,failure_pattern,static-linear-latent-robustness,static_linear_latent_recovery,correlated_residuals,correlated_residuals,fa_selected,conditional_failure_rate,,12,28,0.428571428571,ok,,,static-linear-latent-robustness/results.csv,failures are invalid plus nonconvergence; denominator is ok plus invalid plus nonconvergence rows
failure_pattern|static-linear-latent-robustness|static_linear_latent_recovery|correlated_residuals|fa_selected|raw_cartesian_failure_label_fraction|,failure_pattern,static-linear-latent-robustness,static_linear_latent_recovery,correlated_residuals,correlated_residuals,fa_selected,raw_cartesian_failure_label_fraction,,12,44,0.272727272727,ok,,,static-linear-latent-robustness/results.csv,failures are invalid plus nonconvergence; denominator is all task/scenario/method raw Cartesian rows
failure_pattern|static-linear-latent-robustness|static_linear_latent_recovery|correlated_residuals|fixed_projection|conditional_failure_rate|,failure_pattern,static-linear-latent-robustness,static_linear_latent_recovery,correlated_residuals,correlated_residuals,fixed_projection,conditional_failure_rate,,0,8,0,ok,,,static-linear-latent-robustness/results.csv,failures are invalid plus nonconvergence; denominator is ok plus invalid plus nonconvergence rows
failure_pattern|static-linear-latent-robustness|static_linear_latent_recovery|correlated_residuals|fixed_projection|raw_cartesian_failure_label_fraction|,failure_pattern,static-linear-latent-robustness,static_linear_latent_recovery,correlated_residuals,correlated_residuals,fixed_projection,raw_cartesian_failure_label_fraction,,0,44,0,ok,,,static-linear-latent-robustness/results.csv,failures are invalid plus nonconvergence; denominator is all task/scenario/method raw Cartesian rows
failure_pattern|static-linear-latent-robustness|static_linear_latent_recovery|correlated_residuals|leaked_scaled_pca_control|conditional_failure_rate|,failure_pattern,static-linear-latent-robustness,static_linear_latent_recovery,correlated_residuals,correlated_residuals,leaked_scaled_pca_control,conditional_failure_rate,,,,,inapplicable,,,static-linear-latent-robustness/results.csv,"conditional denominator is zero because every source row is inapplicable; numerator, denominator, and rate are blank"
failure_pattern|static-linear-latent-robustness|static_linear_latent_recovery|correlated_residuals|leaked_scaled_pca_control|raw_cartesian_failure_label_fraction|,failure_pattern,static-linear-latent-robustness,static_linear_latent_recovery,correlated_residuals,correlated_residuals,leaked_scaled_pca_control,raw_cartesian_failure_label_fraction,,0,44,0,ok,,,static-linear-latent-robustness/results.csv,failures are invalid plus nonconvergence; denominator is all task/scenario/method raw Cartesian rows
failure_pattern|static-linear-latent-robustness|static_linear_latent_recovery|correlated_residuals|mean|conditional_failure_rate|,failure_pattern,static-linear-latent-robustness,static_linear_latent_recovery,correlated_residuals,correlated_residuals,mean,conditional_failure_rate,,0,8,0,ok,,,static-linear-latent-robustness/results.csv,failures are invalid plus nonconvergence; denominator is ok plus invalid plus nonconvergence rows
failure_pattern|static-linear-latent-robustness|static_linear_latent_recovery|correlated_residuals|mean|raw_cartesian_failure_label_fraction|,failure_pattern,static-linear-latent-robustness,static_linear_latent_recovery,correlated_residuals,correlated_residuals,mean,raw_cartesian_failure_label_fraction,,0,44,0,ok,,,static-linear-latent-robustness/results.csv,failures are invalid plus nonconvergence; denominator is all task/scenario/method raw Cartesian rows
failure_pattern|static-linear-latent-robustness|static_linear_latent_recovery|correlated_residuals|pca|conditional_failure_rate|,failure_pattern,static-linear-latent-robustness,static_linear_latent_recovery,correlated_residuals,correlated_residuals,pca,conditional_failure_rate,,0,12,0,ok,,,static-linear-latent-robustness/results.csv,failures are invalid plus nonconvergence; denominator is ok plus invalid plus nonconvergence rows
failure_pattern|static-linear-latent-robustness|static_linear_latent_recovery|correlated_residuals|pca|raw_cartesian_failure_label_fraction|,failure_pattern,static-linear-latent-robustness,static_linear_latent_recovery,correlated_residuals,correlated_residuals,pca,raw_cartesian_failure_label_fraction,,0,44,0,ok,,,static-linear-latent-robustness/results.csv,failures are invalid plus nonconvergence; denominator is all task/scenario/method raw Cartesian rows
failure_pattern|static-linear-latent-robustness|static_linear_latent_recovery|correlated_residuals|ppca|conditional_failure_rate|,failure_pattern,static-linear-latent-robustness,static_linear_latent_recovery,correlated_residuals,correlated_residuals,ppca,conditional_failure_rate,,0,20,0,ok,,,static-linear-latent-robustness/results.csv,failures are invalid plus nonconvergence; denominator is ok plus invalid plus nonconvergence rows
failure_pattern|static-linear-latent-robustness|static_linear_latent_recovery|correlated_residuals|ppca|raw_cartesian_failure_label_fraction|,failure_pattern,static-linear-latent-robustness,static_linear_latent_recovery,correlated_residuals,correlated_residuals,ppca,raw_cartesian_failure_label_fraction,,0,44,0,ok,,,static-linear-latent-robustness/results.csv,failures are invalid plus nonconvergence; denominator is all task/scenario/method raw Cartesian rows
failure_pattern|static-linear-latent-robustness|static_linear_latent_recovery|correlated_residuals|proper_scaled_pca|conditional_failure_rate|,failure_pattern,static-linear-latent-robustness,static_linear_latent_recovery,correlated_residuals,correlated_residuals,proper_scaled_pca,conditional_failure_rate,,,,,inapplicable,,,static-linear-latent-robustness/results.csv,"conditional denominator is zero because every source row is inapplicable; numerator, denominator, and rate are blank"
failure_pattern|static-linear-latent-robustness|static_linear_latent_recovery|correlated_residuals|proper_scaled_pca|raw_cartesian_failure_label_fraction|,failure_pattern,static-linear-latent-robustness,static_linear_latent_recovery,correlated_residuals,correlated_residuals,proper_scaled_pca,raw_cartesian_failure_label_fraction,,0,44,0,ok,,,static-linear-latent-robustness/results.csv,failures are invalid plus nonconvergence; denominator is all task/scenario/method raw Cartesian rows
failure_pattern|static-linear-latent-robustness|static_linear_latent_recovery|correlated_residuals|random_projection|conditional_failure_rate|,failure_pattern,static-linear-latent-robustness,static_linear_latent_recovery,correlated_residuals,correlated_residuals,random_projection,conditional_failure_rate,,0,8,0,ok,,,static-linear-latent-robustness/results.csv,failures are invalid plus nonconvergence; denominator is ok plus invalid plus nonconvergence rows
failure_pattern|static-linear-latent-robustness|static_linear_latent_recovery|correlated_residuals|random_projection|raw_cartesian_failure_label_fraction|,failure_pattern,static-linear-latent-robustness,static_linear_latent_recovery,correlated_residuals,correlated_residuals,random_projection,raw_cartesian_failure_label_fraction,,0,44,0,ok,,,static-linear-latent-robustness/results.csv,failures are invalid plus nonconvergence; denominator is all task/scenario/method raw Cartesian rows
failure_pattern|static-linear-latent-robustness|static_linear_latent_recovery|correlated_residuals|true_gaussian_reference|conditional_failure_rate|,failure_pattern,static-linear-latent-robustness,static_linear_latent_recovery,correlated_residuals,correlated_residuals,true_gaussian_reference,conditional_failure_rate,,0,20,0,ok,,,static-linear-latent-robustness/results.csv,failures are invalid plus nonconvergence; denominator is ok plus invalid plus nonconvergence rows
failure_pattern|static-linear-latent-robustness|static_linear_latent_recovery|correlated_residuals|true_gaussian_reference|raw_cartesian_failure_label_fraction|,failure_pattern,static-linear-latent-robustness,static_linear_latent_recovery,correlated_residuals,correlated_residuals,true_gaussian_reference,raw_cartesian_failure_label_fraction,,0,44,0,ok,,,static-linear-latent-robustness/results.csv,failures are invalid plus nonconvergence; denominator is all task/scenario/method raw Cartesian rows
failure_pattern|static-linear-latent-robustness|static_linear_latent_recovery|heterogeneous_uniqueness|fa_selected|conditional_failure_rate|,failure_pattern,static-linear-latent-robustness,static_linear_latent_recovery,heterogeneous_uniqueness,heterogeneous_uniqueness,fa_selected,conditional_failure_rate,,0,36,0,ok,,,static-linear-latent-robustness/results.csv,failures are invalid plus nonconvergence; denominator is ok plus invalid plus nonconvergence rows
failure_pattern|static-linear-latent-robustness|static_linear_latent_recovery|heterogeneous_uniqueness|fa_selected|raw_cartesian_failure_label_fraction|,failure_pattern,static-linear-latent-robustness,static_linear_latent_recovery,heterogeneous_uniqueness,heterogeneous_uniqueness,fa_selected,raw_cartesian_failure_label_fraction,,0,44,0,ok,,,static-linear-latent-robustness/results.csv,failures are invalid plus nonconvergence; denominator is all task/scenario/method raw Cartesian rows
failure_pattern|static-linear-latent-robustness|static_linear_latent_recovery|heterogeneous_uniqueness|fixed_projection|conditional_failure_rate|,failure_pattern,static-linear-latent-robustness,static_linear_latent_recovery,heterogeneous_uniqueness,heterogeneous_uniqueness,fixed_projection,conditional_failure_rate,,0,8,0,ok,,,static-linear-latent-robustness/results.csv,failures are invalid plus nonconvergence; denominator is ok plus invalid plus nonconvergence rows
failure_pattern|static-linear-latent-robustness|static_linear_latent_recovery|heterogeneous_uniqueness|fixed_projection|raw_cartesian_failure_label_fraction|,failure_pattern,static-linear-latent-robustness,static_linear_latent_recovery,heterogeneous_uniqueness,heterogeneous_uniqueness,fixed_projection,raw_cartesian_failure_label_fraction,,0,44,0,ok,,,static-linear-latent-robustness/results.csv,failures are invalid plus nonconvergence; denominator is all task/scenario/method raw Cartesian rows
failure_pattern|static-linear-latent-robustness|static_linear_latent_recovery|heterogeneous_uniqueness|leaked_scaled_pca_control|conditional_failure_rate|,failure_pattern,static-linear-latent-robustness,static_linear_latent_recovery,heterogeneous_uniqueness,heterogeneous_uniqueness,leaked_scaled_pca_control,conditional_failure_rate,,,,,inapplicable,,,static-linear-latent-robustness/results.csv,"conditional denominator is zero because every source row is inapplicable; numerator, denominator, and rate are blank"
failure_pattern|static-linear-latent-robustness|static_linear_latent_recovery|heterogeneous_uniqueness|leaked_scaled_pca_control|raw_cartesian_failure_label_fraction|,failure_pattern,static-linear-latent-robustness,static_linear_latent_recovery,heterogeneous_uniqueness,heterogeneous_uniqueness,leaked_scaled_pca_control,raw_cartesian_failure_label_fraction,,0,44,0,ok,,,static-linear-latent-robustness/results.csv,failures are invalid plus nonconvergence; denominator is all task/scenario/method raw Cartesian rows
failure_pattern|static-linear-latent-robustness|static_linear_latent_recovery|heterogeneous_uniqueness|mean|conditional_failure_rate|,failure_pattern,static-linear-latent-robustness,static_linear_latent_recovery,heterogeneous_uniqueness,heterogeneous_uniqueness,mean,conditional_failure_rate,,0,8,0,ok,,,static-linear-latent-robustness/results.csv,failures are invalid plus nonconvergence; denominator is ok plus invalid plus nonconvergence rows
failure_pattern|static-linear-latent-robustness|static_linear_latent_recovery|heterogeneous_uniqueness|mean|raw_cartesian_failure_label_fraction|,failure_pattern,static-linear-latent-robustness,static_linear_latent_recovery,heterogeneous_uniqueness,heterogeneous_uniqueness,mean,raw_cartesian_failure_label_fraction,,0,44,0,ok,,,static-linear-latent-robustness/results.csv,failures are invalid plus nonconvergence; denominator is all task/scenario/method raw Cartesian rows
failure_pattern|static-linear-latent-robustness|static_linear_latent_recovery|heterogeneous_uniqueness|pca|conditional_failure_rate|,failure_pattern,static-linear-latent-robustness,static_linear_latent_recovery,heterogeneous_uniqueness,heterogeneous_uniqueness,pca,conditional_failure_rate,,0,12,0,ok,,,static-linear-latent-robustness/results.csv,failures are invalid plus nonconvergence; denominator is ok plus invalid plus nonconvergence rows
failure_pattern|static-linear-latent-robustness|static_linear_latent_recovery|heterogeneous_uniqueness|pca|raw_cartesian_failure_label_fraction|,failure_pattern,static-linear-latent-robustness,static_linear_latent_recovery,heterogeneous_uniqueness,heterogeneous_uniqueness,pca,raw_cartesian_failure_label_fraction,,0,44,0,ok,,,static-linear-latent-robustness/results.csv,failures are invalid plus nonconvergence; denominator is all task/scenario/method raw Cartesian rows
failure_pattern|static-linear-latent-robustness|static_linear_latent_recovery|heterogeneous_uniqueness|ppca|conditional_failure_rate|,failure_pattern,static-linear-latent-robustness,static_linear_latent_recovery,heterogeneous_uniqueness,heterogeneous_uniqueness,ppca,conditional_failure_rate,,0,20,0,ok,,,static-linear-latent-robustness/results.csv,failures are invalid plus nonconvergence; denominator is ok plus invalid plus nonconvergence rows
failure_pattern|static-linear-latent-robustness|static_linear_latent_recovery|heterogeneous_uniqueness|ppca|raw_cartesian_failure_label_fraction|,failure_pattern,static-linear-latent-robustness,static_linear_latent_recovery,heterogeneous_uniqueness,heterogeneous_uniqueness,ppca,raw_cartesian_failure_label_fraction,,0,44,0,ok,,,static-linear-latent-robustness/results.csv,failures are invalid plus nonconvergence; denominator is all task/scenario/method raw Cartesian rows
failure_pattern|static-linear-latent-robustness|static_linear_latent_recovery|heterogeneous_uniqueness|proper_scaled_pca|conditional_failure_rate|,failure_pattern,static-linear-latent-robustness,static_linear_latent_recovery,heterogeneous_uniqueness,heterogeneous_uniqueness,proper_scaled_pca,conditional_failure_rate,,,,,inapplicable,,,static-linear-latent-robustness/results.csv,"conditional denominator is zero because every source row is inapplicable; numerator, denominator, and rate are blank"
failure_pattern|static-linear-latent-robustness|static_linear_latent_recovery|heterogeneous_uniqueness|proper_scaled_pca|raw_cartesian_failure_label_fraction|,failure_pattern,static-linear-latent-robustness,static_linear_latent_recovery,heterogeneous_uniqueness,heterogeneous_uniqueness,proper_scaled_pca,raw_cartesian_failure_label_fraction,,0,44,0,ok,,,static-linear-latent-robustness/results.csv,failures are invalid plus nonconvergence; denominator is all task/scenario/method raw Cartesian rows
failure_pattern|static-linear-latent-robustness|static_linear_latent_recovery|heterogeneous_uniqueness|random_projection|conditional_failure_rate|,failure_pattern,static-linear-latent-robustness,static_linear_latent_recovery,heterogeneous_uniqueness,heterogeneous_uniqueness,random_projection,conditional_failure_rate,,0,8,0,ok,,,static-linear-latent-robustness/results.csv,failures are invalid plus nonconvergence; denominator is ok plus invalid plus nonconvergence rows
failure_pattern|static-linear-latent-robustness|static_linear_latent_recovery|heterogeneous_uniqueness|random_projection|raw_cartesian_failure_label_fraction|,failure_pattern,static-linear-latent-robustness,static_linear_latent_recovery,heterogeneous_uniqueness,heterogeneous_uniqueness,random_projection,raw_cartesian_failure_label_fraction,,0,44,0,ok,,,static-linear-latent-robustness/results.csv,failures are invalid plus nonconvergence; denominator is all task/scenario/method raw Cartesian rows
failure_pattern|static-linear-latent-robustness|static_linear_latent_recovery|heterogeneous_uniqueness|true_gaussian_reference|conditional_failure_rate|,failure_pattern,static-linear-latent-robustness,static_linear_latent_recovery,heterogeneous_uniqueness,heterogeneous_uniqueness,true_gaussian_reference,conditional_failure_rate,,0,28,0,ok,,,static-linear-latent-robustness/results.csv,failures are invalid plus nonconvergence; denominator is ok plus invalid plus nonconvergence rows
failure_pattern|static-linear-latent-robustness|static_linear_latent_recovery|heterogeneous_uniqueness|true_gaussian_reference|raw_cartesian_failure_label_fraction|,failure_pattern,static-linear-latent-robustness,static_linear_latent_recovery,heterogeneous_uniqueness,heterogeneous_uniqueness,true_gaussian_reference,raw_cartesian_failure_label_fraction,,0,44,0,ok,,,static-linear-latent-robustness/results.csv,failures are invalid plus nonconvergence; denominator is all task/scenario/method raw Cartesian rows
failure_pattern|static-linear-latent-robustness|static_linear_latent_recovery|high_nuisance|fa_selected|conditional_failure_rate|,failure_pattern,static-linear-latent-robustness,static_linear_latent_recovery,high_nuisance,high_nuisance,fa_selected,conditional_failure_rate,,8,36,0.222222222222,ok,,,static-linear-latent-robustness/results.csv,failures are invalid plus nonconvergence; denominator is ok plus invalid plus nonconvergence rows
failure_pattern|static-linear-latent-robustness|static_linear_latent_recovery|high_nuisance|fa_selected|raw_cartesian_failure_label_fraction|,failure_pattern,static-linear-latent-robustness,static_linear_latent_recovery,high_nuisance,high_nuisance,fa_selected,raw_cartesian_failure_label_fraction,,8,44,0.181818181818,ok,,,static-linear-latent-robustness/results.csv,failures are invalid plus nonconvergence; denominator is all task/scenario/method raw Cartesian rows
failure_pattern|static-linear-latent-robustness|static_linear_latent_recovery|high_nuisance|fixed_projection|conditional_failure_rate|,failure_pattern,static-linear-latent-robustness,static_linear_latent_recovery,high_nuisance,high_nuisance,fixed_projection,conditional_failure_rate,,0,8,0,ok,,,static-linear-latent-robustness/results.csv,failures are invalid plus nonconvergence; denominator is ok plus invalid plus nonconvergence rows
failure_pattern|static-linear-latent-robustness|static_linear_latent_recovery|high_nuisance|fixed_projection|raw_cartesian_failure_label_fraction|,failure_pattern,static-linear-latent-robustness,static_linear_latent_recovery,high_nuisance,high_nuisance,fixed_projection,raw_cartesian_failure_label_fraction,,0,44,0,ok,,,static-linear-latent-robustness/results.csv,failures are invalid plus nonconvergence; denominator is all task/scenario/method raw Cartesian rows
failure_pattern|static-linear-latent-robustness|static_linear_latent_recovery|high_nuisance|leaked_scaled_pca_control|conditional_failure_rate|,failure_pattern,static-linear-latent-robustness,static_linear_latent_recovery,high_nuisance,high_nuisance,leaked_scaled_pca_control,conditional_failure_rate,,,,,inapplicable,,,static-linear-latent-robustness/results.csv,"conditional denominator is zero because every source row is inapplicable; numerator, denominator, and rate are blank"
failure_pattern|static-linear-latent-robustness|static_linear_latent_recovery|high_nuisance|leaked_scaled_pca_control|raw_cartesian_failure_label_fraction|,failure_pattern,static-linear-latent-robustness,static_linear_latent_recovery,high_nuisance,high_nuisance,leaked_scaled_pca_control,raw_cartesian_failure_label_fraction,,0,44,0,ok,,,static-linear-latent-robustness/results.csv,failures are invalid plus nonconvergence; denominator is all task/scenario/method raw Cartesian rows
failure_pattern|static-linear-latent-robustness|static_linear_latent_recovery|high_nuisance|mean|conditional_failure_rate|,failure_pattern,static-linear-latent-robustness,static_linear_latent_recovery,high_nuisance,high_nuisance,mean,conditional_failure_rate,,0,8,0,ok,,,static-linear-latent-robustness/results.csv,failures are invalid plus nonconvergence; denominator is ok plus invalid plus nonconvergence rows
failure_pattern|static-linear-latent-robustness|static_linear_latent_recovery|high_nuisance|mean|raw_cartesian_failure_label_fraction|,failure_pattern,static-linear-latent-robustness,static_linear_latent_recovery,high_nuisance,high_nuisance,mean,raw_cartesian_failure_label_fraction,,0,44,0,ok,,,static-linear-latent-robustness/results.csv,failures are invalid plus nonconvergence; denominator is all task/scenario/method raw Cartesian rows
failure_pattern|static-linear-latent-robustness|static_linear_latent_recovery|high_nuisance|pca|conditional_failure_rate|,failure_pattern,static-linear-latent-robustness,static_linear_latent_recovery,high_nuisance,high_nuisance,pca,conditional_failure_rate,,0,12,0,ok,,,static-linear-latent-robustness/results.csv,failures are invalid plus nonconvergence; denominator is ok plus invalid plus nonconvergence rows
failure_pattern|static-linear-latent-robustness|static_linear_latent_recovery|high_nuisance|pca|raw_cartesian_failure_label_fraction|,failure_pattern,static-linear-latent-robustness,static_linear_latent_recovery,high_nuisance,high_nuisance,pca,raw_cartesian_failure_label_fraction,,0,44,0,ok,,,static-linear-latent-robustness/results.csv,failures are invalid plus nonconvergence; denominator is all task/scenario/method raw Cartesian rows
failure_pattern|static-linear-latent-robustness|static_linear_latent_recovery|high_nuisance|ppca|conditional_failure_rate|,failure_pattern,static-linear-latent-robustness,static_linear_latent_recovery,high_nuisance,high_nuisance,ppca,conditional_failure_rate,,0,20,0,ok,,,static-linear-latent-robustness/results.csv,failures are invalid plus nonconvergence; denominator is ok plus invalid plus nonconvergence rows
failure_pattern|static-linear-latent-robustness|static_linear_latent_recovery|high_nuisance|ppca|raw_cartesian_failure_label_fraction|,failure_pattern,static-linear-latent-robustness,static_linear_latent_recovery,high_nuisance,high_nuisance,ppca,raw_cartesian_failure_label_fraction,,0,44,0,ok,,,static-linear-latent-robustness/results.csv,failures are invalid plus nonconvergence; denominator is all task/scenario/method raw Cartesian rows
failure_pattern|static-linear-latent-robustness|static_linear_latent_recovery|high_nuisance|proper_scaled_pca|conditional_failure_rate|,failure_pattern,static-linear-latent-robustness,static_linear_latent_recovery,high_nuisance,high_nuisance,proper_scaled_pca,conditional_failure_rate,,,,,inapplicable,,,static-linear-latent-robustness/results.csv,"conditional denominator is zero because every source row is inapplicable; numerator, denominator, and rate are blank"
failure_pattern|static-linear-latent-robustness|static_linear_latent_recovery|high_nuisance|proper_scaled_pca|raw_cartesian_failure_label_fraction|,failure_pattern,static-linear-latent-robustness,static_linear_latent_recovery,high_nuisance,high_nuisance,proper_scaled_pca,raw_cartesian_failure_label_fraction,,0,44,0,ok,,,static-linear-latent-robustness/results.csv,failures are invalid plus nonconvergence; denominator is all task/scenario/method raw Cartesian rows
failure_pattern|static-linear-latent-robustness|static_linear_latent_recovery|high_nuisance|random_projection|conditional_failure_rate|,failure_pattern,static-linear-latent-robustness,static_linear_latent_recovery,high_nuisance,high_nuisance,random_projection,conditional_failure_rate,,0,8,0,ok,,,static-linear-latent-robustness/results.csv,failures are invalid plus nonconvergence; denominator is ok plus invalid plus nonconvergence rows
failure_pattern|static-linear-latent-robustness|static_linear_latent_recovery|high_nuisance|random_projection|raw_cartesian_failure_label_fraction|,failure_pattern,static-linear-latent-robustness,static_linear_latent_recovery,high_nuisance,high_nuisance,random_projection,raw_cartesian_failure_label_fraction,,0,44,0,ok,,,static-linear-latent-robustness/results.csv,failures are invalid plus nonconvergence; denominator is all task/scenario/method raw Cartesian rows
failure_pattern|static-linear-latent-robustness|static_linear_latent_recovery|high_nuisance|true_gaussian_reference|conditional_failure_rate|,failure_pattern,static-linear-latent-robustness,static_linear_latent_recovery,high_nuisance,high_nuisance,true_gaussian_reference,conditional_failure_rate,,0,28,0,ok,,,static-linear-latent-robustness/results.csv,failures are invalid plus nonconvergence; denominator is ok plus invalid plus nonconvergence rows
failure_pattern|static-linear-latent-robustness|static_linear_latent_recovery|high_nuisance|true_gaussian_reference|raw_cartesian_failure_label_fraction|,failure_pattern,static-linear-latent-robustness,static_linear_latent_recovery,high_nuisance,high_nuisance,true_gaussian_reference,raw_cartesian_failure_label_fraction,,0,44,0,ok,,,static-linear-latent-robustness/results.csv,failures are invalid plus nonconvergence; denominator is all task/scenario/method raw Cartesian rows
failure_pattern|static-linear-latent-robustness|static_linear_latent_recovery|large_sample|fa_selected|conditional_failure_rate|,failure_pattern,static-linear-latent-robustness,static_linear_latent_recovery,large_sample,sample_size,fa_selected,conditional_failure_rate,,0,36,0,ok,,,static-linear-latent-robustness/results.csv,failures are invalid plus nonconvergence; denominator is ok plus invalid plus nonconvergence rows
failure_pattern|static-linear-latent-robustness|static_linear_latent_recovery|large_sample|fa_selected|raw_cartesian_failure_label_fraction|,failure_pattern,static-linear-latent-robustness,static_linear_latent_recovery,large_sample,sample_size,fa_selected,raw_cartesian_failure_label_fraction,,0,44,0,ok,,,static-linear-latent-robustness/results.csv,failures are invalid plus nonconvergence; denominator is all task/scenario/method raw Cartesian rows
failure_pattern|static-linear-latent-robustness|static_linear_latent_recovery|large_sample|fixed_projection|conditional_failure_rate|,failure_pattern,static-linear-latent-robustness,static_linear_latent_recovery,large_sample,sample_size,fixed_projection,conditional_failure_rate,,0,8,0,ok,,,static-linear-latent-robustness/results.csv,failures are invalid plus nonconvergence; denominator is ok plus invalid plus nonconvergence rows
failure_pattern|static-linear-latent-robustness|static_linear_latent_recovery|large_sample|fixed_projection|raw_cartesian_failure_label_fraction|,failure_pattern,static-linear-latent-robustness,static_linear_latent_recovery,large_sample,sample_size,fixed_projection,raw_cartesian_failure_label_fraction,,0,44,0,ok,,,static-linear-latent-robustness/results.csv,failures are invalid plus nonconvergence; denominator is all task/scenario/method raw Cartesian rows
failure_pattern|static-linear-latent-robustness|static_linear_latent_recovery|large_sample|leaked_scaled_pca_control|conditional_failure_rate|,failure_pattern,static-linear-latent-robustness,static_linear_latent_recovery,large_sample,sample_size,leaked_scaled_pca_control,conditional_failure_rate,,,,,inapplicable,,,static-linear-latent-robustness/results.csv,"conditional denominator is zero because every source row is inapplicable; numerator, denominator, and rate are blank"
failure_pattern|static-linear-latent-robustness|static_linear_latent_recovery|large_sample|leaked_scaled_pca_control|raw_cartesian_failure_label_fraction|,failure_pattern,static-linear-latent-robustness,static_linear_latent_recovery,large_sample,sample_size,leaked_scaled_pca_control,raw_cartesian_failure_label_fraction,,0,44,0,ok,,,static-linear-latent-robustness/results.csv,failures are invalid plus nonconvergence; denominator is all task/scenario/method raw Cartesian rows
failure_pattern|static-linear-latent-robustness|static_linear_latent_recovery|large_sample|mean|conditional_failure_rate|,failure_pattern,static-linear-latent-robustness,static_linear_latent_recovery,large_sample,sample_size,mean,conditional_failure_rate,,0,8,0,ok,,,static-linear-latent-robustness/results.csv,failures are invalid plus nonconvergence; denominator is ok plus invalid plus nonconvergence rows
failure_pattern|static-linear-latent-robustness|static_linear_latent_recovery|large_sample|mean|raw_cartesian_failure_label_fraction|,failure_pattern,static-linear-latent-robustness,static_linear_latent_recovery,large_sample,sample_size,mean,raw_cartesian_failure_label_fraction,,0,44,0,ok,,,static-linear-latent-robustness/results.csv,failures are invalid plus nonconvergence; denominator is all task/scenario/method raw Cartesian rows
failure_pattern|static-linear-latent-robustness|static_linear_latent_recovery|large_sample|pca|conditional_failure_rate|,failure_pattern,static-linear-latent-robustness,static_linear_latent_recovery,large_sample,sample_size,pca,conditional_failure_rate,,0,12,0,ok,,,static-linear-latent-robustness/results.csv,failures are invalid plus nonconvergence; denominator is ok plus invalid plus nonconvergence rows
failure_pattern|static-linear-latent-robustness|static_linear_latent_recovery|large_sample|pca|raw_cartesian_failure_label_fraction|,failure_pattern,static-linear-latent-robustness,static_linear_latent_recovery,large_sample,sample_size,pca,raw_cartesian_failure_label_fraction,,0,44,0,ok,,,static-linear-latent-robustness/results.csv,failures are invalid plus nonconvergence; denominator is all task/scenario/method raw Cartesian rows
failure_pattern|static-linear-latent-robustness|static_linear_latent_recovery|large_sample|ppca|conditional_failure_rate|,failure_pattern,static-linear-latent-robustness,static_linear_latent_recovery,large_sample,sample_size,ppca,conditional_failure_rate,,0,20,0,ok,,,static-linear-latent-robustness/results.csv,failures are invalid plus nonconvergence; denominator is ok plus invalid plus nonconvergence rows
failure_pattern|static-linear-latent-robustness|static_linear_latent_recovery|large_sample|ppca|raw_cartesian_failure_label_fraction|,failure_pattern,static-linear-latent-robustness,static_linear_latent_recovery,large_sample,sample_size,ppca,raw_cartesian_failure_label_fraction,,0,44,0,ok,,,static-linear-latent-robustness/results.csv,failures are invalid plus nonconvergence; denominator is all task/scenario/method raw Cartesian rows
failure_pattern|static-linear-latent-robustness|static_linear_latent_recovery|large_sample|proper_scaled_pca|conditional_failure_rate|,failure_pattern,static-linear-latent-robustness,static_linear_latent_recovery,large_sample,sample_size,proper_scaled_pca,conditional_failure_rate,,,,,inapplicable,,,static-linear-latent-robustness/results.csv,"conditional denominator is zero because every source row is inapplicable; numerator, denominator, and rate are blank"
failure_pattern|static-linear-latent-robustness|static_linear_latent_recovery|large_sample|proper_scaled_pca|raw_cartesian_failure_label_fraction|,failure_pattern,static-linear-latent-robustness,static_linear_latent_recovery,large_sample,sample_size,proper_scaled_pca,raw_cartesian_failure_label_fraction,,0,44,0,ok,,,static-linear-latent-robustness/results.csv,failures are invalid plus nonconvergence; denominator is all task/scenario/method raw Cartesian rows
failure_pattern|static-linear-latent-robustness|static_linear_latent_recovery|large_sample|random_projection|conditional_failure_rate|,failure_pattern,static-linear-latent-robustness,static_linear_latent_recovery,large_sample,sample_size,random_projection,conditional_failure_rate,,0,8,0,ok,,,static-linear-latent-robustness/results.csv,failures are invalid plus nonconvergence; denominator is ok plus invalid plus nonconvergence rows
failure_pattern|static-linear-latent-robustness|static_linear_latent_recovery|large_sample|random_projection|raw_cartesian_failure_label_fraction|,failure_pattern,static-linear-latent-robustness,static_linear_latent_recovery,large_sample,sample_size,random_projection,raw_cartesian_failure_label_fraction,,0,44,0,ok,,,static-linear-latent-robustness/results.csv,failures are invalid plus nonconvergence; denominator is all task/scenario/method raw Cartesian rows
failure_pattern|static-linear-latent-robustness|static_linear_latent_recovery|large_sample|true_gaussian_reference|conditional_failure_rate|,failure_pattern,static-linear-latent-robustness,static_linear_latent_recovery,large_sample,sample_size,true_gaussian_reference,conditional_failure_rate,,0,28,0,ok,,,static-linear-latent-robustness/results.csv,failures are invalid plus nonconvergence; denominator is ok plus invalid plus nonconvergence rows
failure_pattern|static-linear-latent-robustness|static_linear_latent_recovery|large_sample|true_gaussian_reference|raw_cartesian_failure_label_fraction|,failure_pattern,static-linear-latent-robustness,static_linear_latent_recovery,large_sample,sample_size,true_gaussian_reference,raw_cartesian_failure_label_fraction,,0,44,0,ok,,,static-linear-latent-robustness/results.csv,failures are invalid plus nonconvergence; denominator is all task/scenario/method raw Cartesian rows
failure_pattern|static-linear-latent-robustness|static_linear_latent_recovery|near_zero_uniqueness|fa_selected|conditional_failure_rate|,failure_pattern,static-linear-latent-robustness,static_linear_latent_recovery,near_zero_uniqueness,near_zero_uniqueness,fa_selected,conditional_failure_rate,,24,36,0.666666666667,ok,,,static-linear-latent-robustness/results.csv,failures are invalid plus nonconvergence; denominator is ok plus invalid plus nonconvergence rows
failure_pattern|static-linear-latent-robustness|static_linear_latent_recovery|near_zero_uniqueness|fa_selected|raw_cartesian_failure_label_fraction|,failure_pattern,static-linear-latent-robustness,static_linear_latent_recovery,near_zero_uniqueness,near_zero_uniqueness,fa_selected,raw_cartesian_failure_label_fraction,,24,44,0.545454545455,ok,,,static-linear-latent-robustness/results.csv,failures are invalid plus nonconvergence; denominator is all task/scenario/method raw Cartesian rows
failure_pattern|static-linear-latent-robustness|static_linear_latent_recovery|near_zero_uniqueness|fixed_projection|conditional_failure_rate|,failure_pattern,static-linear-latent-robustness,static_linear_latent_recovery,near_zero_uniqueness,near_zero_uniqueness,fixed_projection,conditional_failure_rate,,0,8,0,ok,,,static-linear-latent-robustness/results.csv,failures are invalid plus nonconvergence; denominator is ok plus invalid plus nonconvergence rows
failure_pattern|static-linear-latent-robustness|static_linear_latent_recovery|near_zero_uniqueness|fixed_projection|raw_cartesian_failure_label_fraction|,failure_pattern,static-linear-latent-robustness,static_linear_latent_recovery,near_zero_uniqueness,near_zero_uniqueness,fixed_projection,raw_cartesian_failure_label_fraction,,0,44,0,ok,,,static-linear-latent-robustness/results.csv,failures are invalid plus nonconvergence; denominator is all task/scenario/method raw Cartesian rows
failure_pattern|static-linear-latent-robustness|static_linear_latent_recovery|near_zero_uniqueness|leaked_scaled_pca_control|conditional_failure_rate|,failure_pattern,static-linear-latent-robustness,static_linear_latent_recovery,near_zero_uniqueness,near_zero_uniqueness,leaked_scaled_pca_control,conditional_failure_rate,,,,,inapplicable,,,static-linear-latent-robustness/results.csv,"conditional denominator is zero because every source row is inapplicable; numerator, denominator, and rate are blank"
failure_pattern|static-linear-latent-robustness|static_linear_latent_recovery|near_zero_uniqueness|leaked_scaled_pca_control|raw_cartesian_failure_label_fraction|,failure_pattern,static-linear-latent-robustness,static_linear_latent_recovery,near_zero_uniqueness,near_zero_uniqueness,leaked_scaled_pca_control,raw_cartesian_failure_label_fraction,,0,44,0,ok,,,static-linear-latent-robustness/results.csv,failures are invalid plus nonconvergence; denominator is all task/scenario/method raw Cartesian rows
failure_pattern|static-linear-latent-robustness|static_linear_latent_recovery|near_zero_uniqueness|mean|conditional_failure_rate|,failure_pattern,static-linear-latent-robustness,static_linear_latent_recovery,near_zero_uniqueness,near_zero_uniqueness,mean,conditional_failure_rate,,0,8,0,ok,,,static-linear-latent-robustness/results.csv,failures are invalid plus nonconvergence; denominator is ok plus invalid plus nonconvergence rows
failure_pattern|static-linear-latent-robustness|static_linear_latent_recovery|near_zero_uniqueness|mean|raw_cartesian_failure_label_fraction|,failure_pattern,static-linear-latent-robustness,static_linear_latent_recovery,near_zero_uniqueness,near_zero_uniqueness,mean,raw_cartesian_failure_label_fraction,,0,44,0,ok,,,static-linear-latent-robustness/results.csv,failures are invalid plus nonconvergence; denominator is all task/scenario/method raw Cartesian rows
failure_pattern|static-linear-latent-robustness|static_linear_latent_recovery|near_zero_uniqueness|pca|conditional_failure_rate|,failure_pattern,static-linear-latent-robustness,static_linear_latent_recovery,near_zero_uniqueness,near_zero_uniqueness,pca,conditional_failure_rate,,0,12,0,ok,,,static-linear-latent-robustness/results.csv,failures are invalid plus nonconvergence; denominator is ok plus invalid plus nonconvergence rows
failure_pattern|static-linear-latent-robustness|static_linear_latent_recovery|near_zero_uniqueness|pca|raw_cartesian_failure_label_fraction|,failure_pattern,static-linear-latent-robustness,static_linear_latent_recovery,near_zero_uniqueness,near_zero_uniqueness,pca,raw_cartesian_failure_label_fraction,,0,44,0,ok,,,static-linear-latent-robustness/results.csv,failures are invalid plus nonconvergence; denominator is all task/scenario/method raw Cartesian rows
failure_pattern|static-linear-latent-robustness|static_linear_latent_recovery|near_zero_uniqueness|ppca|conditional_failure_rate|,failure_pattern,static-linear-latent-robustness,static_linear_latent_recovery,near_zero_uniqueness,near_zero_uniqueness,ppca,conditional_failure_rate,,0,20,0,ok,,,static-linear-latent-robustness/results.csv,failures are invalid plus nonconvergence; denominator is ok plus invalid plus nonconvergence rows
failure_pattern|static-linear-latent-robustness|static_linear_latent_recovery|near_zero_uniqueness|ppca|raw_cartesian_failure_label_fraction|,failure_pattern,static-linear-latent-robustness,static_linear_latent_recovery,near_zero_uniqueness,near_zero_uniqueness,ppca,raw_cartesian_failure_label_fraction,,0,44,0,ok,,,static-linear-latent-robustness/results.csv,failures are invalid plus nonconvergence; denominator is all task/scenario/method raw Cartesian rows
failure_pattern|static-linear-latent-robustness|static_linear_latent_recovery|near_zero_uniqueness|proper_scaled_pca|conditional_failure_rate|,failure_pattern,static-linear-latent-robustness,static_linear_latent_recovery,near_zero_uniqueness,near_zero_uniqueness,proper_scaled_pca,conditional_failure_rate,,,,,inapplicable,,,static-linear-latent-robustness/results.csv,"conditional denominator is zero because every source row is inapplicable; numerator, denominator, and rate are blank"
failure_pattern|static-linear-latent-robustness|static_linear_latent_recovery|near_zero_uniqueness|proper_scaled_pca|raw_cartesian_failure_label_fraction|,failure_pattern,static-linear-latent-robustness,static_linear_latent_recovery,near_zero_uniqueness,near_zero_uniqueness,proper_scaled_pca,raw_cartesian_failure_label_fraction,,0,44,0,ok,,,static-linear-latent-robustness/results.csv,failures are invalid plus nonconvergence; denominator is all task/scenario/method raw Cartesian rows
failure_pattern|static-linear-latent-robustness|static_linear_latent_recovery|near_zero_uniqueness|random_projection|conditional_failure_rate|,failure_pattern,static-linear-latent-robustness,static_linear_latent_recovery,near_zero_uniqueness,near_zero_uniqueness,random_projection,conditional_failure_rate,,0,8,0,ok,,,static-linear-latent-robustness/results.csv,failures are invalid plus nonconvergence; denominator is ok plus invalid plus nonconvergence rows
failure_pattern|static-linear-latent-robustness|static_linear_latent_recovery|near_zero_uniqueness|random_projection|raw_cartesian_failure_label_fraction|,failure_pattern,static-linear-latent-robustness,static_linear_latent_recovery,near_zero_uniqueness,near_zero_uniqueness,random_projection,raw_cartesian_failure_label_fraction,,0,44,0,ok,,,static-linear-latent-robustness/results.csv,failures are invalid plus nonconvergence; denominator is all task/scenario/method raw Cartesian rows
failure_pattern|static-linear-latent-robustness|static_linear_latent_recovery|near_zero_uniqueness|true_gaussian_reference|conditional_failure_rate|,failure_pattern,static-linear-latent-robustness,static_linear_latent_recovery,near_zero_uniqueness,near_zero_uniqueness,true_gaussian_reference,conditional_failure_rate,,0,28,0,ok,,,static-linear-latent-robustness/results.csv,failures are invalid plus nonconvergence; denominator is ok plus invalid plus nonconvergence rows
failure_pattern|static-linear-latent-robustness|static_linear_latent_recovery|near_zero_uniqueness|true_gaussian_reference|raw_cartesian_failure_label_fraction|,failure_pattern,static-linear-latent-robustness,static_linear_latent_recovery,near_zero_uniqueness,near_zero_uniqueness,true_gaussian_reference,raw_cartesian_failure_label_fraction,,0,44,0,ok,,,static-linear-latent-robustness/results.csv,failures are invalid plus nonconvergence; denominator is all task/scenario/method raw Cartesian rows
failure_pattern|static-linear-latent-robustness|static_linear_latent_recovery|outliers|fa_selected|conditional_failure_rate|,failure_pattern,static-linear-latent-robustness,static_linear_latent_recovery,outliers,outliers,fa_selected,conditional_failure_rate,,0,28,0,ok,,,static-linear-latent-robustness/results.csv,failures are invalid plus nonconvergence; denominator is ok plus invalid plus nonconvergence rows
failure_pattern|static-linear-latent-robustness|static_linear_latent_recovery|outliers|fa_selected|raw_cartesian_failure_label_fraction|,failure_pattern,static-linear-latent-robustness,static_linear_latent_recovery,outliers,outliers,fa_selected,raw_cartesian_failure_label_fraction,,0,44,0,ok,,,static-linear-latent-robustness/results.csv,failures are invalid plus nonconvergence; denominator is all task/scenario/method raw Cartesian rows
failure_pattern|static-linear-latent-robustness|static_linear_latent_recovery|outliers|fixed_projection|conditional_failure_rate|,failure_pattern,static-linear-latent-robustness,static_linear_latent_recovery,outliers,outliers,fixed_projection,conditional_failure_rate,,0,8,0,ok,,,static-linear-latent-robustness/results.csv,failures are invalid plus nonconvergence; denominator is ok plus invalid plus nonconvergence rows
failure_pattern|static-linear-latent-robustness|static_linear_latent_recovery|outliers|fixed_projection|raw_cartesian_failure_label_fraction|,failure_pattern,static-linear-latent-robustness,static_linear_latent_recovery,outliers,outliers,fixed_projection,raw_cartesian_failure_label_fraction,,0,44,0,ok,,,static-linear-latent-robustness/results.csv,failures are invalid plus nonconvergence; denominator is all task/scenario/method raw Cartesian rows
failure_pattern|static-linear-latent-robustness|static_linear_latent_recovery|outliers|leaked_scaled_pca_control|conditional_failure_rate|,failure_pattern,static-linear-latent-robustness,static_linear_latent_recovery,outliers,outliers,leaked_scaled_pca_control,conditional_failure_rate,,,,,inapplicable,,,static-linear-latent-robustness/results.csv,"conditional denominator is zero because every source row is inapplicable; numerator, denominator, and rate are blank"
failure_pattern|static-linear-latent-robustness|static_linear_latent_recovery|outliers|leaked_scaled_pca_control|raw_cartesian_failure_label_fraction|,failure_pattern,static-linear-latent-robustness,static_linear_latent_recovery,outliers,outliers,leaked_scaled_pca_control,raw_cartesian_failure_label_fraction,,0,44,0,ok,,,static-linear-latent-robustness/results.csv,failures are invalid plus nonconvergence; denominator is all task/scenario/method raw Cartesian rows
failure_pattern|static-linear-latent-robustness|static_linear_latent_recovery|outliers|mean|conditional_failure_rate|,failure_pattern,static-linear-latent-robustness,static_linear_latent_recovery,outliers,outliers,mean,conditional_failure_rate,,0,8,0,ok,,,static-linear-latent-robustness/results.csv,failures are invalid plus nonconvergence; denominator is ok plus invalid plus nonconvergence rows
failure_pattern|static-linear-latent-robustness|static_linear_latent_recovery|outliers|mean|raw_cartesian_failure_label_fraction|,failure_pattern,static-linear-latent-robustness,static_linear_latent_recovery,outliers,outliers,mean,raw_cartesian_failure_label_fraction,,0,44,0,ok,,,static-linear-latent-robustness/results.csv,failures are invalid plus nonconvergence; denominator is all task/scenario/method raw Cartesian rows
failure_pattern|static-linear-latent-robustness|static_linear_latent_recovery|outliers|pca|conditional_failure_rate|,failure_pattern,static-linear-latent-robustness,static_linear_latent_recovery,outliers,outliers,pca,conditional_failure_rate,,0,12,0,ok,,,static-linear-latent-robustness/results.csv,failures are invalid plus nonconvergence; denominator is ok plus invalid plus nonconvergence rows
failure_pattern|static-linear-latent-robustness|static_linear_latent_recovery|outliers|pca|raw_cartesian_failure_label_fraction|,failure_pattern,static-linear-latent-robustness,static_linear_latent_recovery,outliers,outliers,pca,raw_cartesian_failure_label_fraction,,0,44,0,ok,,,static-linear-latent-robustness/results.csv,failures are invalid plus nonconvergence; denominator is all task/scenario/method raw Cartesian rows
failure_pattern|static-linear-latent-robustness|static_linear_latent_recovery|outliers|ppca|conditional_failure_rate|,failure_pattern,static-linear-latent-robustness,static_linear_latent_recovery,outliers,outliers,ppca,conditional_failure_rate,,0,20,0,ok,,,static-linear-latent-robustness/results.csv,failures are invalid plus nonconvergence; denominator is ok plus invalid plus nonconvergence rows
failure_pattern|static-linear-latent-robustness|static_linear_latent_recovery|outliers|ppca|raw_cartesian_failure_label_fraction|,failure_pattern,static-linear-latent-robustness,static_linear_latent_recovery,outliers,outliers,ppca,raw_cartesian_failure_label_fraction,,0,44,0,ok,,,static-linear-latent-robustness/results.csv,failures are invalid plus nonconvergence; denominator is all task/scenario/method raw Cartesian rows
failure_pattern|static-linear-latent-robustness|static_linear_latent_recovery|outliers|proper_scaled_pca|conditional_failure_rate|,failure_pattern,static-linear-latent-robustness,static_linear_latent_recovery,outliers,outliers,proper_scaled_pca,conditional_failure_rate,,,,,inapplicable,,,static-linear-latent-robustness/results.csv,"conditional denominator is zero because every source row is inapplicable; numerator, denominator, and rate are blank"
failure_pattern|static-linear-latent-robustness|static_linear_latent_recovery|outliers|proper_scaled_pca|raw_cartesian_failure_label_fraction|,failure_pattern,static-linear-latent-robustness,static_linear_latent_recovery,outliers,outliers,proper_scaled_pca,raw_cartesian_failure_label_fraction,,0,44,0,ok,,,static-linear-latent-robustness/results.csv,failures are invalid plus nonconvergence; denominator is all task/scenario/method raw Cartesian rows
failure_pattern|static-linear-latent-robustness|static_linear_latent_recovery|outliers|random_projection|conditional_failure_rate|,failure_pattern,static-linear-latent-robustness,static_linear_latent_recovery,outliers,outliers,random_projection,conditional_failure_rate,,0,8,0,ok,,,static-linear-latent-robustness/results.csv,failures are invalid plus nonconvergence; denominator is ok plus invalid plus nonconvergence rows
failure_pattern|static-linear-latent-robustness|static_linear_latent_recovery|outliers|random_projection|raw_cartesian_failure_label_fraction|,failure_pattern,static-linear-latent-robustness,static_linear_latent_recovery,outliers,outliers,random_projection,raw_cartesian_failure_label_fraction,,0,44,0,ok,,,static-linear-latent-robustness/results.csv,failures are invalid plus nonconvergence; denominator is all task/scenario/method raw Cartesian rows
failure_pattern|static-linear-latent-robustness|static_linear_latent_recovery|outliers|true_gaussian_reference|conditional_failure_rate|,failure_pattern,static-linear-latent-robustness,static_linear_latent_recovery,outliers,outliers,true_gaussian_reference,conditional_failure_rate,,0,20,0,ok,,,static-linear-latent-robustness/results.csv,failures are invalid plus nonconvergence; denominator is ok plus invalid plus nonconvergence rows
failure_pattern|static-linear-latent-robustness|static_linear_latent_recovery|outliers|true_gaussian_reference|raw_cartesian_failure_label_fraction|,failure_pattern,static-linear-latent-robustness,static_linear_latent_recovery,outliers,outliers,true_gaussian_reference,raw_cartesian_failure_label_fraction,,0,44,0,ok,,,static-linear-latent-robustness/results.csv,failures are invalid plus nonconvergence; denominator is all task/scenario/method raw Cartesian rows
failure_pattern|static-linear-latent-robustness|static_linear_latent_recovery|preprocessing_leakage|fa_selected|conditional_failure_rate|,failure_pattern,static-linear-latent-robustness,static_linear_latent_recovery,preprocessing_leakage,preprocessing_leakage,fa_selected,conditional_failure_rate,,0,36,0,ok,,,static-linear-latent-robustness/results.csv,failures are invalid plus nonconvergence; denominator is ok plus invalid plus nonconvergence rows
failure_pattern|static-linear-latent-robustness|static_linear_latent_recovery|preprocessing_leakage|fa_selected|raw_cartesian_failure_label_fraction|,failure_pattern,static-linear-latent-robustness,static_linear_latent_recovery,preprocessing_leakage,preprocessing_leakage,fa_selected,raw_cartesian_failure_label_fraction,,0,44,0,ok,,,static-linear-latent-robustness/results.csv,failures are invalid plus nonconvergence; denominator is all task/scenario/method raw Cartesian rows
failure_pattern|static-linear-latent-robustness|static_linear_latent_recovery|preprocessing_leakage|fixed_projection|conditional_failure_rate|,failure_pattern,static-linear-latent-robustness,static_linear_latent_recovery,preprocessing_leakage,preprocessing_leakage,fixed_projection,conditional_failure_rate,,0,8,0,ok,,,static-linear-latent-robustness/results.csv,failures are invalid plus nonconvergence; denominator is ok plus invalid plus nonconvergence rows
failure_pattern|static-linear-latent-robustness|static_linear_latent_recovery|preprocessing_leakage|fixed_projection|raw_cartesian_failure_label_fraction|,failure_pattern,static-linear-latent-robustness,static_linear_latent_recovery,preprocessing_leakage,preprocessing_leakage,fixed_projection,raw_cartesian_failure_label_fraction,,0,44,0,ok,,,static-linear-latent-robustness/results.csv,failures are invalid plus nonconvergence; denominator is all task/scenario/method raw Cartesian rows
failure_pattern|static-linear-latent-robustness|static_linear_latent_recovery|preprocessing_leakage|leaked_scaled_pca_control|conditional_failure_rate|,failure_pattern,static-linear-latent-robustness,static_linear_latent_recovery,preprocessing_leakage,preprocessing_leakage,leaked_scaled_pca_control,conditional_failure_rate,,0,12,0,ok,,,static-linear-latent-robustness/results.csv,failures are invalid plus nonconvergence; denominator is ok plus invalid plus nonconvergence rows
failure_pattern|static-linear-latent-robustness|static_linear_latent_recovery|preprocessing_leakage|leaked_scaled_pca_control|raw_cartesian_failure_label_fraction|,failure_pattern,static-linear-latent-robustness,static_linear_latent_recovery,preprocessing_leakage,preprocessing_leakage,leaked_scaled_pca_control,raw_cartesian_failure_label_fraction,,0,44,0,ok,,,static-linear-latent-robustness/results.csv,failures are invalid plus nonconvergence; denominator is all task/scenario/method raw Cartesian rows
failure_pattern|static-linear-latent-robustness|static_linear_latent_recovery|preprocessing_leakage|mean|conditional_failure_rate|,failure_pattern,static-linear-latent-robustness,static_linear_latent_recovery,preprocessing_leakage,preprocessing_leakage,mean,conditional_failure_rate,,0,8,0,ok,,,static-linear-latent-robustness/results.csv,failures are invalid plus nonconvergence; denominator is ok plus invalid plus nonconvergence rows
failure_pattern|static-linear-latent-robustness|static_linear_latent_recovery|preprocessing_leakage|mean|raw_cartesian_failure_label_fraction|,failure_pattern,static-linear-latent-robustness,static_linear_latent_recovery,preprocessing_leakage,preprocessing_leakage,mean,raw_cartesian_failure_label_fraction,,0,44,0,ok,,,static-linear-latent-robustness/results.csv,failures are invalid plus nonconvergence; denominator is all task/scenario/method raw Cartesian rows
failure_pattern|static-linear-latent-robustness|static_linear_latent_recovery|preprocessing_leakage|pca|conditional_failure_rate|,failure_pattern,static-linear-latent-robustness,static_linear_latent_recovery,preprocessing_leakage,preprocessing_leakage,pca,conditional_failure_rate,,0,12,0,ok,,,static-linear-latent-robustness/results.csv,failures are invalid plus nonconvergence; denominator is ok plus invalid plus nonconvergence rows
failure_pattern|static-linear-latent-robustness|static_linear_latent_recovery|preprocessing_leakage|pca|raw_cartesian_failure_label_fraction|,failure_pattern,static-linear-latent-robustness,static_linear_latent_recovery,preprocessing_leakage,preprocessing_leakage,pca,raw_cartesian_failure_label_fraction,,0,44,0,ok,,,static-linear-latent-robustness/results.csv,failures are invalid plus nonconvergence; denominator is all task/scenario/method raw Cartesian rows
failure_pattern|static-linear-latent-robustness|static_linear_latent_recovery|preprocessing_leakage|ppca|conditional_failure_rate|,failure_pattern,static-linear-latent-robustness,static_linear_latent_recovery,preprocessing_leakage,preprocessing_leakage,ppca,conditional_failure_rate,,0,20,0,ok,,,static-linear-latent-robustness/results.csv,failures are invalid plus nonconvergence; denominator is ok plus invalid plus nonconvergence rows
failure_pattern|static-linear-latent-robustness|static_linear_latent_recovery|preprocessing_leakage|ppca|raw_cartesian_failure_label_fraction|,failure_pattern,static-linear-latent-robustness,static_linear_latent_recovery,preprocessing_leakage,preprocessing_leakage,ppca,raw_cartesian_failure_label_fraction,,0,44,0,ok,,,static-linear-latent-robustness/results.csv,failures are invalid plus nonconvergence; denominator is all task/scenario/method raw Cartesian rows
failure_pattern|static-linear-latent-robustness|static_linear_latent_recovery|preprocessing_leakage|proper_scaled_pca|conditional_failure_rate|,failure_pattern,static-linear-latent-robustness,static_linear_latent_recovery,preprocessing_leakage,preprocessing_leakage,proper_scaled_pca,conditional_failure_rate,,0,12,0,ok,,,static-linear-latent-robustness/results.csv,failures are invalid plus nonconvergence; denominator is ok plus invalid plus nonconvergence rows
failure_pattern|static-linear-latent-robustness|static_linear_latent_recovery|preprocessing_leakage|proper_scaled_pca|raw_cartesian_failure_label_fraction|,failure_pattern,static-linear-latent-robustness,static_linear_latent_recovery,preprocessing_leakage,preprocessing_leakage,proper_scaled_pca,raw_cartesian_failure_label_fraction,,0,44,0,ok,,,static-linear-latent-robustness/results.csv,failures are invalid plus nonconvergence; denominator is all task/scenario/method raw Cartesian rows
failure_pattern|static-linear-latent-robustness|static_linear_latent_recovery|preprocessing_leakage|random_projection|conditional_failure_rate|,failure_pattern,static-linear-latent-robustness,static_linear_latent_recovery,preprocessing_leakage,preprocessing_leakage,random_projection,conditional_failure_rate,,0,8,0,ok,,,static-linear-latent-robustness/results.csv,failures are invalid plus nonconvergence; denominator is ok plus invalid plus nonconvergence rows
failure_pattern|static-linear-latent-robustness|static_linear_latent_recovery|preprocessing_leakage|random_projection|raw_cartesian_failure_label_fraction|,failure_pattern,static-linear-latent-robustness,static_linear_latent_recovery,preprocessing_leakage,preprocessing_leakage,random_projection,raw_cartesian_failure_label_fraction,,0,44,0,ok,,,static-linear-latent-robustness/results.csv,failures are invalid plus nonconvergence; denominator is all task/scenario/method raw Cartesian rows
failure_pattern|static-linear-latent-robustness|static_linear_latent_recovery|preprocessing_leakage|true_gaussian_reference|conditional_failure_rate|,failure_pattern,static-linear-latent-robustness,static_linear_latent_recovery,preprocessing_leakage,preprocessing_leakage,true_gaussian_reference,conditional_failure_rate,,0,28,0,ok,,,static-linear-latent-robustness/results.csv,failures are invalid plus nonconvergence; denominator is ok plus invalid plus nonconvergence rows
failure_pattern|static-linear-latent-robustness|static_linear_latent_recovery|preprocessing_leakage|true_gaussian_reference|raw_cartesian_failure_label_fraction|,failure_pattern,static-linear-latent-robustness,static_linear_latent_recovery,preprocessing_leakage,preprocessing_leakage,true_gaussian_reference,raw_cartesian_failure_label_fraction,,0,44,0,ok,,,static-linear-latent-robustness/results.csv,failures are invalid plus nonconvergence; denominator is all task/scenario/method raw Cartesian rows
failure_pattern|static-linear-latent-robustness|static_linear_latent_recovery|reference|fa_selected|conditional_failure_rate|,failure_pattern,static-linear-latent-robustness,static_linear_latent_recovery,reference,reference,fa_selected,conditional_failure_rate,,0,36,0,ok,,,static-linear-latent-robustness/results.csv,failures are invalid plus nonconvergence; denominator is ok plus invalid plus nonconvergence rows
failure_pattern|static-linear-latent-robustness|static_linear_latent_recovery|reference|fa_selected|raw_cartesian_failure_label_fraction|,failure_pattern,static-linear-latent-robustness,static_linear_latent_recovery,reference,reference,fa_selected,raw_cartesian_failure_label_fraction,,0,44,0,ok,,,static-linear-latent-robustness/results.csv,failures are invalid plus nonconvergence; denominator is all task/scenario/method raw Cartesian rows
failure_pattern|static-linear-latent-robustness|static_linear_latent_recovery|reference|fixed_projection|conditional_failure_rate|,failure_pattern,static-linear-latent-robustness,static_linear_latent_recovery,reference,reference,fixed_projection,conditional_failure_rate,,0,8,0,ok,,,static-linear-latent-robustness/results.csv,failures are invalid plus nonconvergence; denominator is ok plus invalid plus nonconvergence rows
failure_pattern|static-linear-latent-robustness|static_linear_latent_recovery|reference|fixed_projection|raw_cartesian_failure_label_fraction|,failure_pattern,static-linear-latent-robustness,static_linear_latent_recovery,reference,reference,fixed_projection,raw_cartesian_failure_label_fraction,,0,44,0,ok,,,static-linear-latent-robustness/results.csv,failures are invalid plus nonconvergence; denominator is all task/scenario/method raw Cartesian rows
failure_pattern|static-linear-latent-robustness|static_linear_latent_recovery|reference|leaked_scaled_pca_control|conditional_failure_rate|,failure_pattern,static-linear-latent-robustness,static_linear_latent_recovery,reference,reference,leaked_scaled_pca_control,conditional_failure_rate,,,,,inapplicable,,,static-linear-latent-robustness/results.csv,"conditional denominator is zero because every source row is inapplicable; numerator, denominator, and rate are blank"
failure_pattern|static-linear-latent-robustness|static_linear_latent_recovery|reference|leaked_scaled_pca_control|raw_cartesian_failure_label_fraction|,failure_pattern,static-linear-latent-robustness,static_linear_latent_recovery,reference,reference,leaked_scaled_pca_control,raw_cartesian_failure_label_fraction,,0,44,0,ok,,,static-linear-latent-robustness/results.csv,failures are invalid plus nonconvergence; denominator is all task/scenario/method raw Cartesian rows
failure_pattern|static-linear-latent-robustness|static_linear_latent_recovery|reference|mean|conditional_failure_rate|,failure_pattern,static-linear-latent-robustness,static_linear_latent_recovery,reference,reference,mean,conditional_failure_rate,,0,8,0,ok,,,static-linear-latent-robustness/results.csv,failures are invalid plus nonconvergence; denominator is ok plus invalid plus nonconvergence rows
failure_pattern|static-linear-latent-robustness|static_linear_latent_recovery|reference|mean|raw_cartesian_failure_label_fraction|,failure_pattern,static-linear-latent-robustness,static_linear_latent_recovery,reference,reference,mean,raw_cartesian_failure_label_fraction,,0,44,0,ok,,,static-linear-latent-robustness/results.csv,failures are invalid plus nonconvergence; denominator is all task/scenario/method raw Cartesian rows
failure_pattern|static-linear-latent-robustness|static_linear_latent_recovery|reference|pca|conditional_failure_rate|,failure_pattern,static-linear-latent-robustness,static_linear_latent_recovery,reference,reference,pca,conditional_failure_rate,,0,12,0,ok,,,static-linear-latent-robustness/results.csv,failures are invalid plus nonconvergence; denominator is ok plus invalid plus nonconvergence rows
failure_pattern|static-linear-latent-robustness|static_linear_latent_recovery|reference|pca|raw_cartesian_failure_label_fraction|,failure_pattern,static-linear-latent-robustness,static_linear_latent_recovery,reference,reference,pca,raw_cartesian_failure_label_fraction,,0,44,0,ok,,,static-linear-latent-robustness/results.csv,failures are invalid plus nonconvergence; denominator is all task/scenario/method raw Cartesian rows
failure_pattern|static-linear-latent-robustness|static_linear_latent_recovery|reference|ppca|conditional_failure_rate|,failure_pattern,static-linear-latent-robustness,static_linear_latent_recovery,reference,reference,ppca,conditional_failure_rate,,0,20,0,ok,,,static-linear-latent-robustness/results.csv,failures are invalid plus nonconvergence; denominator is ok plus invalid plus nonconvergence rows
failure_pattern|static-linear-latent-robustness|static_linear_latent_recovery|reference|ppca|raw_cartesian_failure_label_fraction|,failure_pattern,static-linear-latent-robustness,static_linear_latent_recovery,reference,reference,ppca,raw_cartesian_failure_label_fraction,,0,44,0,ok,,,static-linear-latent-robustness/results.csv,failures are invalid plus nonconvergence; denominator is all task/scenario/method raw Cartesian rows
failure_pattern|static-linear-latent-robustness|static_linear_latent_recovery|reference|proper_scaled_pca|conditional_failure_rate|,failure_pattern,static-linear-latent-robustness,static_linear_latent_recovery,reference,reference,proper_scaled_pca,conditional_failure_rate,,,,,inapplicable,,,static-linear-latent-robustness/results.csv,"conditional denominator is zero because every source row is inapplicable; numerator, denominator, and rate are blank"
failure_pattern|static-linear-latent-robustness|static_linear_latent_recovery|reference|proper_scaled_pca|raw_cartesian_failure_label_fraction|,failure_pattern,static-linear-latent-robustness,static_linear_latent_recovery,reference,reference,proper_scaled_pca,raw_cartesian_failure_label_fraction,,0,44,0,ok,,,static-linear-latent-robustness/results.csv,failures are invalid plus nonconvergence; denominator is all task/scenario/method raw Cartesian rows
failure_pattern|static-linear-latent-robustness|static_linear_latent_recovery|reference|random_projection|conditional_failure_rate|,failure_pattern,static-linear-latent-robustness,static_linear_latent_recovery,reference,reference,random_projection,conditional_failure_rate,,0,8,0,ok,,,static-linear-latent-robustness/results.csv,failures are invalid plus nonconvergence; denominator is ok plus invalid plus nonconvergence rows
failure_pattern|static-linear-latent-robustness|static_linear_latent_recovery|reference|random_projection|raw_cartesian_failure_label_fraction|,failure_pattern,static-linear-latent-robustness,static_linear_latent_recovery,reference,reference,random_projection,raw_cartesian_failure_label_fraction,,0,44,0,ok,,,static-linear-latent-robustness/results.csv,failures are invalid plus nonconvergence; denominator is all task/scenario/method raw Cartesian rows
failure_pattern|static-linear-latent-robustness|static_linear_latent_recovery|reference|true_gaussian_reference|conditional_failure_rate|,failure_pattern,static-linear-latent-robustness,static_linear_latent_recovery,reference,reference,true_gaussian_reference,conditional_failure_rate,,0,28,0,ok,,,static-linear-latent-robustness/results.csv,failures are invalid plus nonconvergence; denominator is ok plus invalid plus nonconvergence rows
failure_pattern|static-linear-latent-robustness|static_linear_latent_recovery|reference|true_gaussian_reference|raw_cartesian_failure_label_fraction|,failure_pattern,static-linear-latent-robustness,static_linear_latent_recovery,reference,reference,true_gaussian_reference,raw_cartesian_failure_label_fraction,,0,44,0,ok,,,static-linear-latent-robustness/results.csv,failures are invalid plus nonconvergence; denominator is all task/scenario/method raw Cartesian rows
failure_pattern|static-linear-latent-robustness|static_linear_latent_recovery|repeated_signal|fa_selected|conditional_failure_rate|,failure_pattern,static-linear-latent-robustness,static_linear_latent_recovery,repeated_signal,signal_eigenvalue_separation,fa_selected,conditional_failure_rate,,0,36,0,ok,,,static-linear-latent-robustness/results.csv,failures are invalid plus nonconvergence; denominator is ok plus invalid plus nonconvergence rows
failure_pattern|static-linear-latent-robustness|static_linear_latent_recovery|repeated_signal|fa_selected|raw_cartesian_failure_label_fraction|,failure_pattern,static-linear-latent-robustness,static_linear_latent_recovery,repeated_signal,signal_eigenvalue_separation,fa_selected,raw_cartesian_failure_label_fraction,,0,44,0,ok,,,static-linear-latent-robustness/results.csv,failures are invalid plus nonconvergence; denominator is all task/scenario/method raw Cartesian rows
failure_pattern|static-linear-latent-robustness|static_linear_latent_recovery|repeated_signal|fixed_projection|conditional_failure_rate|,failure_pattern,static-linear-latent-robustness,static_linear_latent_recovery,repeated_signal,signal_eigenvalue_separation,fixed_projection,conditional_failure_rate,,0,8,0,ok,,,static-linear-latent-robustness/results.csv,failures are invalid plus nonconvergence; denominator is ok plus invalid plus nonconvergence rows
failure_pattern|static-linear-latent-robustness|static_linear_latent_recovery|repeated_signal|fixed_projection|raw_cartesian_failure_label_fraction|,failure_pattern,static-linear-latent-robustness,static_linear_latent_recovery,repeated_signal,signal_eigenvalue_separation,fixed_projection,raw_cartesian_failure_label_fraction,,0,44,0,ok,,,static-linear-latent-robustness/results.csv,failures are invalid plus nonconvergence; denominator is all task/scenario/method raw Cartesian rows
failure_pattern|static-linear-latent-robustness|static_linear_latent_recovery|repeated_signal|leaked_scaled_pca_control|conditional_failure_rate|,failure_pattern,static-linear-latent-robustness,static_linear_latent_recovery,repeated_signal,signal_eigenvalue_separation,leaked_scaled_pca_control,conditional_failure_rate,,,,,inapplicable,,,static-linear-latent-robustness/results.csv,"conditional denominator is zero because every source row is inapplicable; numerator, denominator, and rate are blank"
failure_pattern|static-linear-latent-robustness|static_linear_latent_recovery|repeated_signal|leaked_scaled_pca_control|raw_cartesian_failure_label_fraction|,failure_pattern,static-linear-latent-robustness,static_linear_latent_recovery,repeated_signal,signal_eigenvalue_separation,leaked_scaled_pca_control,raw_cartesian_failure_label_fraction,,0,44,0,ok,,,static-linear-latent-robustness/results.csv,failures are invalid plus nonconvergence; denominator is all task/scenario/method raw Cartesian rows
failure_pattern|static-linear-latent-robustness|static_linear_latent_recovery|repeated_signal|mean|conditional_failure_rate|,failure_pattern,static-linear-latent-robustness,static_linear_latent_recovery,repeated_signal,signal_eigenvalue_separation,mean,conditional_failure_rate,,0,8,0,ok,,,static-linear-latent-robustness/results.csv,failures are invalid plus nonconvergence; denominator is ok plus invalid plus nonconvergence rows
failure_pattern|static-linear-latent-robustness|static_linear_latent_recovery|repeated_signal|mean|raw_cartesian_failure_label_fraction|,failure_pattern,static-linear-latent-robustness,static_linear_latent_recovery,repeated_signal,signal_eigenvalue_separation,mean,raw_cartesian_failure_label_fraction,,0,44,0,ok,,,static-linear-latent-robustness/results.csv,failures are invalid plus nonconvergence; denominator is all task/scenario/method raw Cartesian rows
failure_pattern|static-linear-latent-robustness|static_linear_latent_recovery|repeated_signal|pca|conditional_failure_rate|,failure_pattern,static-linear-latent-robustness,static_linear_latent_recovery,repeated_signal,signal_eigenvalue_separation,pca,conditional_failure_rate,,0,12,0,ok,,,static-linear-latent-robustness/results.csv,failures are invalid plus nonconvergence; denominator is ok plus invalid plus nonconvergence rows
failure_pattern|static-linear-latent-robustness|static_linear_latent_recovery|repeated_signal|pca|raw_cartesian_failure_label_fraction|,failure_pattern,static-linear-latent-robustness,static_linear_latent_recovery,repeated_signal,signal_eigenvalue_separation,pca,raw_cartesian_failure_label_fraction,,0,44,0,ok,,,static-linear-latent-robustness/results.csv,failures are invalid plus nonconvergence; denominator is all task/scenario/method raw Cartesian rows
failure_pattern|static-linear-latent-robustness|static_linear_latent_recovery|repeated_signal|ppca|conditional_failure_rate|,failure_pattern,static-linear-latent-robustness,static_linear_latent_recovery,repeated_signal,signal_eigenvalue_separation,ppca,conditional_failure_rate,,0,20,0,ok,,,static-linear-latent-robustness/results.csv,failures are invalid plus nonconvergence; denominator is ok plus invalid plus nonconvergence rows
failure_pattern|static-linear-latent-robustness|static_linear_latent_recovery|repeated_signal|ppca|raw_cartesian_failure_label_fraction|,failure_pattern,static-linear-latent-robustness,static_linear_latent_recovery,repeated_signal,signal_eigenvalue_separation,ppca,raw_cartesian_failure_label_fraction,,0,44,0,ok,,,static-linear-latent-robustness/results.csv,failures are invalid plus nonconvergence; denominator is all task/scenario/method raw Cartesian rows
failure_pattern|static-linear-latent-robustness|static_linear_latent_recovery|repeated_signal|proper_scaled_pca|conditional_failure_rate|,failure_pattern,static-linear-latent-robustness,static_linear_latent_recovery,repeated_signal,signal_eigenvalue_separation,proper_scaled_pca,conditional_failure_rate,,,,,inapplicable,,,static-linear-latent-robustness/results.csv,"conditional denominator is zero because every source row is inapplicable; numerator, denominator, and rate are blank"
failure_pattern|static-linear-latent-robustness|static_linear_latent_recovery|repeated_signal|proper_scaled_pca|raw_cartesian_failure_label_fraction|,failure_pattern,static-linear-latent-robustness,static_linear_latent_recovery,repeated_signal,signal_eigenvalue_separation,proper_scaled_pca,raw_cartesian_failure_label_fraction,,0,44,0,ok,,,static-linear-latent-robustness/results.csv,failures are invalid plus nonconvergence; denominator is all task/scenario/method raw Cartesian rows
failure_pattern|static-linear-latent-robustness|static_linear_latent_recovery|repeated_signal|random_projection|conditional_failure_rate|,failure_pattern,static-linear-latent-robustness,static_linear_latent_recovery,repeated_signal,signal_eigenvalue_separation,random_projection,conditional_failure_rate,,0,8,0,ok,,,static-linear-latent-robustness/results.csv,failures are invalid plus nonconvergence; denominator is ok plus invalid plus nonconvergence rows
failure_pattern|static-linear-latent-robustness|static_linear_latent_recovery|repeated_signal|random_projection|raw_cartesian_failure_label_fraction|,failure_pattern,static-linear-latent-robustness,static_linear_latent_recovery,repeated_signal,signal_eigenvalue_separation,random_projection,raw_cartesian_failure_label_fraction,,0,44,0,ok,,,static-linear-latent-robustness/results.csv,failures are invalid plus nonconvergence; denominator is all task/scenario/method raw Cartesian rows
failure_pattern|static-linear-latent-robustness|static_linear_latent_recovery|repeated_signal|true_gaussian_reference|conditional_failure_rate|,failure_pattern,static-linear-latent-robustness,static_linear_latent_recovery,repeated_signal,signal_eigenvalue_separation,true_gaussian_reference,conditional_failure_rate,,0,28,0,ok,,,static-linear-latent-robustness/results.csv,failures are invalid plus nonconvergence; denominator is ok plus invalid plus nonconvergence rows
failure_pattern|static-linear-latent-robustness|static_linear_latent_recovery|repeated_signal|true_gaussian_reference|raw_cartesian_failure_label_fraction|,failure_pattern,static-linear-latent-robustness,static_linear_latent_recovery,repeated_signal,signal_eigenvalue_separation,true_gaussian_reference,raw_cartesian_failure_label_fraction,,0,44,0,ok,,,static-linear-latent-robustness/results.csv,failures are invalid plus nonconvergence; denominator is all task/scenario/method raw Cartesian rows
failure_pattern|static-linear-latent-robustness|static_linear_latent_recovery|small_sample|fa_selected|conditional_failure_rate|,failure_pattern,static-linear-latent-robustness,static_linear_latent_recovery,small_sample,sample_size,fa_selected,conditional_failure_rate,,8,36,0.222222222222,ok,,,static-linear-latent-robustness/results.csv,failures are invalid plus nonconvergence; denominator is ok plus invalid plus nonconvergence rows
failure_pattern|static-linear-latent-robustness|static_linear_latent_recovery|small_sample|fa_selected|raw_cartesian_failure_label_fraction|,failure_pattern,static-linear-latent-robustness,static_linear_latent_recovery,small_sample,sample_size,fa_selected,raw_cartesian_failure_label_fraction,,8,44,0.181818181818,ok,,,static-linear-latent-robustness/results.csv,failures are invalid plus nonconvergence; denominator is all task/scenario/method raw Cartesian rows
failure_pattern|static-linear-latent-robustness|static_linear_latent_recovery|small_sample|fixed_projection|conditional_failure_rate|,failure_pattern,static-linear-latent-robustness,static_linear_latent_recovery,small_sample,sample_size,fixed_projection,conditional_failure_rate,,0,8,0,ok,,,static-linear-latent-robustness/results.csv,failures are invalid plus nonconvergence; denominator is ok plus invalid plus nonconvergence rows
failure_pattern|static-linear-latent-robustness|static_linear_latent_recovery|small_sample|fixed_projection|raw_cartesian_failure_label_fraction|,failure_pattern,static-linear-latent-robustness,static_linear_latent_recovery,small_sample,sample_size,fixed_projection,raw_cartesian_failure_label_fraction,,0,44,0,ok,,,static-linear-latent-robustness/results.csv,failures are invalid plus nonconvergence; denominator is all task/scenario/method raw Cartesian rows
failure_pattern|static-linear-latent-robustness|static_linear_latent_recovery|small_sample|leaked_scaled_pca_control|conditional_failure_rate|,failure_pattern,static-linear-latent-robustness,static_linear_latent_recovery,small_sample,sample_size,leaked_scaled_pca_control,conditional_failure_rate,,,,,inapplicable,,,static-linear-latent-robustness/results.csv,"conditional denominator is zero because every source row is inapplicable; numerator, denominator, and rate are blank"
failure_pattern|static-linear-latent-robustness|static_linear_latent_recovery|small_sample|leaked_scaled_pca_control|raw_cartesian_failure_label_fraction|,failure_pattern,static-linear-latent-robustness,static_linear_latent_recovery,small_sample,sample_size,leaked_scaled_pca_control,raw_cartesian_failure_label_fraction,,0,44,0,ok,,,static-linear-latent-robustness/results.csv,failures are invalid plus nonconvergence; denominator is all task/scenario/method raw Cartesian rows
failure_pattern|static-linear-latent-robustness|static_linear_latent_recovery|small_sample|mean|conditional_failure_rate|,failure_pattern,static-linear-latent-robustness,static_linear_latent_recovery,small_sample,sample_size,mean,conditional_failure_rate,,0,8,0,ok,,,static-linear-latent-robustness/results.csv,failures are invalid plus nonconvergence; denominator is ok plus invalid plus nonconvergence rows
failure_pattern|static-linear-latent-robustness|static_linear_latent_recovery|small_sample|mean|raw_cartesian_failure_label_fraction|,failure_pattern,static-linear-latent-robustness,static_linear_latent_recovery,small_sample,sample_size,mean,raw_cartesian_failure_label_fraction,,0,44,0,ok,,,static-linear-latent-robustness/results.csv,failures are invalid plus nonconvergence; denominator is all task/scenario/method raw Cartesian rows
failure_pattern|static-linear-latent-robustness|static_linear_latent_recovery|small_sample|pca|conditional_failure_rate|,failure_pattern,static-linear-latent-robustness,static_linear_latent_recovery,small_sample,sample_size,pca,conditional_failure_rate,,0,12,0,ok,,,static-linear-latent-robustness/results.csv,failures are invalid plus nonconvergence; denominator is ok plus invalid plus nonconvergence rows
failure_pattern|static-linear-latent-robustness|static_linear_latent_recovery|small_sample|pca|raw_cartesian_failure_label_fraction|,failure_pattern,static-linear-latent-robustness,static_linear_latent_recovery,small_sample,sample_size,pca,raw_cartesian_failure_label_fraction,,0,44,0,ok,,,static-linear-latent-robustness/results.csv,failures are invalid plus nonconvergence; denominator is all task/scenario/method raw Cartesian rows
failure_pattern|static-linear-latent-robustness|static_linear_latent_recovery|small_sample|ppca|conditional_failure_rate|,failure_pattern,static-linear-latent-robustness,static_linear_latent_recovery,small_sample,sample_size,ppca,conditional_failure_rate,,0,20,0,ok,,,static-linear-latent-robustness/results.csv,failures are invalid plus nonconvergence; denominator is ok plus invalid plus nonconvergence rows
failure_pattern|static-linear-latent-robustness|static_linear_latent_recovery|small_sample|ppca|raw_cartesian_failure_label_fraction|,failure_pattern,static-linear-latent-robustness,static_linear_latent_recovery,small_sample,sample_size,ppca,raw_cartesian_failure_label_fraction,,0,44,0,ok,,,static-linear-latent-robustness/results.csv,failures are invalid plus nonconvergence; denominator is all task/scenario/method raw Cartesian rows
failure_pattern|static-linear-latent-robustness|static_linear_latent_recovery|small_sample|proper_scaled_pca|conditional_failure_rate|,failure_pattern,static-linear-latent-robustness,static_linear_latent_recovery,small_sample,sample_size,proper_scaled_pca,conditional_failure_rate,,,,,inapplicable,,,static-linear-latent-robustness/results.csv,"conditional denominator is zero because every source row is inapplicable; numerator, denominator, and rate are blank"
failure_pattern|static-linear-latent-robustness|static_linear_latent_recovery|small_sample|proper_scaled_pca|raw_cartesian_failure_label_fraction|,failure_pattern,static-linear-latent-robustness,static_linear_latent_recovery,small_sample,sample_size,proper_scaled_pca,raw_cartesian_failure_label_fraction,,0,44,0,ok,,,static-linear-latent-robustness/results.csv,failures are invalid plus nonconvergence; denominator is all task/scenario/method raw Cartesian rows
failure_pattern|static-linear-latent-robustness|static_linear_latent_recovery|small_sample|random_projection|conditional_failure_rate|,failure_pattern,static-linear-latent-robustness,static_linear_latent_recovery,small_sample,sample_size,random_projection,conditional_failure_rate,,0,8,0,ok,,,static-linear-latent-robustness/results.csv,failures are invalid plus nonconvergence; denominator is ok plus invalid plus nonconvergence rows
failure_pattern|static-linear-latent-robustness|static_linear_latent_recovery|small_sample|random_projection|raw_cartesian_failure_label_fraction|,failure_pattern,static-linear-latent-robustness,static_linear_latent_recovery,small_sample,sample_size,random_projection,raw_cartesian_failure_label_fraction,,0,44,0,ok,,,static-linear-latent-robustness/results.csv,failures are invalid plus nonconvergence; denominator is all task/scenario/method raw Cartesian rows
failure_pattern|static-linear-latent-robustness|static_linear_latent_recovery|small_sample|true_gaussian_reference|conditional_failure_rate|,failure_pattern,static-linear-latent-robustness,static_linear_latent_recovery,small_sample,sample_size,true_gaussian_reference,conditional_failure_rate,,0,28,0,ok,,,static-linear-latent-robustness/results.csv,failures are invalid plus nonconvergence; denominator is ok plus invalid plus nonconvergence rows
failure_pattern|static-linear-latent-robustness|static_linear_latent_recovery|small_sample|true_gaussian_reference|raw_cartesian_failure_label_fraction|,failure_pattern,static-linear-latent-robustness,static_linear_latent_recovery,small_sample,sample_size,true_gaussian_reference,raw_cartesian_failure_label_fraction,,0,44,0,ok,,,static-linear-latent-robustness/results.csv,failures are invalid plus nonconvergence; denominator is all task/scenario/method raw Cartesian rows
failure_pattern|static-linear-latent-robustness|static_linear_latent_recovery|weak_separation|fa_selected|conditional_failure_rate|,failure_pattern,static-linear-latent-robustness,static_linear_latent_recovery,weak_separation,signal_eigenvalue_separation,fa_selected,conditional_failure_rate,,0,36,0,ok,,,static-linear-latent-robustness/results.csv,failures are invalid plus nonconvergence; denominator is ok plus invalid plus nonconvergence rows
failure_pattern|static-linear-latent-robustness|static_linear_latent_recovery|weak_separation|fa_selected|raw_cartesian_failure_label_fraction|,failure_pattern,static-linear-latent-robustness,static_linear_latent_recovery,weak_separation,signal_eigenvalue_separation,fa_selected,raw_cartesian_failure_label_fraction,,0,44,0,ok,,,static-linear-latent-robustness/results.csv,failures are invalid plus nonconvergence; denominator is all task/scenario/method raw Cartesian rows
failure_pattern|static-linear-latent-robustness|static_linear_latent_recovery|weak_separation|fixed_projection|conditional_failure_rate|,failure_pattern,static-linear-latent-robustness,static_linear_latent_recovery,weak_separation,signal_eigenvalue_separation,fixed_projection,conditional_failure_rate,,0,8,0,ok,,,static-linear-latent-robustness/results.csv,failures are invalid plus nonconvergence; denominator is ok plus invalid plus nonconvergence rows
failure_pattern|static-linear-latent-robustness|static_linear_latent_recovery|weak_separation|fixed_projection|raw_cartesian_failure_label_fraction|,failure_pattern,static-linear-latent-robustness,static_linear_latent_recovery,weak_separation,signal_eigenvalue_separation,fixed_projection,raw_cartesian_failure_label_fraction,,0,44,0,ok,,,static-linear-latent-robustness/results.csv,failures are invalid plus nonconvergence; denominator is all task/scenario/method raw Cartesian rows
failure_pattern|static-linear-latent-robustness|static_linear_latent_recovery|weak_separation|leaked_scaled_pca_control|conditional_failure_rate|,failure_pattern,static-linear-latent-robustness,static_linear_latent_recovery,weak_separation,signal_eigenvalue_separation,leaked_scaled_pca_control,conditional_failure_rate,,,,,inapplicable,,,static-linear-latent-robustness/results.csv,"conditional denominator is zero because every source row is inapplicable; numerator, denominator, and rate are blank"
failure_pattern|static-linear-latent-robustness|static_linear_latent_recovery|weak_separation|leaked_scaled_pca_control|raw_cartesian_failure_label_fraction|,failure_pattern,static-linear-latent-robustness,static_linear_latent_recovery,weak_separation,signal_eigenvalue_separation,leaked_scaled_pca_control,raw_cartesian_failure_label_fraction,,0,44,0,ok,,,static-linear-latent-robustness/results.csv,failures are invalid plus nonconvergence; denominator is all task/scenario/method raw Cartesian rows
failure_pattern|static-linear-latent-robustness|static_linear_latent_recovery|weak_separation|mean|conditional_failure_rate|,failure_pattern,static-linear-latent-robustness,static_linear_latent_recovery,weak_separation,signal_eigenvalue_separation,mean,conditional_failure_rate,,0,8,0,ok,,,static-linear-latent-robustness/results.csv,failures are invalid plus nonconvergence; denominator is ok plus invalid plus nonconvergence rows
failure_pattern|static-linear-latent-robustness|static_linear_latent_recovery|weak_separation|mean|raw_cartesian_failure_label_fraction|,failure_pattern,static-linear-latent-robustness,static_linear_latent_recovery,weak_separation,signal_eigenvalue_separation,mean,raw_cartesian_failure_label_fraction,,0,44,0,ok,,,static-linear-latent-robustness/results.csv,failures are invalid plus nonconvergence; denominator is all task/scenario/method raw Cartesian rows
failure_pattern|static-linear-latent-robustness|static_linear_latent_recovery|weak_separation|pca|conditional_failure_rate|,failure_pattern,static-linear-latent-robustness,static_linear_latent_recovery,weak_separation,signal_eigenvalue_separation,pca,conditional_failure_rate,,0,12,0,ok,,,static-linear-latent-robustness/results.csv,failures are invalid plus nonconvergence; denominator is ok plus invalid plus nonconvergence rows
failure_pattern|static-linear-latent-robustness|static_linear_latent_recovery|weak_separation|pca|raw_cartesian_failure_label_fraction|,failure_pattern,static-linear-latent-robustness,static_linear_latent_recovery,weak_separation,signal_eigenvalue_separation,pca,raw_cartesian_failure_label_fraction,,0,44,0,ok,,,static-linear-latent-robustness/results.csv,failures are invalid plus nonconvergence; denominator is all task/scenario/method raw Cartesian rows
failure_pattern|static-linear-latent-robustness|static_linear_latent_recovery|weak_separation|ppca|conditional_failure_rate|,failure_pattern,static-linear-latent-robustness,static_linear_latent_recovery,weak_separation,signal_eigenvalue_separation,ppca,conditional_failure_rate,,0,20,0,ok,,,static-linear-latent-robustness/results.csv,failures are invalid plus nonconvergence; denominator is ok plus invalid plus nonconvergence rows
failure_pattern|static-linear-latent-robustness|static_linear_latent_recovery|weak_separation|ppca|raw_cartesian_failure_label_fraction|,failure_pattern,static-linear-latent-robustness,static_linear_latent_recovery,weak_separation,signal_eigenvalue_separation,ppca,raw_cartesian_failure_label_fraction,,0,44,0,ok,,,static-linear-latent-robustness/results.csv,failures are invalid plus nonconvergence; denominator is all task/scenario/method raw Cartesian rows
failure_pattern|static-linear-latent-robustness|static_linear_latent_recovery|weak_separation|proper_scaled_pca|conditional_failure_rate|,failure_pattern,static-linear-latent-robustness,static_linear_latent_recovery,weak_separation,signal_eigenvalue_separation,proper_scaled_pca,conditional_failure_rate,,,,,inapplicable,,,static-linear-latent-robustness/results.csv,"conditional denominator is zero because every source row is inapplicable; numerator, denominator, and rate are blank"
failure_pattern|static-linear-latent-robustness|static_linear_latent_recovery|weak_separation|proper_scaled_pca|raw_cartesian_failure_label_fraction|,failure_pattern,static-linear-latent-robustness,static_linear_latent_recovery,weak_separation,signal_eigenvalue_separation,proper_scaled_pca,raw_cartesian_failure_label_fraction,,0,44,0,ok,,,static-linear-latent-robustness/results.csv,failures are invalid plus nonconvergence; denominator is all task/scenario/method raw Cartesian rows
failure_pattern|static-linear-latent-robustness|static_linear_latent_recovery|weak_separation|random_projection|conditional_failure_rate|,failure_pattern,static-linear-latent-robustness,static_linear_latent_recovery,weak_separation,signal_eigenvalue_separation,random_projection,conditional_failure_rate,,0,8,0,ok,,,static-linear-latent-robustness/results.csv,failures are invalid plus nonconvergence; denominator is ok plus invalid plus nonconvergence rows
failure_pattern|static-linear-latent-robustness|static_linear_latent_recovery|weak_separation|random_projection|raw_cartesian_failure_label_fraction|,failure_pattern,static-linear-latent-robustness,static_linear_latent_recovery,weak_separation,signal_eigenvalue_separation,random_projection,raw_cartesian_failure_label_fraction,,0,44,0,ok,,,static-linear-latent-robustness/results.csv,failures are invalid plus nonconvergence; denominator is all task/scenario/method raw Cartesian rows
failure_pattern|static-linear-latent-robustness|static_linear_latent_recovery|weak_separation|true_gaussian_reference|conditional_failure_rate|,failure_pattern,static-linear-latent-robustness,static_linear_latent_recovery,weak_separation,signal_eigenvalue_separation,true_gaussian_reference,conditional_failure_rate,,0,28,0,ok,,,static-linear-latent-robustness/results.csv,failures are invalid plus nonconvergence; denominator is ok plus invalid plus nonconvergence rows
failure_pattern|static-linear-latent-robustness|static_linear_latent_recovery|weak_separation|true_gaussian_reference|raw_cartesian_failure_label_fraction|,failure_pattern,static-linear-latent-robustness,static_linear_latent_recovery,weak_separation,signal_eigenvalue_separation,true_gaussian_reference,raw_cartesian_failure_label_fraction,,0,44,0,ok,,,static-linear-latent-robustness/results.csv,failures are invalid plus nonconvergence; denominator is all task/scenario/method raw Cartesian rows
failure_pattern|temporal-covariance-inference|temporal_covariance_inference|alignment_jitter|ar_kalman_filter|conditional_failure_rate|,failure_pattern,temporal-covariance-inference,temporal_covariance_inference,alignment_jitter,alignment_jitter,ar_kalman_filter,conditional_failure_rate,,0,15,0,ok,,,temporal-covariance-inference/results.csv,failures are invalid plus nonconvergence; denominator is ok plus invalid plus nonconvergence rows
failure_pattern|temporal-covariance-inference|temporal_covariance_inference|alignment_jitter|ar_kalman_filter|raw_cartesian_failure_label_fraction|,failure_pattern,temporal-covariance-inference,temporal_covariance_inference,alignment_jitter,alignment_jitter,ar_kalman_filter,raw_cartesian_failure_label_fraction,,0,30,0,ok,,,temporal-covariance-inference/results.csv,failures are invalid plus nonconvergence; denominator is all task/scenario/method raw Cartesian rows
failure_pattern|temporal-covariance-inference|temporal_covariance_inference|alignment_jitter|ar_rts_smoother|conditional_failure_rate|,failure_pattern,temporal-covariance-inference,temporal_covariance_inference,alignment_jitter,alignment_jitter,ar_rts_smoother,conditional_failure_rate,,0,15,0,ok,,,temporal-covariance-inference/results.csv,failures are invalid plus nonconvergence; denominator is ok plus invalid plus nonconvergence rows
failure_pattern|temporal-covariance-inference|temporal_covariance_inference|alignment_jitter|ar_rts_smoother|raw_cartesian_failure_label_fraction|,failure_pattern,temporal-covariance-inference,temporal_covariance_inference,alignment_jitter,alignment_jitter,ar_rts_smoother,raw_cartesian_failure_label_fraction,,0,30,0,ok,,,temporal-covariance-inference/results.csv,failures are invalid plus nonconvergence; denominator is all task/scenario/method raw Cartesian rows
failure_pattern|temporal-covariance-inference|temporal_covariance_inference|alignment_jitter|exact_gaussian_oracle|conditional_failure_rate|,failure_pattern,temporal-covariance-inference,temporal_covariance_inference,alignment_jitter,alignment_jitter,exact_gaussian_oracle,conditional_failure_rate,,,,,inapplicable,,,temporal-covariance-inference/results.csv,"conditional denominator is zero because every source row is inapplicable; numerator, denominator, and rate are blank"
failure_pattern|temporal-covariance-inference|temporal_covariance_inference|alignment_jitter|exact_gaussian_oracle|raw_cartesian_failure_label_fraction|,failure_pattern,temporal-covariance-inference,temporal_covariance_inference,alignment_jitter,alignment_jitter,exact_gaussian_oracle,raw_cartesian_failure_label_fraction,,0,30,0,ok,,,temporal-covariance-inference/results.csv,failures are invalid plus nonconvergence; denominator is all task/scenario/method raw Cartesian rows
failure_pattern|temporal-covariance-inference|temporal_covariance_inference|alignment_jitter|independent_channel_gp|conditional_failure_rate|,failure_pattern,temporal-covariance-inference,temporal_covariance_inference,alignment_jitter,alignment_jitter,independent_channel_gp,conditional_failure_rate,,0,6,0,ok,,,temporal-covariance-inference/results.csv,failures are invalid plus nonconvergence; denominator is ok plus invalid plus nonconvergence rows
failure_pattern|temporal-covariance-inference|temporal_covariance_inference|alignment_jitter|independent_channel_gp|raw_cartesian_failure_label_fraction|,failure_pattern,temporal-covariance-inference,temporal_covariance_inference,alignment_jitter,alignment_jitter,independent_channel_gp,raw_cartesian_failure_label_fraction,,0,30,0,ok,,,temporal-covariance-inference/results.csv,failures are invalid plus nonconvergence; denominator is all task/scenario/method raw Cartesian rows
failure_pattern|temporal-covariance-inference|temporal_covariance_inference|alignment_jitter|known_gpfa|conditional_failure_rate|,failure_pattern,temporal-covariance-inference,temporal_covariance_inference,alignment_jitter,alignment_jitter,known_gpfa,conditional_failure_rate,,0,15,0,ok,,,temporal-covariance-inference/results.csv,failures are invalid plus nonconvergence; denominator is ok plus invalid plus nonconvergence rows
failure_pattern|temporal-covariance-inference|temporal_covariance_inference|alignment_jitter|known_gpfa|raw_cartesian_failure_label_fraction|,failure_pattern,temporal-covariance-inference,temporal_covariance_inference,alignment_jitter,alignment_jitter,known_gpfa,raw_cartesian_failure_label_fraction,,0,30,0,ok,,,temporal-covariance-inference/results.csv,failures are invalid plus nonconvergence; denominator is all task/scenario/method raw Cartesian rows
failure_pattern|temporal-covariance-inference|temporal_covariance_inference|alignment_jitter|mean_diagonal|conditional_failure_rate|,failure_pattern,temporal-covariance-inference,temporal_covariance_inference,alignment_jitter,alignment_jitter,mean_diagonal,conditional_failure_rate,,0,9,0,ok,,,temporal-covariance-inference/results.csv,failures are invalid plus nonconvergence; denominator is ok plus invalid plus nonconvergence rows
failure_pattern|temporal-covariance-inference|temporal_covariance_inference|alignment_jitter|mean_diagonal|raw_cartesian_failure_label_fraction|,failure_pattern,temporal-covariance-inference,temporal_covariance_inference,alignment_jitter,alignment_jitter,mean_diagonal,raw_cartesian_failure_label_fraction,,0,30,0,ok,,,temporal-covariance-inference/results.csv,failures are invalid plus nonconvergence; denominator is all task/scenario/method raw Cartesian rows
failure_pattern|temporal-covariance-inference|temporal_covariance_inference|alignment_jitter|selected_gpfa|conditional_failure_rate|,failure_pattern,temporal-covariance-inference,temporal_covariance_inference,alignment_jitter,alignment_jitter,selected_gpfa,conditional_failure_rate,,0,21,0,ok,,,temporal-covariance-inference/results.csv,failures are invalid plus nonconvergence; denominator is ok plus invalid plus nonconvergence rows
failure_pattern|temporal-covariance-inference|temporal_covariance_inference|alignment_jitter|selected_gpfa|raw_cartesian_failure_label_fraction|,failure_pattern,temporal-covariance-inference,temporal_covariance_inference,alignment_jitter,alignment_jitter,selected_gpfa,raw_cartesian_failure_label_fraction,,0,30,0,ok,,,temporal-covariance-inference/results.csv,failures are invalid plus nonconvergence; denominator is all task/scenario/method raw Cartesian rows
failure_pattern|temporal-covariance-inference|temporal_covariance_inference|alignment_jitter|static_factor|conditional_failure_rate|,failure_pattern,temporal-covariance-inference,temporal_covariance_inference,alignment_jitter,alignment_jitter,static_factor,conditional_failure_rate,,0,15,0,ok,,,temporal-covariance-inference/results.csv,failures are invalid plus nonconvergence; denominator is ok plus invalid plus nonconvergence rows
failure_pattern|temporal-covariance-inference|temporal_covariance_inference|alignment_jitter|static_factor|raw_cartesian_failure_label_fraction|,failure_pattern,temporal-covariance-inference,temporal_covariance_inference,alignment_jitter,alignment_jitter,static_factor,raw_cartesian_failure_label_fraction,,0,30,0,ok,,,temporal-covariance-inference/results.csv,failures are invalid plus nonconvergence; denominator is all task/scenario/method raw Cartesian rows
failure_pattern|temporal-covariance-inference|temporal_covariance_inference|alignment_jitter|two_stage_pca_smooth|conditional_failure_rate|,failure_pattern,temporal-covariance-inference,temporal_covariance_inference,alignment_jitter,alignment_jitter,two_stage_pca_smooth,conditional_failure_rate,,0,12,0,ok,,,temporal-covariance-inference/results.csv,failures are invalid plus nonconvergence; denominator is ok plus invalid plus nonconvergence rows
failure_pattern|temporal-covariance-inference|temporal_covariance_inference|alignment_jitter|two_stage_pca_smooth|raw_cartesian_failure_label_fraction|,failure_pattern,temporal-covariance-inference,temporal_covariance_inference,alignment_jitter,alignment_jitter,two_stage_pca_smooth,raw_cartesian_failure_label_fraction,,0,30,0,ok,,,temporal-covariance-inference/results.csv,failures are invalid plus nonconvergence; denominator is all task/scenario/method raw Cartesian rows
failure_pattern|temporal-covariance-inference|temporal_covariance_inference|alignment_jitter|wrong_ar_gpfa|conditional_failure_rate|,failure_pattern,temporal-covariance-inference,temporal_covariance_inference,alignment_jitter,alignment_jitter,wrong_ar_gpfa,conditional_failure_rate,,0,15,0,ok,,,temporal-covariance-inference/results.csv,failures are invalid plus nonconvergence; denominator is ok plus invalid plus nonconvergence rows
failure_pattern|temporal-covariance-inference|temporal_covariance_inference|alignment_jitter|wrong_ar_gpfa|raw_cartesian_failure_label_fraction|,failure_pattern,temporal-covariance-inference,temporal_covariance_inference,alignment_jitter,alignment_jitter,wrong_ar_gpfa,raw_cartesian_failure_label_fraction,,0,30,0,ok,,,temporal-covariance-inference/results.csv,failures are invalid plus nonconvergence; denominator is all task/scenario/method raw Cartesian rows
failure_pattern|temporal-covariance-inference|temporal_covariance_inference|alignment_jitter|wrong_timescale_gpfa|conditional_failure_rate|,failure_pattern,temporal-covariance-inference,temporal_covariance_inference,alignment_jitter,alignment_jitter,wrong_timescale_gpfa,conditional_failure_rate,,0,15,0,ok,,,temporal-covariance-inference/results.csv,failures are invalid plus nonconvergence; denominator is ok plus invalid plus nonconvergence rows
failure_pattern|temporal-covariance-inference|temporal_covariance_inference|alignment_jitter|wrong_timescale_gpfa|raw_cartesian_failure_label_fraction|,failure_pattern,temporal-covariance-inference,temporal_covariance_inference,alignment_jitter,alignment_jitter,wrong_timescale_gpfa,raw_cartesian_failure_label_fraction,,0,30,0,ok,,,temporal-covariance-inference/results.csv,failures are invalid plus nonconvergence; denominator is all task/scenario/method raw Cartesian rows
failure_pattern|temporal-covariance-inference|temporal_covariance_inference|channel_mask|ar_kalman_filter|conditional_failure_rate|,failure_pattern,temporal-covariance-inference,temporal_covariance_inference,channel_mask,channel_time_masks,ar_kalman_filter,conditional_failure_rate,,0,15,0,ok,,,temporal-covariance-inference/results.csv,failures are invalid plus nonconvergence; denominator is ok plus invalid plus nonconvergence rows
failure_pattern|temporal-covariance-inference|temporal_covariance_inference|channel_mask|ar_kalman_filter|raw_cartesian_failure_label_fraction|,failure_pattern,temporal-covariance-inference,temporal_covariance_inference,channel_mask,channel_time_masks,ar_kalman_filter,raw_cartesian_failure_label_fraction,,0,30,0,ok,,,temporal-covariance-inference/results.csv,failures are invalid plus nonconvergence; denominator is all task/scenario/method raw Cartesian rows
failure_pattern|temporal-covariance-inference|temporal_covariance_inference|channel_mask|ar_rts_smoother|conditional_failure_rate|,failure_pattern,temporal-covariance-inference,temporal_covariance_inference,channel_mask,channel_time_masks,ar_rts_smoother,conditional_failure_rate,,0,18,0,ok,,,temporal-covariance-inference/results.csv,failures are invalid plus nonconvergence; denominator is ok plus invalid plus nonconvergence rows
failure_pattern|temporal-covariance-inference|temporal_covariance_inference|channel_mask|ar_rts_smoother|raw_cartesian_failure_label_fraction|,failure_pattern,temporal-covariance-inference,temporal_covariance_inference,channel_mask,channel_time_masks,ar_rts_smoother,raw_cartesian_failure_label_fraction,,0,30,0,ok,,,temporal-covariance-inference/results.csv,failures are invalid plus nonconvergence; denominator is all task/scenario/method raw Cartesian rows
failure_pattern|temporal-covariance-inference|temporal_covariance_inference|channel_mask|exact_gaussian_oracle|conditional_failure_rate|,failure_pattern,temporal-covariance-inference,temporal_covariance_inference,channel_mask,channel_time_masks,exact_gaussian_oracle,conditional_failure_rate,,0,18,0,ok,,,temporal-covariance-inference/results.csv,failures are invalid plus nonconvergence; denominator is ok plus invalid plus nonconvergence rows
failure_pattern|temporal-covariance-inference|temporal_covariance_inference|channel_mask|exact_gaussian_oracle|raw_cartesian_failure_label_fraction|,failure_pattern,temporal-covariance-inference,temporal_covariance_inference,channel_mask,channel_time_masks,exact_gaussian_oracle,raw_cartesian_failure_label_fraction,,0,30,0,ok,,,temporal-covariance-inference/results.csv,failures are invalid plus nonconvergence; denominator is all task/scenario/method raw Cartesian rows
failure_pattern|temporal-covariance-inference|temporal_covariance_inference|channel_mask|independent_channel_gp|conditional_failure_rate|,failure_pattern,temporal-covariance-inference,temporal_covariance_inference,channel_mask,channel_time_masks,independent_channel_gp,conditional_failure_rate,,0,6,0,ok,,,temporal-covariance-inference/results.csv,failures are invalid plus nonconvergence; denominator is ok plus invalid plus nonconvergence rows
failure_pattern|temporal-covariance-inference|temporal_covariance_inference|channel_mask|independent_channel_gp|raw_cartesian_failure_label_fraction|,failure_pattern,temporal-covariance-inference,temporal_covariance_inference,channel_mask,channel_time_masks,independent_channel_gp,raw_cartesian_failure_label_fraction,,0,30,0,ok,,,temporal-covariance-inference/results.csv,failures are invalid plus nonconvergence; denominator is all task/scenario/method raw Cartesian rows
failure_pattern|temporal-covariance-inference|temporal_covariance_inference|channel_mask|known_gpfa|conditional_failure_rate|,failure_pattern,temporal-covariance-inference,temporal_covariance_inference,channel_mask,channel_time_masks,known_gpfa,conditional_failure_rate,,0,21,0,ok,,,temporal-covariance-inference/results.csv,failures are invalid plus nonconvergence; denominator is ok plus invalid plus nonconvergence rows
failure_pattern|temporal-covariance-inference|temporal_covariance_inference|channel_mask|known_gpfa|raw_cartesian_failure_label_fraction|,failure_pattern,temporal-covariance-inference,temporal_covariance_inference,channel_mask,channel_time_masks,known_gpfa,raw_cartesian_failure_label_fraction,,0,30,0,ok,,,temporal-covariance-inference/results.csv,failures are invalid plus nonconvergence; denominator is all task/scenario/method raw Cartesian rows
failure_pattern|temporal-covariance-inference|temporal_covariance_inference|channel_mask|mean_diagonal|conditional_failure_rate|,failure_pattern,temporal-covariance-inference,temporal_covariance_inference,channel_mask,channel_time_masks,mean_diagonal,conditional_failure_rate,,0,12,0,ok,,,temporal-covariance-inference/results.csv,failures are invalid plus nonconvergence; denominator is ok plus invalid plus nonconvergence rows
failure_pattern|temporal-covariance-inference|temporal_covariance_inference|channel_mask|mean_diagonal|raw_cartesian_failure_label_fraction|,failure_pattern,temporal-covariance-inference,temporal_covariance_inference,channel_mask,channel_time_masks,mean_diagonal,raw_cartesian_failure_label_fraction,,0,30,0,ok,,,temporal-covariance-inference/results.csv,failures are invalid plus nonconvergence; denominator is all task/scenario/method raw Cartesian rows
failure_pattern|temporal-covariance-inference|temporal_covariance_inference|channel_mask|selected_gpfa|conditional_failure_rate|,failure_pattern,temporal-covariance-inference,temporal_covariance_inference,channel_mask,channel_time_masks,selected_gpfa,conditional_failure_rate,,0,24,0,ok,,,temporal-covariance-inference/results.csv,failures are invalid plus nonconvergence; denominator is ok plus invalid plus nonconvergence rows
failure_pattern|temporal-covariance-inference|temporal_covariance_inference|channel_mask|selected_gpfa|raw_cartesian_failure_label_fraction|,failure_pattern,temporal-covariance-inference,temporal_covariance_inference,channel_mask,channel_time_masks,selected_gpfa,raw_cartesian_failure_label_fraction,,0,30,0,ok,,,temporal-covariance-inference/results.csv,failures are invalid plus nonconvergence; denominator is all task/scenario/method raw Cartesian rows
failure_pattern|temporal-covariance-inference|temporal_covariance_inference|channel_mask|static_factor|conditional_failure_rate|,failure_pattern,temporal-covariance-inference,temporal_covariance_inference,channel_mask,channel_time_masks,static_factor,conditional_failure_rate,,0,18,0,ok,,,temporal-covariance-inference/results.csv,failures are invalid plus nonconvergence; denominator is ok plus invalid plus nonconvergence rows
failure_pattern|temporal-covariance-inference|temporal_covariance_inference|channel_mask|static_factor|raw_cartesian_failure_label_fraction|,failure_pattern,temporal-covariance-inference,temporal_covariance_inference,channel_mask,channel_time_masks,static_factor,raw_cartesian_failure_label_fraction,,0,30,0,ok,,,temporal-covariance-inference/results.csv,failures are invalid plus nonconvergence; denominator is all task/scenario/method raw Cartesian rows
failure_pattern|temporal-covariance-inference|temporal_covariance_inference|channel_mask|two_stage_pca_smooth|conditional_failure_rate|,failure_pattern,temporal-covariance-inference,temporal_covariance_inference,channel_mask,channel_time_masks,two_stage_pca_smooth,conditional_failure_rate,,0,12,0,ok,,,temporal-covariance-inference/results.csv,failures are invalid plus nonconvergence; denominator is ok plus invalid plus nonconvergence rows
failure_pattern|temporal-covariance-inference|temporal_covariance_inference|channel_mask|two_stage_pca_smooth|raw_cartesian_failure_label_fraction|,failure_pattern,temporal-covariance-inference,temporal_covariance_inference,channel_mask,channel_time_masks,two_stage_pca_smooth,raw_cartesian_failure_label_fraction,,0,30,0,ok,,,temporal-covariance-inference/results.csv,failures are invalid plus nonconvergence; denominator is all task/scenario/method raw Cartesian rows
failure_pattern|temporal-covariance-inference|temporal_covariance_inference|channel_mask|wrong_ar_gpfa|conditional_failure_rate|,failure_pattern,temporal-covariance-inference,temporal_covariance_inference,channel_mask,channel_time_masks,wrong_ar_gpfa,conditional_failure_rate,,0,18,0,ok,,,temporal-covariance-inference/results.csv,failures are invalid plus nonconvergence; denominator is ok plus invalid plus nonconvergence rows
failure_pattern|temporal-covariance-inference|temporal_covariance_inference|channel_mask|wrong_ar_gpfa|raw_cartesian_failure_label_fraction|,failure_pattern,temporal-covariance-inference,temporal_covariance_inference,channel_mask,channel_time_masks,wrong_ar_gpfa,raw_cartesian_failure_label_fraction,,0,30,0,ok,,,temporal-covariance-inference/results.csv,failures are invalid plus nonconvergence; denominator is all task/scenario/method raw Cartesian rows
failure_pattern|temporal-covariance-inference|temporal_covariance_inference|channel_mask|wrong_timescale_gpfa|conditional_failure_rate|,failure_pattern,temporal-covariance-inference,temporal_covariance_inference,channel_mask,channel_time_masks,wrong_timescale_gpfa,conditional_failure_rate,,0,18,0,ok,,,temporal-covariance-inference/results.csv,failures are invalid plus nonconvergence; denominator is ok plus invalid plus nonconvergence rows
failure_pattern|temporal-covariance-inference|temporal_covariance_inference|channel_mask|wrong_timescale_gpfa|raw_cartesian_failure_label_fraction|,failure_pattern,temporal-covariance-inference,temporal_covariance_inference,channel_mask,channel_time_masks,wrong_timescale_gpfa,raw_cartesian_failure_label_fraction,,0,30,0,ok,,,temporal-covariance-inference/results.csv,failures are invalid plus nonconvergence; denominator is all task/scenario/method raw Cartesian rows
failure_pattern|temporal-covariance-inference|temporal_covariance_inference|close_timescales|ar_kalman_filter|conditional_failure_rate|,failure_pattern,temporal-covariance-inference,temporal_covariance_inference,close_timescales,timescale_separation,ar_kalman_filter,conditional_failure_rate,,0,15,0,ok,,,temporal-covariance-inference/results.csv,failures are invalid plus nonconvergence; denominator is ok plus invalid plus nonconvergence rows
failure_pattern|temporal-covariance-inference|temporal_covariance_inference|close_timescales|ar_kalman_filter|raw_cartesian_failure_label_fraction|,failure_pattern,temporal-covariance-inference,temporal_covariance_inference,close_timescales,timescale_separation,ar_kalman_filter,raw_cartesian_failure_label_fraction,,0,30,0,ok,,,temporal-covariance-inference/results.csv,failures are invalid plus nonconvergence; denominator is all task/scenario/method raw Cartesian rows
failure_pattern|temporal-covariance-inference|temporal_covariance_inference|close_timescales|ar_rts_smoother|conditional_failure_rate|,failure_pattern,temporal-covariance-inference,temporal_covariance_inference,close_timescales,timescale_separation,ar_rts_smoother,conditional_failure_rate,,0,18,0,ok,,,temporal-covariance-inference/results.csv,failures are invalid plus nonconvergence; denominator is ok plus invalid plus nonconvergence rows
failure_pattern|temporal-covariance-inference|temporal_covariance_inference|close_timescales|ar_rts_smoother|raw_cartesian_failure_label_fraction|,failure_pattern,temporal-covariance-inference,temporal_covariance_inference,close_timescales,timescale_separation,ar_rts_smoother,raw_cartesian_failure_label_fraction,,0,30,0,ok,,,temporal-covariance-inference/results.csv,failures are invalid plus nonconvergence; denominator is all task/scenario/method raw Cartesian rows
failure_pattern|temporal-covariance-inference|temporal_covariance_inference|close_timescales|exact_gaussian_oracle|conditional_failure_rate|,failure_pattern,temporal-covariance-inference,temporal_covariance_inference,close_timescales,timescale_separation,exact_gaussian_oracle,conditional_failure_rate,,0,18,0,ok,,,temporal-covariance-inference/results.csv,failures are invalid plus nonconvergence; denominator is ok plus invalid plus nonconvergence rows
failure_pattern|temporal-covariance-inference|temporal_covariance_inference|close_timescales|exact_gaussian_oracle|raw_cartesian_failure_label_fraction|,failure_pattern,temporal-covariance-inference,temporal_covariance_inference,close_timescales,timescale_separation,exact_gaussian_oracle,raw_cartesian_failure_label_fraction,,0,30,0,ok,,,temporal-covariance-inference/results.csv,failures are invalid plus nonconvergence; denominator is all task/scenario/method raw Cartesian rows
failure_pattern|temporal-covariance-inference|temporal_covariance_inference|close_timescales|independent_channel_gp|conditional_failure_rate|,failure_pattern,temporal-covariance-inference,temporal_covariance_inference,close_timescales,timescale_separation,independent_channel_gp,conditional_failure_rate,,0,6,0,ok,,,temporal-covariance-inference/results.csv,failures are invalid plus nonconvergence; denominator is ok plus invalid plus nonconvergence rows
failure_pattern|temporal-covariance-inference|temporal_covariance_inference|close_timescales|independent_channel_gp|raw_cartesian_failure_label_fraction|,failure_pattern,temporal-covariance-inference,temporal_covariance_inference,close_timescales,timescale_separation,independent_channel_gp,raw_cartesian_failure_label_fraction,,0,30,0,ok,,,temporal-covariance-inference/results.csv,failures are invalid plus nonconvergence; denominator is all task/scenario/method raw Cartesian rows
failure_pattern|temporal-covariance-inference|temporal_covariance_inference|close_timescales|known_gpfa|conditional_failure_rate|,failure_pattern,temporal-covariance-inference,temporal_covariance_inference,close_timescales,timescale_separation,known_gpfa,conditional_failure_rate,,0,21,0,ok,,,temporal-covariance-inference/results.csv,failures are invalid plus nonconvergence; denominator is ok plus invalid plus nonconvergence rows
failure_pattern|temporal-covariance-inference|temporal_covariance_inference|close_timescales|known_gpfa|raw_cartesian_failure_label_fraction|,failure_pattern,temporal-covariance-inference,temporal_covariance_inference,close_timescales,timescale_separation,known_gpfa,raw_cartesian_failure_label_fraction,,0,30,0,ok,,,temporal-covariance-inference/results.csv,failures are invalid plus nonconvergence; denominator is all task/scenario/method raw Cartesian rows
failure_pattern|temporal-covariance-inference|temporal_covariance_inference|close_timescales|mean_diagonal|conditional_failure_rate|,failure_pattern,temporal-covariance-inference,temporal_covariance_inference,close_timescales,timescale_separation,mean_diagonal,conditional_failure_rate,,0,12,0,ok,,,temporal-covariance-inference/results.csv,failures are invalid plus nonconvergence; denominator is ok plus invalid plus nonconvergence rows
failure_pattern|temporal-covariance-inference|temporal_covariance_inference|close_timescales|mean_diagonal|raw_cartesian_failure_label_fraction|,failure_pattern,temporal-covariance-inference,temporal_covariance_inference,close_timescales,timescale_separation,mean_diagonal,raw_cartesian_failure_label_fraction,,0,30,0,ok,,,temporal-covariance-inference/results.csv,failures are invalid plus nonconvergence; denominator is all task/scenario/method raw Cartesian rows
failure_pattern|temporal-covariance-inference|temporal_covariance_inference|close_timescales|selected_gpfa|conditional_failure_rate|,failure_pattern,temporal-covariance-inference,temporal_covariance_inference,close_timescales,timescale_separation,selected_gpfa,conditional_failure_rate,,0,24,0,ok,,,temporal-covariance-inference/results.csv,failures are invalid plus nonconvergence; denominator is ok plus invalid plus nonconvergence rows
failure_pattern|temporal-covariance-inference|temporal_covariance_inference|close_timescales|selected_gpfa|raw_cartesian_failure_label_fraction|,failure_pattern,temporal-covariance-inference,temporal_covariance_inference,close_timescales,timescale_separation,selected_gpfa,raw_cartesian_failure_label_fraction,,0,30,0,ok,,,temporal-covariance-inference/results.csv,failures are invalid plus nonconvergence; denominator is all task/scenario/method raw Cartesian rows
failure_pattern|temporal-covariance-inference|temporal_covariance_inference|close_timescales|static_factor|conditional_failure_rate|,failure_pattern,temporal-covariance-inference,temporal_covariance_inference,close_timescales,timescale_separation,static_factor,conditional_failure_rate,,0,18,0,ok,,,temporal-covariance-inference/results.csv,failures are invalid plus nonconvergence; denominator is ok plus invalid plus nonconvergence rows
failure_pattern|temporal-covariance-inference|temporal_covariance_inference|close_timescales|static_factor|raw_cartesian_failure_label_fraction|,failure_pattern,temporal-covariance-inference,temporal_covariance_inference,close_timescales,timescale_separation,static_factor,raw_cartesian_failure_label_fraction,,0,30,0,ok,,,temporal-covariance-inference/results.csv,failures are invalid plus nonconvergence; denominator is all task/scenario/method raw Cartesian rows
failure_pattern|temporal-covariance-inference|temporal_covariance_inference|close_timescales|two_stage_pca_smooth|conditional_failure_rate|,failure_pattern,temporal-covariance-inference,temporal_covariance_inference,close_timescales,timescale_separation,two_stage_pca_smooth,conditional_failure_rate,,0,12,0,ok,,,temporal-covariance-inference/results.csv,failures are invalid plus nonconvergence; denominator is ok plus invalid plus nonconvergence rows
failure_pattern|temporal-covariance-inference|temporal_covariance_inference|close_timescales|two_stage_pca_smooth|raw_cartesian_failure_label_fraction|,failure_pattern,temporal-covariance-inference,temporal_covariance_inference,close_timescales,timescale_separation,two_stage_pca_smooth,raw_cartesian_failure_label_fraction,,0,30,0,ok,,,temporal-covariance-inference/results.csv,failures are invalid plus nonconvergence; denominator is all task/scenario/method raw Cartesian rows
failure_pattern|temporal-covariance-inference|temporal_covariance_inference|close_timescales|wrong_ar_gpfa|conditional_failure_rate|,failure_pattern,temporal-covariance-inference,temporal_covariance_inference,close_timescales,timescale_separation,wrong_ar_gpfa,conditional_failure_rate,,0,18,0,ok,,,temporal-covariance-inference/results.csv,failures are invalid plus nonconvergence; denominator is ok plus invalid plus nonconvergence rows
failure_pattern|temporal-covariance-inference|temporal_covariance_inference|close_timescales|wrong_ar_gpfa|raw_cartesian_failure_label_fraction|,failure_pattern,temporal-covariance-inference,temporal_covariance_inference,close_timescales,timescale_separation,wrong_ar_gpfa,raw_cartesian_failure_label_fraction,,0,30,0,ok,,,temporal-covariance-inference/results.csv,failures are invalid plus nonconvergence; denominator is all task/scenario/method raw Cartesian rows
failure_pattern|temporal-covariance-inference|temporal_covariance_inference|close_timescales|wrong_timescale_gpfa|conditional_failure_rate|,failure_pattern,temporal-covariance-inference,temporal_covariance_inference,close_timescales,timescale_separation,wrong_timescale_gpfa,conditional_failure_rate,,0,18,0,ok,,,temporal-covariance-inference/results.csv,failures are invalid plus nonconvergence; denominator is ok plus invalid plus nonconvergence rows
failure_pattern|temporal-covariance-inference|temporal_covariance_inference|close_timescales|wrong_timescale_gpfa|raw_cartesian_failure_label_fraction|,failure_pattern,temporal-covariance-inference,temporal_covariance_inference,close_timescales,timescale_separation,wrong_timescale_gpfa,raw_cartesian_failure_label_fraction,,0,30,0,ok,,,temporal-covariance-inference/results.csv,failures are invalid plus nonconvergence; denominator is all task/scenario/method raw Cartesian rows
failure_pattern|temporal-covariance-inference|temporal_covariance_inference|correlated_residuals|ar_kalman_filter|conditional_failure_rate|,failure_pattern,temporal-covariance-inference,temporal_covariance_inference,correlated_residuals,correlated_residuals,ar_kalman_filter,conditional_failure_rate,,0,15,0,ok,,,temporal-covariance-inference/results.csv,failures are invalid plus nonconvergence; denominator is ok plus invalid plus nonconvergence rows
failure_pattern|temporal-covariance-inference|temporal_covariance_inference|correlated_residuals|ar_kalman_filter|raw_cartesian_failure_label_fraction|,failure_pattern,temporal-covariance-inference,temporal_covariance_inference,correlated_residuals,correlated_residuals,ar_kalman_filter,raw_cartesian_failure_label_fraction,,0,30,0,ok,,,temporal-covariance-inference/results.csv,failures are invalid plus nonconvergence; denominator is all task/scenario/method raw Cartesian rows
failure_pattern|temporal-covariance-inference|temporal_covariance_inference|correlated_residuals|ar_rts_smoother|conditional_failure_rate|,failure_pattern,temporal-covariance-inference,temporal_covariance_inference,correlated_residuals,correlated_residuals,ar_rts_smoother,conditional_failure_rate,,0,18,0,ok,,,temporal-covariance-inference/results.csv,failures are invalid plus nonconvergence; denominator is ok plus invalid plus nonconvergence rows
failure_pattern|temporal-covariance-inference|temporal_covariance_inference|correlated_residuals|ar_rts_smoother|raw_cartesian_failure_label_fraction|,failure_pattern,temporal-covariance-inference,temporal_covariance_inference,correlated_residuals,correlated_residuals,ar_rts_smoother,raw_cartesian_failure_label_fraction,,0,30,0,ok,,,temporal-covariance-inference/results.csv,failures are invalid plus nonconvergence; denominator is all task/scenario/method raw Cartesian rows
failure_pattern|temporal-covariance-inference|temporal_covariance_inference|correlated_residuals|exact_gaussian_oracle|conditional_failure_rate|,failure_pattern,temporal-covariance-inference,temporal_covariance_inference,correlated_residuals,correlated_residuals,exact_gaussian_oracle,conditional_failure_rate,,0,18,0,ok,,,temporal-covariance-inference/results.csv,failures are invalid plus nonconvergence; denominator is ok plus invalid plus nonconvergence rows
failure_pattern|temporal-covariance-inference|temporal_covariance_inference|correlated_residuals|exact_gaussian_oracle|raw_cartesian_failure_label_fraction|,failure_pattern,temporal-covariance-inference,temporal_covariance_inference,correlated_residuals,correlated_residuals,exact_gaussian_oracle,raw_cartesian_failure_label_fraction,,0,30,0,ok,,,temporal-covariance-inference/results.csv,failures are invalid plus nonconvergence; denominator is all task/scenario/method raw Cartesian rows
failure_pattern|temporal-covariance-inference|temporal_covariance_inference|correlated_residuals|independent_channel_gp|conditional_failure_rate|,failure_pattern,temporal-covariance-inference,temporal_covariance_inference,correlated_residuals,correlated_residuals,independent_channel_gp,conditional_failure_rate,,0,6,0,ok,,,temporal-covariance-inference/results.csv,failures are invalid plus nonconvergence; denominator is ok plus invalid plus nonconvergence rows
failure_pattern|temporal-covariance-inference|temporal_covariance_inference|correlated_residuals|independent_channel_gp|raw_cartesian_failure_label_fraction|,failure_pattern,temporal-covariance-inference,temporal_covariance_inference,correlated_residuals,correlated_residuals,independent_channel_gp,raw_cartesian_failure_label_fraction,,0,30,0,ok,,,temporal-covariance-inference/results.csv,failures are invalid plus nonconvergence; denominator is all task/scenario/method raw Cartesian rows
failure_pattern|temporal-covariance-inference|temporal_covariance_inference|correlated_residuals|known_gpfa|conditional_failure_rate|,failure_pattern,temporal-covariance-inference,temporal_covariance_inference,correlated_residuals,correlated_residuals,known_gpfa,conditional_failure_rate,,0,18,0,ok,,,temporal-covariance-inference/results.csv,failures are invalid plus nonconvergence; denominator is ok plus invalid plus nonconvergence rows
failure_pattern|temporal-covariance-inference|temporal_covariance_inference|correlated_residuals|known_gpfa|raw_cartesian_failure_label_fraction|,failure_pattern,temporal-covariance-inference,temporal_covariance_inference,correlated_residuals,correlated_residuals,known_gpfa,raw_cartesian_failure_label_fraction,,0,30,0,ok,,,temporal-covariance-inference/results.csv,failures are invalid plus nonconvergence; denominator is all task/scenario/method raw Cartesian rows
failure_pattern|temporal-covariance-inference|temporal_covariance_inference|correlated_residuals|mean_diagonal|conditional_failure_rate|,failure_pattern,temporal-covariance-inference,temporal_covariance_inference,correlated_residuals,correlated_residuals,mean_diagonal,conditional_failure_rate,,0,12,0,ok,,,temporal-covariance-inference/results.csv,failures are invalid plus nonconvergence; denominator is ok plus invalid plus nonconvergence rows
failure_pattern|temporal-covariance-inference|temporal_covariance_inference|correlated_residuals|mean_diagonal|raw_cartesian_failure_label_fraction|,failure_pattern,temporal-covariance-inference,temporal_covariance_inference,correlated_residuals,correlated_residuals,mean_diagonal,raw_cartesian_failure_label_fraction,,0,30,0,ok,,,temporal-covariance-inference/results.csv,failures are invalid plus nonconvergence; denominator is all task/scenario/method raw Cartesian rows
failure_pattern|temporal-covariance-inference|temporal_covariance_inference|correlated_residuals|selected_gpfa|conditional_failure_rate|,failure_pattern,temporal-covariance-inference,temporal_covariance_inference,correlated_residuals,correlated_residuals,selected_gpfa,conditional_failure_rate,,0,24,0,ok,,,temporal-covariance-inference/results.csv,failures are invalid plus nonconvergence; denominator is ok plus invalid plus nonconvergence rows
failure_pattern|temporal-covariance-inference|temporal_covariance_inference|correlated_residuals|selected_gpfa|raw_cartesian_failure_label_fraction|,failure_pattern,temporal-covariance-inference,temporal_covariance_inference,correlated_residuals,correlated_residuals,selected_gpfa,raw_cartesian_failure_label_fraction,,0,30,0,ok,,,temporal-covariance-inference/results.csv,failures are invalid plus nonconvergence; denominator is all task/scenario/method raw Cartesian rows
failure_pattern|temporal-covariance-inference|temporal_covariance_inference|correlated_residuals|static_factor|conditional_failure_rate|,failure_pattern,temporal-covariance-inference,temporal_covariance_inference,correlated_residuals,correlated_residuals,static_factor,conditional_failure_rate,,0,18,0,ok,,,temporal-covariance-inference/results.csv,failures are invalid plus nonconvergence; denominator is ok plus invalid plus nonconvergence rows
failure_pattern|temporal-covariance-inference|temporal_covariance_inference|correlated_residuals|static_factor|raw_cartesian_failure_label_fraction|,failure_pattern,temporal-covariance-inference,temporal_covariance_inference,correlated_residuals,correlated_residuals,static_factor,raw_cartesian_failure_label_fraction,,0,30,0,ok,,,temporal-covariance-inference/results.csv,failures are invalid plus nonconvergence; denominator is all task/scenario/method raw Cartesian rows
failure_pattern|temporal-covariance-inference|temporal_covariance_inference|correlated_residuals|two_stage_pca_smooth|conditional_failure_rate|,failure_pattern,temporal-covariance-inference,temporal_covariance_inference,correlated_residuals,correlated_residuals,two_stage_pca_smooth,conditional_failure_rate,,0,12,0,ok,,,temporal-covariance-inference/results.csv,failures are invalid plus nonconvergence; denominator is ok plus invalid plus nonconvergence rows
failure_pattern|temporal-covariance-inference|temporal_covariance_inference|correlated_residuals|two_stage_pca_smooth|raw_cartesian_failure_label_fraction|,failure_pattern,temporal-covariance-inference,temporal_covariance_inference,correlated_residuals,correlated_residuals,two_stage_pca_smooth,raw_cartesian_failure_label_fraction,,0,30,0,ok,,,temporal-covariance-inference/results.csv,failures are invalid plus nonconvergence; denominator is all task/scenario/method raw Cartesian rows
failure_pattern|temporal-covariance-inference|temporal_covariance_inference|correlated_residuals|wrong_ar_gpfa|conditional_failure_rate|,failure_pattern,temporal-covariance-inference,temporal_covariance_inference,correlated_residuals,correlated_residuals,wrong_ar_gpfa,conditional_failure_rate,,0,18,0,ok,,,temporal-covariance-inference/results.csv,failures are invalid plus nonconvergence; denominator is ok plus invalid plus nonconvergence rows
failure_pattern|temporal-covariance-inference|temporal_covariance_inference|correlated_residuals|wrong_ar_gpfa|raw_cartesian_failure_label_fraction|,failure_pattern,temporal-covariance-inference,temporal_covariance_inference,correlated_residuals,correlated_residuals,wrong_ar_gpfa,raw_cartesian_failure_label_fraction,,0,30,0,ok,,,temporal-covariance-inference/results.csv,failures are invalid plus nonconvergence; denominator is all task/scenario/method raw Cartesian rows
failure_pattern|temporal-covariance-inference|temporal_covariance_inference|correlated_residuals|wrong_timescale_gpfa|conditional_failure_rate|,failure_pattern,temporal-covariance-inference,temporal_covariance_inference,correlated_residuals,correlated_residuals,wrong_timescale_gpfa,conditional_failure_rate,,0,18,0,ok,,,temporal-covariance-inference/results.csv,failures are invalid plus nonconvergence; denominator is ok plus invalid plus nonconvergence rows
failure_pattern|temporal-covariance-inference|temporal_covariance_inference|correlated_residuals|wrong_timescale_gpfa|raw_cartesian_failure_label_fraction|,failure_pattern,temporal-covariance-inference,temporal_covariance_inference,correlated_residuals,correlated_residuals,wrong_timescale_gpfa,raw_cartesian_failure_label_fraction,,0,30,0,ok,,,temporal-covariance-inference/results.csv,failures are invalid plus nonconvergence; denominator is all task/scenario/method raw Cartesian rows
failure_pattern|temporal-covariance-inference|temporal_covariance_inference|equal_kernels|ar_kalman_filter|conditional_failure_rate|,failure_pattern,temporal-covariance-inference,temporal_covariance_inference,equal_kernels,equal_kernels,ar_kalman_filter,conditional_failure_rate,,0,15,0,ok,,,temporal-covariance-inference/results.csv,failures are invalid plus nonconvergence; denominator is ok plus invalid plus nonconvergence rows
failure_pattern|temporal-covariance-inference|temporal_covariance_inference|equal_kernels|ar_kalman_filter|raw_cartesian_failure_label_fraction|,failure_pattern,temporal-covariance-inference,temporal_covariance_inference,equal_kernels,equal_kernels,ar_kalman_filter,raw_cartesian_failure_label_fraction,,0,30,0,ok,,,temporal-covariance-inference/results.csv,failures are invalid plus nonconvergence; denominator is all task/scenario/method raw Cartesian rows
failure_pattern|temporal-covariance-inference|temporal_covariance_inference|equal_kernels|ar_rts_smoother|conditional_failure_rate|,failure_pattern,temporal-covariance-inference,temporal_covariance_inference,equal_kernels,equal_kernels,ar_rts_smoother,conditional_failure_rate,,0,18,0,ok,,,temporal-covariance-inference/results.csv,failures are invalid plus nonconvergence; denominator is ok plus invalid plus nonconvergence rows
failure_pattern|temporal-covariance-inference|temporal_covariance_inference|equal_kernels|ar_rts_smoother|raw_cartesian_failure_label_fraction|,failure_pattern,temporal-covariance-inference,temporal_covariance_inference,equal_kernels,equal_kernels,ar_rts_smoother,raw_cartesian_failure_label_fraction,,0,30,0,ok,,,temporal-covariance-inference/results.csv,failures are invalid plus nonconvergence; denominator is all task/scenario/method raw Cartesian rows
failure_pattern|temporal-covariance-inference|temporal_covariance_inference|equal_kernels|exact_gaussian_oracle|conditional_failure_rate|,failure_pattern,temporal-covariance-inference,temporal_covariance_inference,equal_kernels,equal_kernels,exact_gaussian_oracle,conditional_failure_rate,,0,18,0,ok,,,temporal-covariance-inference/results.csv,failures are invalid plus nonconvergence; denominator is ok plus invalid plus nonconvergence rows
failure_pattern|temporal-covariance-inference|temporal_covariance_inference|equal_kernels|exact_gaussian_oracle|raw_cartesian_failure_label_fraction|,failure_pattern,temporal-covariance-inference,temporal_covariance_inference,equal_kernels,equal_kernels,exact_gaussian_oracle,raw_cartesian_failure_label_fraction,,0,30,0,ok,,,temporal-covariance-inference/results.csv,failures are invalid plus nonconvergence; denominator is all task/scenario/method raw Cartesian rows
failure_pattern|temporal-covariance-inference|temporal_covariance_inference|equal_kernels|independent_channel_gp|conditional_failure_rate|,failure_pattern,temporal-covariance-inference,temporal_covariance_inference,equal_kernels,equal_kernels,independent_channel_gp,conditional_failure_rate,,0,6,0,ok,,,temporal-covariance-inference/results.csv,failures are invalid plus nonconvergence; denominator is ok plus invalid plus nonconvergence rows
failure_pattern|temporal-covariance-inference|temporal_covariance_inference|equal_kernels|independent_channel_gp|raw_cartesian_failure_label_fraction|,failure_pattern,temporal-covariance-inference,temporal_covariance_inference,equal_kernels,equal_kernels,independent_channel_gp,raw_cartesian_failure_label_fraction,,0,30,0,ok,,,temporal-covariance-inference/results.csv,failures are invalid plus nonconvergence; denominator is all task/scenario/method raw Cartesian rows
failure_pattern|temporal-covariance-inference|temporal_covariance_inference|equal_kernels|known_gpfa|conditional_failure_rate|,failure_pattern,temporal-covariance-inference,temporal_covariance_inference,equal_kernels,equal_kernels,known_gpfa,conditional_failure_rate,,0,21,0,ok,,,temporal-covariance-inference/results.csv,failures are invalid plus nonconvergence; denominator is ok plus invalid plus nonconvergence rows
failure_pattern|temporal-covariance-inference|temporal_covariance_inference|equal_kernels|known_gpfa|raw_cartesian_failure_label_fraction|,failure_pattern,temporal-covariance-inference,temporal_covariance_inference,equal_kernels,equal_kernels,known_gpfa,raw_cartesian_failure_label_fraction,,0,30,0,ok,,,temporal-covariance-inference/results.csv,failures are invalid plus nonconvergence; denominator is all task/scenario/method raw Cartesian rows
failure_pattern|temporal-covariance-inference|temporal_covariance_inference|equal_kernels|mean_diagonal|conditional_failure_rate|,failure_pattern,temporal-covariance-inference,temporal_covariance_inference,equal_kernels,equal_kernels,mean_diagonal,conditional_failure_rate,,0,12,0,ok,,,temporal-covariance-inference/results.csv,failures are invalid plus nonconvergence; denominator is ok plus invalid plus nonconvergence rows
failure_pattern|temporal-covariance-inference|temporal_covariance_inference|equal_kernels|mean_diagonal|raw_cartesian_failure_label_fraction|,failure_pattern,temporal-covariance-inference,temporal_covariance_inference,equal_kernels,equal_kernels,mean_diagonal,raw_cartesian_failure_label_fraction,,0,30,0,ok,,,temporal-covariance-inference/results.csv,failures are invalid plus nonconvergence; denominator is all task/scenario/method raw Cartesian rows
failure_pattern|temporal-covariance-inference|temporal_covariance_inference|equal_kernels|selected_gpfa|conditional_failure_rate|,failure_pattern,temporal-covariance-inference,temporal_covariance_inference,equal_kernels,equal_kernels,selected_gpfa,conditional_failure_rate,,0,24,0,ok,,,temporal-covariance-inference/results.csv,failures are invalid plus nonconvergence; denominator is ok plus invalid plus nonconvergence rows
failure_pattern|temporal-covariance-inference|temporal_covariance_inference|equal_kernels|selected_gpfa|raw_cartesian_failure_label_fraction|,failure_pattern,temporal-covariance-inference,temporal_covariance_inference,equal_kernels,equal_kernels,selected_gpfa,raw_cartesian_failure_label_fraction,,0,30,0,ok,,,temporal-covariance-inference/results.csv,failures are invalid plus nonconvergence; denominator is all task/scenario/method raw Cartesian rows
failure_pattern|temporal-covariance-inference|temporal_covariance_inference|equal_kernels|static_factor|conditional_failure_rate|,failure_pattern,temporal-covariance-inference,temporal_covariance_inference,equal_kernels,equal_kernels,static_factor,conditional_failure_rate,,0,18,0,ok,,,temporal-covariance-inference/results.csv,failures are invalid plus nonconvergence; denominator is ok plus invalid plus nonconvergence rows
failure_pattern|temporal-covariance-inference|temporal_covariance_inference|equal_kernels|static_factor|raw_cartesian_failure_label_fraction|,failure_pattern,temporal-covariance-inference,temporal_covariance_inference,equal_kernels,equal_kernels,static_factor,raw_cartesian_failure_label_fraction,,0,30,0,ok,,,temporal-covariance-inference/results.csv,failures are invalid plus nonconvergence; denominator is all task/scenario/method raw Cartesian rows
failure_pattern|temporal-covariance-inference|temporal_covariance_inference|equal_kernels|two_stage_pca_smooth|conditional_failure_rate|,failure_pattern,temporal-covariance-inference,temporal_covariance_inference,equal_kernels,equal_kernels,two_stage_pca_smooth,conditional_failure_rate,,0,12,0,ok,,,temporal-covariance-inference/results.csv,failures are invalid plus nonconvergence; denominator is ok plus invalid plus nonconvergence rows
failure_pattern|temporal-covariance-inference|temporal_covariance_inference|equal_kernels|two_stage_pca_smooth|raw_cartesian_failure_label_fraction|,failure_pattern,temporal-covariance-inference,temporal_covariance_inference,equal_kernels,equal_kernels,two_stage_pca_smooth,raw_cartesian_failure_label_fraction,,0,30,0,ok,,,temporal-covariance-inference/results.csv,failures are invalid plus nonconvergence; denominator is all task/scenario/method raw Cartesian rows
failure_pattern|temporal-covariance-inference|temporal_covariance_inference|equal_kernels|wrong_ar_gpfa|conditional_failure_rate|,failure_pattern,temporal-covariance-inference,temporal_covariance_inference,equal_kernels,equal_kernels,wrong_ar_gpfa,conditional_failure_rate,,0,18,0,ok,,,temporal-covariance-inference/results.csv,failures are invalid plus nonconvergence; denominator is ok plus invalid plus nonconvergence rows
failure_pattern|temporal-covariance-inference|temporal_covariance_inference|equal_kernels|wrong_ar_gpfa|raw_cartesian_failure_label_fraction|,failure_pattern,temporal-covariance-inference,temporal_covariance_inference,equal_kernels,equal_kernels,wrong_ar_gpfa,raw_cartesian_failure_label_fraction,,0,30,0,ok,,,temporal-covariance-inference/results.csv,failures are invalid plus nonconvergence; denominator is all task/scenario/method raw Cartesian rows
failure_pattern|temporal-covariance-inference|temporal_covariance_inference|equal_kernels|wrong_timescale_gpfa|conditional_failure_rate|,failure_pattern,temporal-covariance-inference,temporal_covariance_inference,equal_kernels,equal_kernels,wrong_timescale_gpfa,conditional_failure_rate,,0,18,0,ok,,,temporal-covariance-inference/results.csv,failures are invalid plus nonconvergence; denominator is ok plus invalid plus nonconvergence rows
failure_pattern|temporal-covariance-inference|temporal_covariance_inference|equal_kernels|wrong_timescale_gpfa|raw_cartesian_failure_label_fraction|,failure_pattern,temporal-covariance-inference,temporal_covariance_inference,equal_kernels,equal_kernels,wrong_timescale_gpfa,raw_cartesian_failure_label_fraction,,0,30,0,ok,,,temporal-covariance-inference/results.csv,failures are invalid plus nonconvergence; denominator is all task/scenario/method raw Cartesian rows
failure_pattern|temporal-covariance-inference|temporal_covariance_inference|high_trial_count|ar_kalman_filter|conditional_failure_rate|,failure_pattern,temporal-covariance-inference,temporal_covariance_inference,high_trial_count,trial_sample_size,ar_kalman_filter,conditional_failure_rate,,0,15,0,ok,,,temporal-covariance-inference/results.csv,failures are invalid plus nonconvergence; denominator is ok plus invalid plus nonconvergence rows
failure_pattern|temporal-covariance-inference|temporal_covariance_inference|high_trial_count|ar_kalman_filter|raw_cartesian_failure_label_fraction|,failure_pattern,temporal-covariance-inference,temporal_covariance_inference,high_trial_count,trial_sample_size,ar_kalman_filter,raw_cartesian_failure_label_fraction,,0,30,0,ok,,,temporal-covariance-inference/results.csv,failures are invalid plus nonconvergence; denominator is all task/scenario/method raw Cartesian rows
failure_pattern|temporal-covariance-inference|temporal_covariance_inference|high_trial_count|ar_rts_smoother|conditional_failure_rate|,failure_pattern,temporal-covariance-inference,temporal_covariance_inference,high_trial_count,trial_sample_size,ar_rts_smoother,conditional_failure_rate,,0,18,0,ok,,,temporal-covariance-inference/results.csv,failures are invalid plus nonconvergence; denominator is ok plus invalid plus nonconvergence rows
failure_pattern|temporal-covariance-inference|temporal_covariance_inference|high_trial_count|ar_rts_smoother|raw_cartesian_failure_label_fraction|,failure_pattern,temporal-covariance-inference,temporal_covariance_inference,high_trial_count,trial_sample_size,ar_rts_smoother,raw_cartesian_failure_label_fraction,,0,30,0,ok,,,temporal-covariance-inference/results.csv,failures are invalid plus nonconvergence; denominator is all task/scenario/method raw Cartesian rows
failure_pattern|temporal-covariance-inference|temporal_covariance_inference|high_trial_count|exact_gaussian_oracle|conditional_failure_rate|,failure_pattern,temporal-covariance-inference,temporal_covariance_inference,high_trial_count,trial_sample_size,exact_gaussian_oracle,conditional_failure_rate,,0,18,0,ok,,,temporal-covariance-inference/results.csv,failures are invalid plus nonconvergence; denominator is ok plus invalid plus nonconvergence rows
failure_pattern|temporal-covariance-inference|temporal_covariance_inference|high_trial_count|exact_gaussian_oracle|raw_cartesian_failure_label_fraction|,failure_pattern,temporal-covariance-inference,temporal_covariance_inference,high_trial_count,trial_sample_size,exact_gaussian_oracle,raw_cartesian_failure_label_fraction,,0,30,0,ok,,,temporal-covariance-inference/results.csv,failures are invalid plus nonconvergence; denominator is all task/scenario/method raw Cartesian rows
failure_pattern|temporal-covariance-inference|temporal_covariance_inference|high_trial_count|independent_channel_gp|conditional_failure_rate|,failure_pattern,temporal-covariance-inference,temporal_covariance_inference,high_trial_count,trial_sample_size,independent_channel_gp,conditional_failure_rate,,0,6,0,ok,,,temporal-covariance-inference/results.csv,failures are invalid plus nonconvergence; denominator is ok plus invalid plus nonconvergence rows
failure_pattern|temporal-covariance-inference|temporal_covariance_inference|high_trial_count|independent_channel_gp|raw_cartesian_failure_label_fraction|,failure_pattern,temporal-covariance-inference,temporal_covariance_inference,high_trial_count,trial_sample_size,independent_channel_gp,raw_cartesian_failure_label_fraction,,0,30,0,ok,,,temporal-covariance-inference/results.csv,failures are invalid plus nonconvergence; denominator is all task/scenario/method raw Cartesian rows
failure_pattern|temporal-covariance-inference|temporal_covariance_inference|high_trial_count|known_gpfa|conditional_failure_rate|,failure_pattern,temporal-covariance-inference,temporal_covariance_inference,high_trial_count,trial_sample_size,known_gpfa,conditional_failure_rate,,0,21,0,ok,,,temporal-covariance-inference/results.csv,failures are invalid plus nonconvergence; denominator is ok plus invalid plus nonconvergence rows
failure_pattern|temporal-covariance-inference|temporal_covariance_inference|high_trial_count|known_gpfa|raw_cartesian_failure_label_fraction|,failure_pattern,temporal-covariance-inference,temporal_covariance_inference,high_trial_count,trial_sample_size,known_gpfa,raw_cartesian_failure_label_fraction,,0,30,0,ok,,,temporal-covariance-inference/results.csv,failures are invalid plus nonconvergence; denominator is all task/scenario/method raw Cartesian rows
failure_pattern|temporal-covariance-inference|temporal_covariance_inference|high_trial_count|mean_diagonal|conditional_failure_rate|,failure_pattern,temporal-covariance-inference,temporal_covariance_inference,high_trial_count,trial_sample_size,mean_diagonal,conditional_failure_rate,,0,12,0,ok,,,temporal-covariance-inference/results.csv,failures are invalid plus nonconvergence; denominator is ok plus invalid plus nonconvergence rows
failure_pattern|temporal-covariance-inference|temporal_covariance_inference|high_trial_count|mean_diagonal|raw_cartesian_failure_label_fraction|,failure_pattern,temporal-covariance-inference,temporal_covariance_inference,high_trial_count,trial_sample_size,mean_diagonal,raw_cartesian_failure_label_fraction,,0,30,0,ok,,,temporal-covariance-inference/results.csv,failures are invalid plus nonconvergence; denominator is all task/scenario/method raw Cartesian rows
failure_pattern|temporal-covariance-inference|temporal_covariance_inference|high_trial_count|selected_gpfa|conditional_failure_rate|,failure_pattern,temporal-covariance-inference,temporal_covariance_inference,high_trial_count,trial_sample_size,selected_gpfa,conditional_failure_rate,,0,24,0,ok,,,temporal-covariance-inference/results.csv,failures are invalid plus nonconvergence; denominator is ok plus invalid plus nonconvergence rows
failure_pattern|temporal-covariance-inference|temporal_covariance_inference|high_trial_count|selected_gpfa|raw_cartesian_failure_label_fraction|,failure_pattern,temporal-covariance-inference,temporal_covariance_inference,high_trial_count,trial_sample_size,selected_gpfa,raw_cartesian_failure_label_fraction,,0,30,0,ok,,,temporal-covariance-inference/results.csv,failures are invalid plus nonconvergence; denominator is all task/scenario/method raw Cartesian rows
failure_pattern|temporal-covariance-inference|temporal_covariance_inference|high_trial_count|static_factor|conditional_failure_rate|,failure_pattern,temporal-covariance-inference,temporal_covariance_inference,high_trial_count,trial_sample_size,static_factor,conditional_failure_rate,,0,18,0,ok,,,temporal-covariance-inference/results.csv,failures are invalid plus nonconvergence; denominator is ok plus invalid plus nonconvergence rows
failure_pattern|temporal-covariance-inference|temporal_covariance_inference|high_trial_count|static_factor|raw_cartesian_failure_label_fraction|,failure_pattern,temporal-covariance-inference,temporal_covariance_inference,high_trial_count,trial_sample_size,static_factor,raw_cartesian_failure_label_fraction,,0,30,0,ok,,,temporal-covariance-inference/results.csv,failures are invalid plus nonconvergence; denominator is all task/scenario/method raw Cartesian rows
failure_pattern|temporal-covariance-inference|temporal_covariance_inference|high_trial_count|two_stage_pca_smooth|conditional_failure_rate|,failure_pattern,temporal-covariance-inference,temporal_covariance_inference,high_trial_count,trial_sample_size,two_stage_pca_smooth,conditional_failure_rate,,0,12,0,ok,,,temporal-covariance-inference/results.csv,failures are invalid plus nonconvergence; denominator is ok plus invalid plus nonconvergence rows
failure_pattern|temporal-covariance-inference|temporal_covariance_inference|high_trial_count|two_stage_pca_smooth|raw_cartesian_failure_label_fraction|,failure_pattern,temporal-covariance-inference,temporal_covariance_inference,high_trial_count,trial_sample_size,two_stage_pca_smooth,raw_cartesian_failure_label_fraction,,0,30,0,ok,,,temporal-covariance-inference/results.csv,failures are invalid plus nonconvergence; denominator is all task/scenario/method raw Cartesian rows
failure_pattern|temporal-covariance-inference|temporal_covariance_inference|high_trial_count|wrong_ar_gpfa|conditional_failure_rate|,failure_pattern,temporal-covariance-inference,temporal_covariance_inference,high_trial_count,trial_sample_size,wrong_ar_gpfa,conditional_failure_rate,,0,18,0,ok,,,temporal-covariance-inference/results.csv,failures are invalid plus nonconvergence; denominator is ok plus invalid plus nonconvergence rows
failure_pattern|temporal-covariance-inference|temporal_covariance_inference|high_trial_count|wrong_ar_gpfa|raw_cartesian_failure_label_fraction|,failure_pattern,temporal-covariance-inference,temporal_covariance_inference,high_trial_count,trial_sample_size,wrong_ar_gpfa,raw_cartesian_failure_label_fraction,,0,30,0,ok,,,temporal-covariance-inference/results.csv,failures are invalid plus nonconvergence; denominator is all task/scenario/method raw Cartesian rows
failure_pattern|temporal-covariance-inference|temporal_covariance_inference|high_trial_count|wrong_timescale_gpfa|conditional_failure_rate|,failure_pattern,temporal-covariance-inference,temporal_covariance_inference,high_trial_count,trial_sample_size,wrong_timescale_gpfa,conditional_failure_rate,,0,18,0,ok,,,temporal-covariance-inference/results.csv,failures are invalid plus nonconvergence; denominator is ok plus invalid plus nonconvergence rows
failure_pattern|temporal-covariance-inference|temporal_covariance_inference|high_trial_count|wrong_timescale_gpfa|raw_cartesian_failure_label_fraction|,failure_pattern,temporal-covariance-inference,temporal_covariance_inference,high_trial_count,trial_sample_size,wrong_timescale_gpfa,raw_cartesian_failure_label_fraction,,0,30,0,ok,,,temporal-covariance-inference/results.csv,failures are invalid plus nonconvergence; denominator is all task/scenario/method raw Cartesian rows
failure_pattern|temporal-covariance-inference|temporal_covariance_inference|informative_missingness|ar_kalman_filter|conditional_failure_rate|,failure_pattern,temporal-covariance-inference,temporal_covariance_inference,informative_missingness,informative_missingness,ar_kalman_filter,conditional_failure_rate,,0,15,0,ok,,,temporal-covariance-inference/results.csv,failures are invalid plus nonconvergence; denominator is ok plus invalid plus nonconvergence rows
failure_pattern|temporal-covariance-inference|temporal_covariance_inference|informative_missingness|ar_kalman_filter|raw_cartesian_failure_label_fraction|,failure_pattern,temporal-covariance-inference,temporal_covariance_inference,informative_missingness,informative_missingness,ar_kalman_filter,raw_cartesian_failure_label_fraction,,0,30,0,ok,,,temporal-covariance-inference/results.csv,failures are invalid plus nonconvergence; denominator is all task/scenario/method raw Cartesian rows
failure_pattern|temporal-covariance-inference|temporal_covariance_inference|informative_missingness|ar_rts_smoother|conditional_failure_rate|,failure_pattern,temporal-covariance-inference,temporal_covariance_inference,informative_missingness,informative_missingness,ar_rts_smoother,conditional_failure_rate,,0,18,0,ok,,,temporal-covariance-inference/results.csv,failures are invalid plus nonconvergence; denominator is ok plus invalid plus nonconvergence rows
failure_pattern|temporal-covariance-inference|temporal_covariance_inference|informative_missingness|ar_rts_smoother|raw_cartesian_failure_label_fraction|,failure_pattern,temporal-covariance-inference,temporal_covariance_inference,informative_missingness,informative_missingness,ar_rts_smoother,raw_cartesian_failure_label_fraction,,0,30,0,ok,,,temporal-covariance-inference/results.csv,failures are invalid plus nonconvergence; denominator is all task/scenario/method raw Cartesian rows
failure_pattern|temporal-covariance-inference|temporal_covariance_inference|informative_missingness|exact_gaussian_oracle|conditional_failure_rate|,failure_pattern,temporal-covariance-inference,temporal_covariance_inference,informative_missingness,informative_missingness,exact_gaussian_oracle,conditional_failure_rate,,,,,inapplicable,,,temporal-covariance-inference/results.csv,"conditional denominator is zero because every source row is inapplicable; numerator, denominator, and rate are blank"
failure_pattern|temporal-covariance-inference|temporal_covariance_inference|informative_missingness|exact_gaussian_oracle|raw_cartesian_failure_label_fraction|,failure_pattern,temporal-covariance-inference,temporal_covariance_inference,informative_missingness,informative_missingness,exact_gaussian_oracle,raw_cartesian_failure_label_fraction,,0,30,0,ok,,,temporal-covariance-inference/results.csv,failures are invalid plus nonconvergence; denominator is all task/scenario/method raw Cartesian rows
failure_pattern|temporal-covariance-inference|temporal_covariance_inference|informative_missingness|independent_channel_gp|conditional_failure_rate|,failure_pattern,temporal-covariance-inference,temporal_covariance_inference,informative_missingness,informative_missingness,independent_channel_gp,conditional_failure_rate,,0,6,0,ok,,,temporal-covariance-inference/results.csv,failures are invalid plus nonconvergence; denominator is ok plus invalid plus nonconvergence rows
failure_pattern|temporal-covariance-inference|temporal_covariance_inference|informative_missingness|independent_channel_gp|raw_cartesian_failure_label_fraction|,failure_pattern,temporal-covariance-inference,temporal_covariance_inference,informative_missingness,informative_missingness,independent_channel_gp,raw_cartesian_failure_label_fraction,,0,30,0,ok,,,temporal-covariance-inference/results.csv,failures are invalid plus nonconvergence; denominator is all task/scenario/method raw Cartesian rows
failure_pattern|temporal-covariance-inference|temporal_covariance_inference|informative_missingness|known_gpfa|conditional_failure_rate|,failure_pattern,temporal-covariance-inference,temporal_covariance_inference,informative_missingness,informative_missingness,known_gpfa,conditional_failure_rate,,0,18,0,ok,,,temporal-covariance-inference/results.csv,failures are invalid plus nonconvergence; denominator is ok plus invalid plus nonconvergence rows
failure_pattern|temporal-covariance-inference|temporal_covariance_inference|informative_missingness|known_gpfa|raw_cartesian_failure_label_fraction|,failure_pattern,temporal-covariance-inference,temporal_covariance_inference,informative_missingness,informative_missingness,known_gpfa,raw_cartesian_failure_label_fraction,,0,30,0,ok,,,temporal-covariance-inference/results.csv,failures are invalid plus nonconvergence; denominator is all task/scenario/method raw Cartesian rows
failure_pattern|temporal-covariance-inference|temporal_covariance_inference|informative_missingness|mean_diagonal|conditional_failure_rate|,failure_pattern,temporal-covariance-inference,temporal_covariance_inference,informative_missingness,informative_missingness,mean_diagonal,conditional_failure_rate,,0,12,0,ok,,,temporal-covariance-inference/results.csv,failures are invalid plus nonconvergence; denominator is ok plus invalid plus nonconvergence rows
failure_pattern|temporal-covariance-inference|temporal_covariance_inference|informative_missingness|mean_diagonal|raw_cartesian_failure_label_fraction|,failure_pattern,temporal-covariance-inference,temporal_covariance_inference,informative_missingness,informative_missingness,mean_diagonal,raw_cartesian_failure_label_fraction,,0,30,0,ok,,,temporal-covariance-inference/results.csv,failures are invalid plus nonconvergence; denominator is all task/scenario/method raw Cartesian rows
failure_pattern|temporal-covariance-inference|temporal_covariance_inference|informative_missingness|selected_gpfa|conditional_failure_rate|,failure_pattern,temporal-covariance-inference,temporal_covariance_inference,informative_missingness,informative_missingness,selected_gpfa,conditional_failure_rate,,0,24,0,ok,,,temporal-covariance-inference/results.csv,failures are invalid plus nonconvergence; denominator is ok plus invalid plus nonconvergence rows
failure_pattern|temporal-covariance-inference|temporal_covariance_inference|informative_missingness|selected_gpfa|raw_cartesian_failure_label_fraction|,failure_pattern,temporal-covariance-inference,temporal_covariance_inference,informative_missingness,informative_missingness,selected_gpfa,raw_cartesian_failure_label_fraction,,0,30,0,ok,,,temporal-covariance-inference/results.csv,failures are invalid plus nonconvergence; denominator is all task/scenario/method raw Cartesian rows
failure_pattern|temporal-covariance-inference|temporal_covariance_inference|informative_missingness|static_factor|conditional_failure_rate|,failure_pattern,temporal-covariance-inference,temporal_covariance_inference,informative_missingness,informative_missingness,static_factor,conditional_failure_rate,,0,18,0,ok,,,temporal-covariance-inference/results.csv,failures are invalid plus nonconvergence; denominator is ok plus invalid plus nonconvergence rows
failure_pattern|temporal-covariance-inference|temporal_covariance_inference|informative_missingness|static_factor|raw_cartesian_failure_label_fraction|,failure_pattern,temporal-covariance-inference,temporal_covariance_inference,informative_missingness,informative_missingness,static_factor,raw_cartesian_failure_label_fraction,,0,30,0,ok,,,temporal-covariance-inference/results.csv,failures are invalid plus nonconvergence; denominator is all task/scenario/method raw Cartesian rows
failure_pattern|temporal-covariance-inference|temporal_covariance_inference|informative_missingness|two_stage_pca_smooth|conditional_failure_rate|,failure_pattern,temporal-covariance-inference,temporal_covariance_inference,informative_missingness,informative_missingness,two_stage_pca_smooth,conditional_failure_rate,,0,12,0,ok,,,temporal-covariance-inference/results.csv,failures are invalid plus nonconvergence; denominator is ok plus invalid plus nonconvergence rows
failure_pattern|temporal-covariance-inference|temporal_covariance_inference|informative_missingness|two_stage_pca_smooth|raw_cartesian_failure_label_fraction|,failure_pattern,temporal-covariance-inference,temporal_covariance_inference,informative_missingness,informative_missingness,two_stage_pca_smooth,raw_cartesian_failure_label_fraction,,0,30,0,ok,,,temporal-covariance-inference/results.csv,failures are invalid plus nonconvergence; denominator is all task/scenario/method raw Cartesian rows
failure_pattern|temporal-covariance-inference|temporal_covariance_inference|informative_missingness|wrong_ar_gpfa|conditional_failure_rate|,failure_pattern,temporal-covariance-inference,temporal_covariance_inference,informative_missingness,informative_missingness,wrong_ar_gpfa,conditional_failure_rate,,0,18,0,ok,,,temporal-covariance-inference/results.csv,failures are invalid plus nonconvergence; denominator is ok plus invalid plus nonconvergence rows
failure_pattern|temporal-covariance-inference|temporal_covariance_inference|informative_missingness|wrong_ar_gpfa|raw_cartesian_failure_label_fraction|,failure_pattern,temporal-covariance-inference,temporal_covariance_inference,informative_missingness,informative_missingness,wrong_ar_gpfa,raw_cartesian_failure_label_fraction,,0,30,0,ok,,,temporal-covariance-inference/results.csv,failures are invalid plus nonconvergence; denominator is all task/scenario/method raw Cartesian rows
failure_pattern|temporal-covariance-inference|temporal_covariance_inference|informative_missingness|wrong_timescale_gpfa|conditional_failure_rate|,failure_pattern,temporal-covariance-inference,temporal_covariance_inference,informative_missingness,informative_missingness,wrong_timescale_gpfa,conditional_failure_rate,,0,18,0,ok,,,temporal-covariance-inference/results.csv,failures are invalid plus nonconvergence; denominator is ok plus invalid plus nonconvergence rows
failure_pattern|temporal-covariance-inference|temporal_covariance_inference|informative_missingness|wrong_timescale_gpfa|raw_cartesian_failure_label_fraction|,failure_pattern,temporal-covariance-inference,temporal_covariance_inference,informative_missingness,informative_missingness,wrong_timescale_gpfa,raw_cartesian_failure_label_fraction,,0,30,0,ok,,,temporal-covariance-inference/results.csv,failures are invalid plus nonconvergence; denominator is all task/scenario/method raw Cartesian rows
failure_pattern|temporal-covariance-inference|temporal_covariance_inference|latent_changepoint|ar_kalman_filter|conditional_failure_rate|,failure_pattern,temporal-covariance-inference,temporal_covariance_inference,latent_changepoint,changepoints,ar_kalman_filter,conditional_failure_rate,,0,15,0,ok,,,temporal-covariance-inference/results.csv,failures are invalid plus nonconvergence; denominator is ok plus invalid plus nonconvergence rows
failure_pattern|temporal-covariance-inference|temporal_covariance_inference|latent_changepoint|ar_kalman_filter|raw_cartesian_failure_label_fraction|,failure_pattern,temporal-covariance-inference,temporal_covariance_inference,latent_changepoint,changepoints,ar_kalman_filter,raw_cartesian_failure_label_fraction,,0,30,0,ok,,,temporal-covariance-inference/results.csv,failures are invalid plus nonconvergence; denominator is all task/scenario/method raw Cartesian rows
failure_pattern|temporal-covariance-inference|temporal_covariance_inference|latent_changepoint|ar_rts_smoother|conditional_failure_rate|,failure_pattern,temporal-covariance-inference,temporal_covariance_inference,latent_changepoint,changepoints,ar_rts_smoother,conditional_failure_rate,,0,18,0,ok,,,temporal-covariance-inference/results.csv,failures are invalid plus nonconvergence; denominator is ok plus invalid plus nonconvergence rows
failure_pattern|temporal-covariance-inference|temporal_covariance_inference|latent_changepoint|ar_rts_smoother|raw_cartesian_failure_label_fraction|,failure_pattern,temporal-covariance-inference,temporal_covariance_inference,latent_changepoint,changepoints,ar_rts_smoother,raw_cartesian_failure_label_fraction,,0,30,0,ok,,,temporal-covariance-inference/results.csv,failures are invalid plus nonconvergence; denominator is all task/scenario/method raw Cartesian rows
failure_pattern|temporal-covariance-inference|temporal_covariance_inference|latent_changepoint|exact_gaussian_oracle|conditional_failure_rate|,failure_pattern,temporal-covariance-inference,temporal_covariance_inference,latent_changepoint,changepoints,exact_gaussian_oracle,conditional_failure_rate,,0,18,0,ok,,,temporal-covariance-inference/results.csv,failures are invalid plus nonconvergence; denominator is ok plus invalid plus nonconvergence rows
failure_pattern|temporal-covariance-inference|temporal_covariance_inference|latent_changepoint|exact_gaussian_oracle|raw_cartesian_failure_label_fraction|,failure_pattern,temporal-covariance-inference,temporal_covariance_inference,latent_changepoint,changepoints,exact_gaussian_oracle,raw_cartesian_failure_label_fraction,,0,30,0,ok,,,temporal-covariance-inference/results.csv,failures are invalid plus nonconvergence; denominator is all task/scenario/method raw Cartesian rows
failure_pattern|temporal-covariance-inference|temporal_covariance_inference|latent_changepoint|independent_channel_gp|conditional_failure_rate|,failure_pattern,temporal-covariance-inference,temporal_covariance_inference,latent_changepoint,changepoints,independent_channel_gp,conditional_failure_rate,,0,6,0,ok,,,temporal-covariance-inference/results.csv,failures are invalid plus nonconvergence; denominator is ok plus invalid plus nonconvergence rows
failure_pattern|temporal-covariance-inference|temporal_covariance_inference|latent_changepoint|independent_channel_gp|raw_cartesian_failure_label_fraction|,failure_pattern,temporal-covariance-inference,temporal_covariance_inference,latent_changepoint,changepoints,independent_channel_gp,raw_cartesian_failure_label_fraction,,0,30,0,ok,,,temporal-covariance-inference/results.csv,failures are invalid plus nonconvergence; denominator is all task/scenario/method raw Cartesian rows
failure_pattern|temporal-covariance-inference|temporal_covariance_inference|latent_changepoint|known_gpfa|conditional_failure_rate|,failure_pattern,temporal-covariance-inference,temporal_covariance_inference,latent_changepoint,changepoints,known_gpfa,conditional_failure_rate,,0,18,0,ok,,,temporal-covariance-inference/results.csv,failures are invalid plus nonconvergence; denominator is ok plus invalid plus nonconvergence rows
failure_pattern|temporal-covariance-inference|temporal_covariance_inference|latent_changepoint|known_gpfa|raw_cartesian_failure_label_fraction|,failure_pattern,temporal-covariance-inference,temporal_covariance_inference,latent_changepoint,changepoints,known_gpfa,raw_cartesian_failure_label_fraction,,0,30,0,ok,,,temporal-covariance-inference/results.csv,failures are invalid plus nonconvergence; denominator is all task/scenario/method raw Cartesian rows
failure_pattern|temporal-covariance-inference|temporal_covariance_inference|latent_changepoint|mean_diagonal|conditional_failure_rate|,failure_pattern,temporal-covariance-inference,temporal_covariance_inference,latent_changepoint,changepoints,mean_diagonal,conditional_failure_rate,,0,12,0,ok,,,temporal-covariance-inference/results.csv,failures are invalid plus nonconvergence; denominator is ok plus invalid plus nonconvergence rows
failure_pattern|temporal-covariance-inference|temporal_covariance_inference|latent_changepoint|mean_diagonal|raw_cartesian_failure_label_fraction|,failure_pattern,temporal-covariance-inference,temporal_covariance_inference,latent_changepoint,changepoints,mean_diagonal,raw_cartesian_failure_label_fraction,,0,30,0,ok,,,temporal-covariance-inference/results.csv,failures are invalid plus nonconvergence; denominator is all task/scenario/method raw Cartesian rows
failure_pattern|temporal-covariance-inference|temporal_covariance_inference|latent_changepoint|selected_gpfa|conditional_failure_rate|,failure_pattern,temporal-covariance-inference,temporal_covariance_inference,latent_changepoint,changepoints,selected_gpfa,conditional_failure_rate,,0,24,0,ok,,,temporal-covariance-inference/results.csv,failures are invalid plus nonconvergence; denominator is ok plus invalid plus nonconvergence rows
failure_pattern|temporal-covariance-inference|temporal_covariance_inference|latent_changepoint|selected_gpfa|raw_cartesian_failure_label_fraction|,failure_pattern,temporal-covariance-inference,temporal_covariance_inference,latent_changepoint,changepoints,selected_gpfa,raw_cartesian_failure_label_fraction,,0,30,0,ok,,,temporal-covariance-inference/results.csv,failures are invalid plus nonconvergence; denominator is all task/scenario/method raw Cartesian rows
failure_pattern|temporal-covariance-inference|temporal_covariance_inference|latent_changepoint|static_factor|conditional_failure_rate|,failure_pattern,temporal-covariance-inference,temporal_covariance_inference,latent_changepoint,changepoints,static_factor,conditional_failure_rate,,0,18,0,ok,,,temporal-covariance-inference/results.csv,failures are invalid plus nonconvergence; denominator is ok plus invalid plus nonconvergence rows
failure_pattern|temporal-covariance-inference|temporal_covariance_inference|latent_changepoint|static_factor|raw_cartesian_failure_label_fraction|,failure_pattern,temporal-covariance-inference,temporal_covariance_inference,latent_changepoint,changepoints,static_factor,raw_cartesian_failure_label_fraction,,0,30,0,ok,,,temporal-covariance-inference/results.csv,failures are invalid plus nonconvergence; denominator is all task/scenario/method raw Cartesian rows
failure_pattern|temporal-covariance-inference|temporal_covariance_inference|latent_changepoint|two_stage_pca_smooth|conditional_failure_rate|,failure_pattern,temporal-covariance-inference,temporal_covariance_inference,latent_changepoint,changepoints,two_stage_pca_smooth,conditional_failure_rate,,0,12,0,ok,,,temporal-covariance-inference/results.csv,failures are invalid plus nonconvergence; denominator is ok plus invalid plus nonconvergence rows
failure_pattern|temporal-covariance-inference|temporal_covariance_inference|latent_changepoint|two_stage_pca_smooth|raw_cartesian_failure_label_fraction|,failure_pattern,temporal-covariance-inference,temporal_covariance_inference,latent_changepoint,changepoints,two_stage_pca_smooth,raw_cartesian_failure_label_fraction,,0,30,0,ok,,,temporal-covariance-inference/results.csv,failures are invalid plus nonconvergence; denominator is all task/scenario/method raw Cartesian rows
failure_pattern|temporal-covariance-inference|temporal_covariance_inference|latent_changepoint|wrong_ar_gpfa|conditional_failure_rate|,failure_pattern,temporal-covariance-inference,temporal_covariance_inference,latent_changepoint,changepoints,wrong_ar_gpfa,conditional_failure_rate,,0,18,0,ok,,,temporal-covariance-inference/results.csv,failures are invalid plus nonconvergence; denominator is ok plus invalid plus nonconvergence rows
failure_pattern|temporal-covariance-inference|temporal_covariance_inference|latent_changepoint|wrong_ar_gpfa|raw_cartesian_failure_label_fraction|,failure_pattern,temporal-covariance-inference,temporal_covariance_inference,latent_changepoint,changepoints,wrong_ar_gpfa,raw_cartesian_failure_label_fraction,,0,30,0,ok,,,temporal-covariance-inference/results.csv,failures are invalid plus nonconvergence; denominator is all task/scenario/method raw Cartesian rows
failure_pattern|temporal-covariance-inference|temporal_covariance_inference|latent_changepoint|wrong_timescale_gpfa|conditional_failure_rate|,failure_pattern,temporal-covariance-inference,temporal_covariance_inference,latent_changepoint,changepoints,wrong_timescale_gpfa,conditional_failure_rate,,0,18,0,ok,,,temporal-covariance-inference/results.csv,failures are invalid plus nonconvergence; denominator is ok plus invalid plus nonconvergence rows
failure_pattern|temporal-covariance-inference|temporal_covariance_inference|latent_changepoint|wrong_timescale_gpfa|raw_cartesian_failure_label_fraction|,failure_pattern,temporal-covariance-inference,temporal_covariance_inference,latent_changepoint,changepoints,wrong_timescale_gpfa,raw_cartesian_failure_label_fraction,,0,30,0,ok,,,temporal-covariance-inference/results.csv,failures are invalid plus nonconvergence; denominator is all task/scenario/method raw Cartesian rows
failure_pattern|temporal-covariance-inference|temporal_covariance_inference|low_rate_poisson|ar_kalman_filter|conditional_failure_rate|,failure_pattern,temporal-covariance-inference,temporal_covariance_inference,low_rate_poisson,poisson_misspecification,ar_kalman_filter,conditional_failure_rate,,0,15,0,ok,,,temporal-covariance-inference/results.csv,failures are invalid plus nonconvergence; denominator is ok plus invalid plus nonconvergence rows
failure_pattern|temporal-covariance-inference|temporal_covariance_inference|low_rate_poisson|ar_kalman_filter|raw_cartesian_failure_label_fraction|,failure_pattern,temporal-covariance-inference,temporal_covariance_inference,low_rate_poisson,poisson_misspecification,ar_kalman_filter,raw_cartesian_failure_label_fraction,,0,30,0,ok,,,temporal-covariance-inference/results.csv,failures are invalid plus nonconvergence; denominator is all task/scenario/method raw Cartesian rows
failure_pattern|temporal-covariance-inference|temporal_covariance_inference|low_rate_poisson|ar_rts_smoother|conditional_failure_rate|,failure_pattern,temporal-covariance-inference,temporal_covariance_inference,low_rate_poisson,poisson_misspecification,ar_rts_smoother,conditional_failure_rate,,0,15,0,ok,,,temporal-covariance-inference/results.csv,failures are invalid plus nonconvergence; denominator is ok plus invalid plus nonconvergence rows
failure_pattern|temporal-covariance-inference|temporal_covariance_inference|low_rate_poisson|ar_rts_smoother|raw_cartesian_failure_label_fraction|,failure_pattern,temporal-covariance-inference,temporal_covariance_inference,low_rate_poisson,poisson_misspecification,ar_rts_smoother,raw_cartesian_failure_label_fraction,,0,30,0,ok,,,temporal-covariance-inference/results.csv,failures are invalid plus nonconvergence; denominator is all task/scenario/method raw Cartesian rows
failure_pattern|temporal-covariance-inference|temporal_covariance_inference|low_rate_poisson|exact_gaussian_oracle|conditional_failure_rate|,failure_pattern,temporal-covariance-inference,temporal_covariance_inference,low_rate_poisson,poisson_misspecification,exact_gaussian_oracle,conditional_failure_rate,,,,,inapplicable,,,temporal-covariance-inference/results.csv,"conditional denominator is zero because every source row is inapplicable; numerator, denominator, and rate are blank"
failure_pattern|temporal-covariance-inference|temporal_covariance_inference|low_rate_poisson|exact_gaussian_oracle|raw_cartesian_failure_label_fraction|,failure_pattern,temporal-covariance-inference,temporal_covariance_inference,low_rate_poisson,poisson_misspecification,exact_gaussian_oracle,raw_cartesian_failure_label_fraction,,0,30,0,ok,,,temporal-covariance-inference/results.csv,failures are invalid plus nonconvergence; denominator is all task/scenario/method raw Cartesian rows
failure_pattern|temporal-covariance-inference|temporal_covariance_inference|low_rate_poisson|independent_channel_gp|conditional_failure_rate|,failure_pattern,temporal-covariance-inference,temporal_covariance_inference,low_rate_poisson,poisson_misspecification,independent_channel_gp,conditional_failure_rate,,0,6,0,ok,,,temporal-covariance-inference/results.csv,failures are invalid plus nonconvergence; denominator is ok plus invalid plus nonconvergence rows
failure_pattern|temporal-covariance-inference|temporal_covariance_inference|low_rate_poisson|independent_channel_gp|raw_cartesian_failure_label_fraction|,failure_pattern,temporal-covariance-inference,temporal_covariance_inference,low_rate_poisson,poisson_misspecification,independent_channel_gp,raw_cartesian_failure_label_fraction,,0,30,0,ok,,,temporal-covariance-inference/results.csv,failures are invalid plus nonconvergence; denominator is all task/scenario/method raw Cartesian rows
failure_pattern|temporal-covariance-inference|temporal_covariance_inference|low_rate_poisson|known_gpfa|conditional_failure_rate|,failure_pattern,temporal-covariance-inference,temporal_covariance_inference,low_rate_poisson,poisson_misspecification,known_gpfa,conditional_failure_rate,,0,15,0,ok,,,temporal-covariance-inference/results.csv,failures are invalid plus nonconvergence; denominator is ok plus invalid plus nonconvergence rows
failure_pattern|temporal-covariance-inference|temporal_covariance_inference|low_rate_poisson|known_gpfa|raw_cartesian_failure_label_fraction|,failure_pattern,temporal-covariance-inference,temporal_covariance_inference,low_rate_poisson,poisson_misspecification,known_gpfa,raw_cartesian_failure_label_fraction,,0,30,0,ok,,,temporal-covariance-inference/results.csv,failures are invalid plus nonconvergence; denominator is all task/scenario/method raw Cartesian rows
failure_pattern|temporal-covariance-inference|temporal_covariance_inference|low_rate_poisson|mean_diagonal|conditional_failure_rate|,failure_pattern,temporal-covariance-inference,temporal_covariance_inference,low_rate_poisson,poisson_misspecification,mean_diagonal,conditional_failure_rate,,0,9,0,ok,,,temporal-covariance-inference/results.csv,failures are invalid plus nonconvergence; denominator is ok plus invalid plus nonconvergence rows
failure_pattern|temporal-covariance-inference|temporal_covariance_inference|low_rate_poisson|mean_diagonal|raw_cartesian_failure_label_fraction|,failure_pattern,temporal-covariance-inference,temporal_covariance_inference,low_rate_poisson,poisson_misspecification,mean_diagonal,raw_cartesian_failure_label_fraction,,0,30,0,ok,,,temporal-covariance-inference/results.csv,failures are invalid plus nonconvergence; denominator is all task/scenario/method raw Cartesian rows
failure_pattern|temporal-covariance-inference|temporal_covariance_inference|low_rate_poisson|selected_gpfa|conditional_failure_rate|,failure_pattern,temporal-covariance-inference,temporal_covariance_inference,low_rate_poisson,poisson_misspecification,selected_gpfa,conditional_failure_rate,,0,21,0,ok,,,temporal-covariance-inference/results.csv,failures are invalid plus nonconvergence; denominator is ok plus invalid plus nonconvergence rows
failure_pattern|temporal-covariance-inference|temporal_covariance_inference|low_rate_poisson|selected_gpfa|raw_cartesian_failure_label_fraction|,failure_pattern,temporal-covariance-inference,temporal_covariance_inference,low_rate_poisson,poisson_misspecification,selected_gpfa,raw_cartesian_failure_label_fraction,,0,30,0,ok,,,temporal-covariance-inference/results.csv,failures are invalid plus nonconvergence; denominator is all task/scenario/method raw Cartesian rows
failure_pattern|temporal-covariance-inference|temporal_covariance_inference|low_rate_poisson|static_factor|conditional_failure_rate|,failure_pattern,temporal-covariance-inference,temporal_covariance_inference,low_rate_poisson,poisson_misspecification,static_factor,conditional_failure_rate,,0,15,0,ok,,,temporal-covariance-inference/results.csv,failures are invalid plus nonconvergence; denominator is ok plus invalid plus nonconvergence rows
failure_pattern|temporal-covariance-inference|temporal_covariance_inference|low_rate_poisson|static_factor|raw_cartesian_failure_label_fraction|,failure_pattern,temporal-covariance-inference,temporal_covariance_inference,low_rate_poisson,poisson_misspecification,static_factor,raw_cartesian_failure_label_fraction,,0,30,0,ok,,,temporal-covariance-inference/results.csv,failures are invalid plus nonconvergence; denominator is all task/scenario/method raw Cartesian rows
failure_pattern|temporal-covariance-inference|temporal_covariance_inference|low_rate_poisson|two_stage_pca_smooth|conditional_failure_rate|,failure_pattern,temporal-covariance-inference,temporal_covariance_inference,low_rate_poisson,poisson_misspecification,two_stage_pca_smooth,conditional_failure_rate,,0,12,0,ok,,,temporal-covariance-inference/results.csv,failures are invalid plus nonconvergence; denominator is ok plus invalid plus nonconvergence rows
failure_pattern|temporal-covariance-inference|temporal_covariance_inference|low_rate_poisson|two_stage_pca_smooth|raw_cartesian_failure_label_fraction|,failure_pattern,temporal-covariance-inference,temporal_covariance_inference,low_rate_poisson,poisson_misspecification,two_stage_pca_smooth,raw_cartesian_failure_label_fraction,,0,30,0,ok,,,temporal-covariance-inference/results.csv,failures are invalid plus nonconvergence; denominator is all task/scenario/method raw Cartesian rows
failure_pattern|temporal-covariance-inference|temporal_covariance_inference|low_rate_poisson|wrong_ar_gpfa|conditional_failure_rate|,failure_pattern,temporal-covariance-inference,temporal_covariance_inference,low_rate_poisson,poisson_misspecification,wrong_ar_gpfa,conditional_failure_rate,,0,15,0,ok,,,temporal-covariance-inference/results.csv,failures are invalid plus nonconvergence; denominator is ok plus invalid plus nonconvergence rows
failure_pattern|temporal-covariance-inference|temporal_covariance_inference|low_rate_poisson|wrong_ar_gpfa|raw_cartesian_failure_label_fraction|,failure_pattern,temporal-covariance-inference,temporal_covariance_inference,low_rate_poisson,poisson_misspecification,wrong_ar_gpfa,raw_cartesian_failure_label_fraction,,0,30,0,ok,,,temporal-covariance-inference/results.csv,failures are invalid plus nonconvergence; denominator is all task/scenario/method raw Cartesian rows
failure_pattern|temporal-covariance-inference|temporal_covariance_inference|low_rate_poisson|wrong_timescale_gpfa|conditional_failure_rate|,failure_pattern,temporal-covariance-inference,temporal_covariance_inference,low_rate_poisson,poisson_misspecification,wrong_timescale_gpfa,conditional_failure_rate,,0,15,0,ok,,,temporal-covariance-inference/results.csv,failures are invalid plus nonconvergence; denominator is ok plus invalid plus nonconvergence rows
failure_pattern|temporal-covariance-inference|temporal_covariance_inference|low_rate_poisson|wrong_timescale_gpfa|raw_cartesian_failure_label_fraction|,failure_pattern,temporal-covariance-inference,temporal_covariance_inference,low_rate_poisson,poisson_misspecification,wrong_timescale_gpfa,raw_cartesian_failure_label_fraction,,0,30,0,ok,,,temporal-covariance-inference/results.csv,failures are invalid plus nonconvergence; denominator is all task/scenario/method raw Cartesian rows
failure_pattern|temporal-covariance-inference|temporal_covariance_inference|low_trial_count|ar_kalman_filter|conditional_failure_rate|,failure_pattern,temporal-covariance-inference,temporal_covariance_inference,low_trial_count,trial_sample_size,ar_kalman_filter,conditional_failure_rate,,0,15,0,ok,,,temporal-covariance-inference/results.csv,failures are invalid plus nonconvergence; denominator is ok plus invalid plus nonconvergence rows
failure_pattern|temporal-covariance-inference|temporal_covariance_inference|low_trial_count|ar_kalman_filter|raw_cartesian_failure_label_fraction|,failure_pattern,temporal-covariance-inference,temporal_covariance_inference,low_trial_count,trial_sample_size,ar_kalman_filter,raw_cartesian_failure_label_fraction,,0,30,0,ok,,,temporal-covariance-inference/results.csv,failures are invalid plus nonconvergence; denominator is all task/scenario/method raw Cartesian rows
failure_pattern|temporal-covariance-inference|temporal_covariance_inference|low_trial_count|ar_rts_smoother|conditional_failure_rate|,failure_pattern,temporal-covariance-inference,temporal_covariance_inference,low_trial_count,trial_sample_size,ar_rts_smoother,conditional_failure_rate,,0,18,0,ok,,,temporal-covariance-inference/results.csv,failures are invalid plus nonconvergence; denominator is ok plus invalid plus nonconvergence rows
failure_pattern|temporal-covariance-inference|temporal_covariance_inference|low_trial_count|ar_rts_smoother|raw_cartesian_failure_label_fraction|,failure_pattern,temporal-covariance-inference,temporal_covariance_inference,low_trial_count,trial_sample_size,ar_rts_smoother,raw_cartesian_failure_label_fraction,,0,30,0,ok,,,temporal-covariance-inference/results.csv,failures are invalid plus nonconvergence; denominator is all task/scenario/method raw Cartesian rows
failure_pattern|temporal-covariance-inference|temporal_covariance_inference|low_trial_count|exact_gaussian_oracle|conditional_failure_rate|,failure_pattern,temporal-covariance-inference,temporal_covariance_inference,low_trial_count,trial_sample_size,exact_gaussian_oracle,conditional_failure_rate,,0,18,0,ok,,,temporal-covariance-inference/results.csv,failures are invalid plus nonconvergence; denominator is ok plus invalid plus nonconvergence rows
failure_pattern|temporal-covariance-inference|temporal_covariance_inference|low_trial_count|exact_gaussian_oracle|raw_cartesian_failure_label_fraction|,failure_pattern,temporal-covariance-inference,temporal_covariance_inference,low_trial_count,trial_sample_size,exact_gaussian_oracle,raw_cartesian_failure_label_fraction,,0,30,0,ok,,,temporal-covariance-inference/results.csv,failures are invalid plus nonconvergence; denominator is all task/scenario/method raw Cartesian rows
failure_pattern|temporal-covariance-inference|temporal_covariance_inference|low_trial_count|independent_channel_gp|conditional_failure_rate|,failure_pattern,temporal-covariance-inference,temporal_covariance_inference,low_trial_count,trial_sample_size,independent_channel_gp,conditional_failure_rate,,0,6,0,ok,,,temporal-covariance-inference/results.csv,failures are invalid plus nonconvergence; denominator is ok plus invalid plus nonconvergence rows
failure_pattern|temporal-covariance-inference|temporal_covariance_inference|low_trial_count|independent_channel_gp|raw_cartesian_failure_label_fraction|,failure_pattern,temporal-covariance-inference,temporal_covariance_inference,low_trial_count,trial_sample_size,independent_channel_gp,raw_cartesian_failure_label_fraction,,0,30,0,ok,,,temporal-covariance-inference/results.csv,failures are invalid plus nonconvergence; denominator is all task/scenario/method raw Cartesian rows
failure_pattern|temporal-covariance-inference|temporal_covariance_inference|low_trial_count|known_gpfa|conditional_failure_rate|,failure_pattern,temporal-covariance-inference,temporal_covariance_inference,low_trial_count,trial_sample_size,known_gpfa,conditional_failure_rate,,0,21,0,ok,,,temporal-covariance-inference/results.csv,failures are invalid plus nonconvergence; denominator is ok plus invalid plus nonconvergence rows
failure_pattern|temporal-covariance-inference|temporal_covariance_inference|low_trial_count|known_gpfa|raw_cartesian_failure_label_fraction|,failure_pattern,temporal-covariance-inference,temporal_covariance_inference,low_trial_count,trial_sample_size,known_gpfa,raw_cartesian_failure_label_fraction,,0,30,0,ok,,,temporal-covariance-inference/results.csv,failures are invalid plus nonconvergence; denominator is all task/scenario/method raw Cartesian rows
failure_pattern|temporal-covariance-inference|temporal_covariance_inference|low_trial_count|mean_diagonal|conditional_failure_rate|,failure_pattern,temporal-covariance-inference,temporal_covariance_inference,low_trial_count,trial_sample_size,mean_diagonal,conditional_failure_rate,,0,12,0,ok,,,temporal-covariance-inference/results.csv,failures are invalid plus nonconvergence; denominator is ok plus invalid plus nonconvergence rows
failure_pattern|temporal-covariance-inference|temporal_covariance_inference|low_trial_count|mean_diagonal|raw_cartesian_failure_label_fraction|,failure_pattern,temporal-covariance-inference,temporal_covariance_inference,low_trial_count,trial_sample_size,mean_diagonal,raw_cartesian_failure_label_fraction,,0,30,0,ok,,,temporal-covariance-inference/results.csv,failures are invalid plus nonconvergence; denominator is all task/scenario/method raw Cartesian rows
failure_pattern|temporal-covariance-inference|temporal_covariance_inference|low_trial_count|selected_gpfa|conditional_failure_rate|,failure_pattern,temporal-covariance-inference,temporal_covariance_inference,low_trial_count,trial_sample_size,selected_gpfa,conditional_failure_rate,,0,24,0,ok,,,temporal-covariance-inference/results.csv,failures are invalid plus nonconvergence; denominator is ok plus invalid plus nonconvergence rows
failure_pattern|temporal-covariance-inference|temporal_covariance_inference|low_trial_count|selected_gpfa|raw_cartesian_failure_label_fraction|,failure_pattern,temporal-covariance-inference,temporal_covariance_inference,low_trial_count,trial_sample_size,selected_gpfa,raw_cartesian_failure_label_fraction,,0,30,0,ok,,,temporal-covariance-inference/results.csv,failures are invalid plus nonconvergence; denominator is all task/scenario/method raw Cartesian rows
failure_pattern|temporal-covariance-inference|temporal_covariance_inference|low_trial_count|static_factor|conditional_failure_rate|,failure_pattern,temporal-covariance-inference,temporal_covariance_inference,low_trial_count,trial_sample_size,static_factor,conditional_failure_rate,,0,18,0,ok,,,temporal-covariance-inference/results.csv,failures are invalid plus nonconvergence; denominator is ok plus invalid plus nonconvergence rows
failure_pattern|temporal-covariance-inference|temporal_covariance_inference|low_trial_count|static_factor|raw_cartesian_failure_label_fraction|,failure_pattern,temporal-covariance-inference,temporal_covariance_inference,low_trial_count,trial_sample_size,static_factor,raw_cartesian_failure_label_fraction,,0,30,0,ok,,,temporal-covariance-inference/results.csv,failures are invalid plus nonconvergence; denominator is all task/scenario/method raw Cartesian rows
failure_pattern|temporal-covariance-inference|temporal_covariance_inference|low_trial_count|two_stage_pca_smooth|conditional_failure_rate|,failure_pattern,temporal-covariance-inference,temporal_covariance_inference,low_trial_count,trial_sample_size,two_stage_pca_smooth,conditional_failure_rate,,0,12,0,ok,,,temporal-covariance-inference/results.csv,failures are invalid plus nonconvergence; denominator is ok plus invalid plus nonconvergence rows
failure_pattern|temporal-covariance-inference|temporal_covariance_inference|low_trial_count|two_stage_pca_smooth|raw_cartesian_failure_label_fraction|,failure_pattern,temporal-covariance-inference,temporal_covariance_inference,low_trial_count,trial_sample_size,two_stage_pca_smooth,raw_cartesian_failure_label_fraction,,0,30,0,ok,,,temporal-covariance-inference/results.csv,failures are invalid plus nonconvergence; denominator is all task/scenario/method raw Cartesian rows
failure_pattern|temporal-covariance-inference|temporal_covariance_inference|low_trial_count|wrong_ar_gpfa|conditional_failure_rate|,failure_pattern,temporal-covariance-inference,temporal_covariance_inference,low_trial_count,trial_sample_size,wrong_ar_gpfa,conditional_failure_rate,,0,18,0,ok,,,temporal-covariance-inference/results.csv,failures are invalid plus nonconvergence; denominator is ok plus invalid plus nonconvergence rows
failure_pattern|temporal-covariance-inference|temporal_covariance_inference|low_trial_count|wrong_ar_gpfa|raw_cartesian_failure_label_fraction|,failure_pattern,temporal-covariance-inference,temporal_covariance_inference,low_trial_count,trial_sample_size,wrong_ar_gpfa,raw_cartesian_failure_label_fraction,,0,30,0,ok,,,temporal-covariance-inference/results.csv,failures are invalid plus nonconvergence; denominator is all task/scenario/method raw Cartesian rows
failure_pattern|temporal-covariance-inference|temporal_covariance_inference|low_trial_count|wrong_timescale_gpfa|conditional_failure_rate|,failure_pattern,temporal-covariance-inference,temporal_covariance_inference,low_trial_count,trial_sample_size,wrong_timescale_gpfa,conditional_failure_rate,,0,18,0,ok,,,temporal-covariance-inference/results.csv,failures are invalid plus nonconvergence; denominator is ok plus invalid plus nonconvergence rows
failure_pattern|temporal-covariance-inference|temporal_covariance_inference|low_trial_count|wrong_timescale_gpfa|raw_cartesian_failure_label_fraction|,failure_pattern,temporal-covariance-inference,temporal_covariance_inference,low_trial_count,trial_sample_size,wrong_timescale_gpfa,raw_cartesian_failure_label_fraction,,0,30,0,ok,,,temporal-covariance-inference/results.csv,failures are invalid plus nonconvergence; denominator is all task/scenario/method raw Cartesian rows
failure_pattern|temporal-covariance-inference|temporal_covariance_inference|reference_distinct|ar_kalman_filter|conditional_failure_rate|,failure_pattern,temporal-covariance-inference,temporal_covariance_inference,reference_distinct,timescale_separation,ar_kalman_filter,conditional_failure_rate,,0,15,0,ok,,,temporal-covariance-inference/results.csv,failures are invalid plus nonconvergence; denominator is ok plus invalid plus nonconvergence rows
failure_pattern|temporal-covariance-inference|temporal_covariance_inference|reference_distinct|ar_kalman_filter|raw_cartesian_failure_label_fraction|,failure_pattern,temporal-covariance-inference,temporal_covariance_inference,reference_distinct,timescale_separation,ar_kalman_filter,raw_cartesian_failure_label_fraction,,0,30,0,ok,,,temporal-covariance-inference/results.csv,failures are invalid plus nonconvergence; denominator is all task/scenario/method raw Cartesian rows
failure_pattern|temporal-covariance-inference|temporal_covariance_inference|reference_distinct|ar_rts_smoother|conditional_failure_rate|,failure_pattern,temporal-covariance-inference,temporal_covariance_inference,reference_distinct,timescale_separation,ar_rts_smoother,conditional_failure_rate,,0,18,0,ok,,,temporal-covariance-inference/results.csv,failures are invalid plus nonconvergence; denominator is ok plus invalid plus nonconvergence rows
failure_pattern|temporal-covariance-inference|temporal_covariance_inference|reference_distinct|ar_rts_smoother|raw_cartesian_failure_label_fraction|,failure_pattern,temporal-covariance-inference,temporal_covariance_inference,reference_distinct,timescale_separation,ar_rts_smoother,raw_cartesian_failure_label_fraction,,0,30,0,ok,,,temporal-covariance-inference/results.csv,failures are invalid plus nonconvergence; denominator is all task/scenario/method raw Cartesian rows
failure_pattern|temporal-covariance-inference|temporal_covariance_inference|reference_distinct|exact_gaussian_oracle|conditional_failure_rate|,failure_pattern,temporal-covariance-inference,temporal_covariance_inference,reference_distinct,timescale_separation,exact_gaussian_oracle,conditional_failure_rate,,0,18,0,ok,,,temporal-covariance-inference/results.csv,failures are invalid plus nonconvergence; denominator is ok plus invalid plus nonconvergence rows
failure_pattern|temporal-covariance-inference|temporal_covariance_inference|reference_distinct|exact_gaussian_oracle|raw_cartesian_failure_label_fraction|,failure_pattern,temporal-covariance-inference,temporal_covariance_inference,reference_distinct,timescale_separation,exact_gaussian_oracle,raw_cartesian_failure_label_fraction,,0,30,0,ok,,,temporal-covariance-inference/results.csv,failures are invalid plus nonconvergence; denominator is all task/scenario/method raw Cartesian rows
failure_pattern|temporal-covariance-inference|temporal_covariance_inference|reference_distinct|independent_channel_gp|conditional_failure_rate|,failure_pattern,temporal-covariance-inference,temporal_covariance_inference,reference_distinct,timescale_separation,independent_channel_gp,conditional_failure_rate,,0,6,0,ok,,,temporal-covariance-inference/results.csv,failures are invalid plus nonconvergence; denominator is ok plus invalid plus nonconvergence rows
failure_pattern|temporal-covariance-inference|temporal_covariance_inference|reference_distinct|independent_channel_gp|raw_cartesian_failure_label_fraction|,failure_pattern,temporal-covariance-inference,temporal_covariance_inference,reference_distinct,timescale_separation,independent_channel_gp,raw_cartesian_failure_label_fraction,,0,30,0,ok,,,temporal-covariance-inference/results.csv,failures are invalid plus nonconvergence; denominator is all task/scenario/method raw Cartesian rows
failure_pattern|temporal-covariance-inference|temporal_covariance_inference|reference_distinct|known_gpfa|conditional_failure_rate|,failure_pattern,temporal-covariance-inference,temporal_covariance_inference,reference_distinct,timescale_separation,known_gpfa,conditional_failure_rate,,0,21,0,ok,,,temporal-covariance-inference/results.csv,failures are invalid plus nonconvergence; denominator is ok plus invalid plus nonconvergence rows
failure_pattern|temporal-covariance-inference|temporal_covariance_inference|reference_distinct|known_gpfa|raw_cartesian_failure_label_fraction|,failure_pattern,temporal-covariance-inference,temporal_covariance_inference,reference_distinct,timescale_separation,known_gpfa,raw_cartesian_failure_label_fraction,,0,30,0,ok,,,temporal-covariance-inference/results.csv,failures are invalid plus nonconvergence; denominator is all task/scenario/method raw Cartesian rows
failure_pattern|temporal-covariance-inference|temporal_covariance_inference|reference_distinct|mean_diagonal|conditional_failure_rate|,failure_pattern,temporal-covariance-inference,temporal_covariance_inference,reference_distinct,timescale_separation,mean_diagonal,conditional_failure_rate,,0,12,0,ok,,,temporal-covariance-inference/results.csv,failures are invalid plus nonconvergence; denominator is ok plus invalid plus nonconvergence rows
failure_pattern|temporal-covariance-inference|temporal_covariance_inference|reference_distinct|mean_diagonal|raw_cartesian_failure_label_fraction|,failure_pattern,temporal-covariance-inference,temporal_covariance_inference,reference_distinct,timescale_separation,mean_diagonal,raw_cartesian_failure_label_fraction,,0,30,0,ok,,,temporal-covariance-inference/results.csv,failures are invalid plus nonconvergence; denominator is all task/scenario/method raw Cartesian rows
failure_pattern|temporal-covariance-inference|temporal_covariance_inference|reference_distinct|selected_gpfa|conditional_failure_rate|,failure_pattern,temporal-covariance-inference,temporal_covariance_inference,reference_distinct,timescale_separation,selected_gpfa,conditional_failure_rate,,0,24,0,ok,,,temporal-covariance-inference/results.csv,failures are invalid plus nonconvergence; denominator is ok plus invalid plus nonconvergence rows
failure_pattern|temporal-covariance-inference|temporal_covariance_inference|reference_distinct|selected_gpfa|raw_cartesian_failure_label_fraction|,failure_pattern,temporal-covariance-inference,temporal_covariance_inference,reference_distinct,timescale_separation,selected_gpfa,raw_cartesian_failure_label_fraction,,0,30,0,ok,,,temporal-covariance-inference/results.csv,failures are invalid plus nonconvergence; denominator is all task/scenario/method raw Cartesian rows
failure_pattern|temporal-covariance-inference|temporal_covariance_inference|reference_distinct|static_factor|conditional_failure_rate|,failure_pattern,temporal-covariance-inference,temporal_covariance_inference,reference_distinct,timescale_separation,static_factor,conditional_failure_rate,,0,18,0,ok,,,temporal-covariance-inference/results.csv,failures are invalid plus nonconvergence; denominator is ok plus invalid plus nonconvergence rows
failure_pattern|temporal-covariance-inference|temporal_covariance_inference|reference_distinct|static_factor|raw_cartesian_failure_label_fraction|,failure_pattern,temporal-covariance-inference,temporal_covariance_inference,reference_distinct,timescale_separation,static_factor,raw_cartesian_failure_label_fraction,,0,30,0,ok,,,temporal-covariance-inference/results.csv,failures are invalid plus nonconvergence; denominator is all task/scenario/method raw Cartesian rows
failure_pattern|temporal-covariance-inference|temporal_covariance_inference|reference_distinct|two_stage_pca_smooth|conditional_failure_rate|,failure_pattern,temporal-covariance-inference,temporal_covariance_inference,reference_distinct,timescale_separation,two_stage_pca_smooth,conditional_failure_rate,,0,12,0,ok,,,temporal-covariance-inference/results.csv,failures are invalid plus nonconvergence; denominator is ok plus invalid plus nonconvergence rows
failure_pattern|temporal-covariance-inference|temporal_covariance_inference|reference_distinct|two_stage_pca_smooth|raw_cartesian_failure_label_fraction|,failure_pattern,temporal-covariance-inference,temporal_covariance_inference,reference_distinct,timescale_separation,two_stage_pca_smooth,raw_cartesian_failure_label_fraction,,0,30,0,ok,,,temporal-covariance-inference/results.csv,failures are invalid plus nonconvergence; denominator is all task/scenario/method raw Cartesian rows
failure_pattern|temporal-covariance-inference|temporal_covariance_inference|reference_distinct|wrong_ar_gpfa|conditional_failure_rate|,failure_pattern,temporal-covariance-inference,temporal_covariance_inference,reference_distinct,timescale_separation,wrong_ar_gpfa,conditional_failure_rate,,0,18,0,ok,,,temporal-covariance-inference/results.csv,failures are invalid plus nonconvergence; denominator is ok plus invalid plus nonconvergence rows
failure_pattern|temporal-covariance-inference|temporal_covariance_inference|reference_distinct|wrong_ar_gpfa|raw_cartesian_failure_label_fraction|,failure_pattern,temporal-covariance-inference,temporal_covariance_inference,reference_distinct,timescale_separation,wrong_ar_gpfa,raw_cartesian_failure_label_fraction,,0,30,0,ok,,,temporal-covariance-inference/results.csv,failures are invalid plus nonconvergence; denominator is all task/scenario/method raw Cartesian rows
failure_pattern|temporal-covariance-inference|temporal_covariance_inference|reference_distinct|wrong_timescale_gpfa|conditional_failure_rate|,failure_pattern,temporal-covariance-inference,temporal_covariance_inference,reference_distinct,timescale_separation,wrong_timescale_gpfa,conditional_failure_rate,,0,18,0,ok,,,temporal-covariance-inference/results.csv,failures are invalid plus nonconvergence; denominator is ok plus invalid plus nonconvergence rows
failure_pattern|temporal-covariance-inference|temporal_covariance_inference|reference_distinct|wrong_timescale_gpfa|raw_cartesian_failure_label_fraction|,failure_pattern,temporal-covariance-inference,temporal_covariance_inference,reference_distinct,timescale_separation,wrong_timescale_gpfa,raw_cartesian_failure_label_fraction,,0,30,0,ok,,,temporal-covariance-inference/results.csv,failures are invalid plus nonconvergence; denominator is all task/scenario/method raw Cartesian rows
failure_pattern|temporal-covariance-inference|temporal_covariance_inference|time_block_mask|ar_kalman_filter|conditional_failure_rate|,failure_pattern,temporal-covariance-inference,temporal_covariance_inference,time_block_mask,channel_time_masks,ar_kalman_filter,conditional_failure_rate,,0,15,0,ok,,,temporal-covariance-inference/results.csv,failures are invalid plus nonconvergence; denominator is ok plus invalid plus nonconvergence rows
failure_pattern|temporal-covariance-inference|temporal_covariance_inference|time_block_mask|ar_kalman_filter|raw_cartesian_failure_label_fraction|,failure_pattern,temporal-covariance-inference,temporal_covariance_inference,time_block_mask,channel_time_masks,ar_kalman_filter,raw_cartesian_failure_label_fraction,,0,30,0,ok,,,temporal-covariance-inference/results.csv,failures are invalid plus nonconvergence; denominator is all task/scenario/method raw Cartesian rows
failure_pattern|temporal-covariance-inference|temporal_covariance_inference|time_block_mask|ar_rts_smoother|conditional_failure_rate|,failure_pattern,temporal-covariance-inference,temporal_covariance_inference,time_block_mask,channel_time_masks,ar_rts_smoother,conditional_failure_rate,,0,18,0,ok,,,temporal-covariance-inference/results.csv,failures are invalid plus nonconvergence; denominator is ok plus invalid plus nonconvergence rows
failure_pattern|temporal-covariance-inference|temporal_covariance_inference|time_block_mask|ar_rts_smoother|raw_cartesian_failure_label_fraction|,failure_pattern,temporal-covariance-inference,temporal_covariance_inference,time_block_mask,channel_time_masks,ar_rts_smoother,raw_cartesian_failure_label_fraction,,0,30,0,ok,,,temporal-covariance-inference/results.csv,failures are invalid plus nonconvergence; denominator is all task/scenario/method raw Cartesian rows
failure_pattern|temporal-covariance-inference|temporal_covariance_inference|time_block_mask|exact_gaussian_oracle|conditional_failure_rate|,failure_pattern,temporal-covariance-inference,temporal_covariance_inference,time_block_mask,channel_time_masks,exact_gaussian_oracle,conditional_failure_rate,,0,18,0,ok,,,temporal-covariance-inference/results.csv,failures are invalid plus nonconvergence; denominator is ok plus invalid plus nonconvergence rows
failure_pattern|temporal-covariance-inference|temporal_covariance_inference|time_block_mask|exact_gaussian_oracle|raw_cartesian_failure_label_fraction|,failure_pattern,temporal-covariance-inference,temporal_covariance_inference,time_block_mask,channel_time_masks,exact_gaussian_oracle,raw_cartesian_failure_label_fraction,,0,30,0,ok,,,temporal-covariance-inference/results.csv,failures are invalid plus nonconvergence; denominator is all task/scenario/method raw Cartesian rows
failure_pattern|temporal-covariance-inference|temporal_covariance_inference|time_block_mask|independent_channel_gp|conditional_failure_rate|,failure_pattern,temporal-covariance-inference,temporal_covariance_inference,time_block_mask,channel_time_masks,independent_channel_gp,conditional_failure_rate,,0,6,0,ok,,,temporal-covariance-inference/results.csv,failures are invalid plus nonconvergence; denominator is ok plus invalid plus nonconvergence rows
failure_pattern|temporal-covariance-inference|temporal_covariance_inference|time_block_mask|independent_channel_gp|raw_cartesian_failure_label_fraction|,failure_pattern,temporal-covariance-inference,temporal_covariance_inference,time_block_mask,channel_time_masks,independent_channel_gp,raw_cartesian_failure_label_fraction,,0,30,0,ok,,,temporal-covariance-inference/results.csv,failures are invalid plus nonconvergence; denominator is all task/scenario/method raw Cartesian rows
failure_pattern|temporal-covariance-inference|temporal_covariance_inference|time_block_mask|known_gpfa|conditional_failure_rate|,failure_pattern,temporal-covariance-inference,temporal_covariance_inference,time_block_mask,channel_time_masks,known_gpfa,conditional_failure_rate,,0,21,0,ok,,,temporal-covariance-inference/results.csv,failures are invalid plus nonconvergence; denominator is ok plus invalid plus nonconvergence rows
failure_pattern|temporal-covariance-inference|temporal_covariance_inference|time_block_mask|known_gpfa|raw_cartesian_failure_label_fraction|,failure_pattern,temporal-covariance-inference,temporal_covariance_inference,time_block_mask,channel_time_masks,known_gpfa,raw_cartesian_failure_label_fraction,,0,30,0,ok,,,temporal-covariance-inference/results.csv,failures are invalid plus nonconvergence; denominator is all task/scenario/method raw Cartesian rows
failure_pattern|temporal-covariance-inference|temporal_covariance_inference|time_block_mask|mean_diagonal|conditional_failure_rate|,failure_pattern,temporal-covariance-inference,temporal_covariance_inference,time_block_mask,channel_time_masks,mean_diagonal,conditional_failure_rate,,0,12,0,ok,,,temporal-covariance-inference/results.csv,failures are invalid plus nonconvergence; denominator is ok plus invalid plus nonconvergence rows
failure_pattern|temporal-covariance-inference|temporal_covariance_inference|time_block_mask|mean_diagonal|raw_cartesian_failure_label_fraction|,failure_pattern,temporal-covariance-inference,temporal_covariance_inference,time_block_mask,channel_time_masks,mean_diagonal,raw_cartesian_failure_label_fraction,,0,30,0,ok,,,temporal-covariance-inference/results.csv,failures are invalid plus nonconvergence; denominator is all task/scenario/method raw Cartesian rows
failure_pattern|temporal-covariance-inference|temporal_covariance_inference|time_block_mask|selected_gpfa|conditional_failure_rate|,failure_pattern,temporal-covariance-inference,temporal_covariance_inference,time_block_mask,channel_time_masks,selected_gpfa,conditional_failure_rate,,0,24,0,ok,,,temporal-covariance-inference/results.csv,failures are invalid plus nonconvergence; denominator is ok plus invalid plus nonconvergence rows
failure_pattern|temporal-covariance-inference|temporal_covariance_inference|time_block_mask|selected_gpfa|raw_cartesian_failure_label_fraction|,failure_pattern,temporal-covariance-inference,temporal_covariance_inference,time_block_mask,channel_time_masks,selected_gpfa,raw_cartesian_failure_label_fraction,,0,30,0,ok,,,temporal-covariance-inference/results.csv,failures are invalid plus nonconvergence; denominator is all task/scenario/method raw Cartesian rows
failure_pattern|temporal-covariance-inference|temporal_covariance_inference|time_block_mask|static_factor|conditional_failure_rate|,failure_pattern,temporal-covariance-inference,temporal_covariance_inference,time_block_mask,channel_time_masks,static_factor,conditional_failure_rate,,0,18,0,ok,,,temporal-covariance-inference/results.csv,failures are invalid plus nonconvergence; denominator is ok plus invalid plus nonconvergence rows
failure_pattern|temporal-covariance-inference|temporal_covariance_inference|time_block_mask|static_factor|raw_cartesian_failure_label_fraction|,failure_pattern,temporal-covariance-inference,temporal_covariance_inference,time_block_mask,channel_time_masks,static_factor,raw_cartesian_failure_label_fraction,,0,30,0,ok,,,temporal-covariance-inference/results.csv,failures are invalid plus nonconvergence; denominator is all task/scenario/method raw Cartesian rows
failure_pattern|temporal-covariance-inference|temporal_covariance_inference|time_block_mask|two_stage_pca_smooth|conditional_failure_rate|,failure_pattern,temporal-covariance-inference,temporal_covariance_inference,time_block_mask,channel_time_masks,two_stage_pca_smooth,conditional_failure_rate,,0,12,0,ok,,,temporal-covariance-inference/results.csv,failures are invalid plus nonconvergence; denominator is ok plus invalid plus nonconvergence rows
failure_pattern|temporal-covariance-inference|temporal_covariance_inference|time_block_mask|two_stage_pca_smooth|raw_cartesian_failure_label_fraction|,failure_pattern,temporal-covariance-inference,temporal_covariance_inference,time_block_mask,channel_time_masks,two_stage_pca_smooth,raw_cartesian_failure_label_fraction,,0,30,0,ok,,,temporal-covariance-inference/results.csv,failures are invalid plus nonconvergence; denominator is all task/scenario/method raw Cartesian rows
failure_pattern|temporal-covariance-inference|temporal_covariance_inference|time_block_mask|wrong_ar_gpfa|conditional_failure_rate|,failure_pattern,temporal-covariance-inference,temporal_covariance_inference,time_block_mask,channel_time_masks,wrong_ar_gpfa,conditional_failure_rate,,0,18,0,ok,,,temporal-covariance-inference/results.csv,failures are invalid plus nonconvergence; denominator is ok plus invalid plus nonconvergence rows
failure_pattern|temporal-covariance-inference|temporal_covariance_inference|time_block_mask|wrong_ar_gpfa|raw_cartesian_failure_label_fraction|,failure_pattern,temporal-covariance-inference,temporal_covariance_inference,time_block_mask,channel_time_masks,wrong_ar_gpfa,raw_cartesian_failure_label_fraction,,0,30,0,ok,,,temporal-covariance-inference/results.csv,failures are invalid plus nonconvergence; denominator is all task/scenario/method raw Cartesian rows
failure_pattern|temporal-covariance-inference|temporal_covariance_inference|time_block_mask|wrong_timescale_gpfa|conditional_failure_rate|,failure_pattern,temporal-covariance-inference,temporal_covariance_inference,time_block_mask,channel_time_masks,wrong_timescale_gpfa,conditional_failure_rate,,0,18,0,ok,,,temporal-covariance-inference/results.csv,failures are invalid plus nonconvergence; denominator is ok plus invalid plus nonconvergence rows
failure_pattern|temporal-covariance-inference|temporal_covariance_inference|time_block_mask|wrong_timescale_gpfa|raw_cartesian_failure_label_fraction|,failure_pattern,temporal-covariance-inference,temporal_covariance_inference,time_block_mask,channel_time_masks,wrong_timescale_gpfa,raw_cartesian_failure_label_fraction,,0,30,0,ok,,,temporal-covariance-inference/results.csv,failures are invalid plus nonconvergence; denominator is all task/scenario/method raw Cartesian rows
inventory|demixing-rotational-robustness|demixing|||information_set_count|,inventory,demixing-rotational-robustness,demixing,,,,information_set_count,,4,4,1,ok,,,demixing-rotational-robustness/results.csv,task-specific inventory count; no source metric values imported
inventory|demixing-rotational-robustness|demixing|||information_set_member|design_diagnostic,inventory,demixing-rotational-robustness,demixing,,,,information_set_member,design_diagnostic,1,1,1,ok,,,demixing-rotational-robustness/results.csv,namespaced task vocabulary member
inventory|demixing-rotational-robustness|demixing|||information_set_member|permuted_train_validation_labels,inventory,demixing-rotational-robustness,demixing,,,,information_set_member,permuted_train_validation_labels,1,1,1,ok,,,demixing-rotational-robustness/results.csv,namespaced task vocabulary member
inventory|demixing-rotational-robustness|demixing|||information_set_member|supervised_train,inventory,demixing-rotational-robustness,demixing,,,,information_set_member,supervised_train,1,1,1,ok,,,demixing-rotational-robustness/results.csv,namespaced task vocabulary member
inventory|demixing-rotational-robustness|demixing|||information_set_member|supervised_train_validation,inventory,demixing-rotational-robustness,demixing,,,,information_set_member,supervised_train_validation,1,1,1,ok,,,demixing-rotational-robustness/results.csv,namespaced task vocabulary member
inventory|demixing-rotational-robustness|demixing|||method_count|,inventory,demixing-rotational-robustness,demixing,,,,method_count,,8,8,1,ok,,,demixing-rotational-robustness/results.csv,task-specific inventory count; no source metric values imported
inventory|demixing-rotational-robustness|demixing|||method_member|condition_mean,inventory,demixing-rotational-robustness,demixing,,,,method_member,condition_mean,1,1,1,ok,,,demixing-rotational-robustness/results.csv,namespaced task vocabulary member
inventory|demixing-rotational-robustness|demixing|||method_member|factorial_design_diagnostic,inventory,demixing-rotational-robustness,demixing,,,,method_member,factorial_design_diagnostic,1,1,1,ok,,,demixing-rotational-robustness/results.csv,namespaced task vocabulary member
inventory|demixing-rotational-robustness|demixing|||method_member|marginal_pca,inventory,demixing-rotational-robustness,demixing,,,,method_member,marginal_pca,1,1,1,ok,,,demixing-rotational-robustness/results.csv,namespaced task vocabulary member
inventory|demixing-rotational-robustness|demixing|||method_member|pca,inventory,demixing-rotational-robustness,demixing,,,,method_member,pca,1,1,1,ok,,,demixing-rotational-robustness/results.csv,namespaced task vocabulary member
inventory|demixing-rotational-robustness|demixing|||method_member|ridge_decoder,inventory,demixing-rotational-robustness,demixing,,,,method_member,ridge_decoder,1,1,1,ok,,,demixing-rotational-robustness/results.csv,namespaced task vocabulary member
inventory|demixing-rotational-robustness|demixing|||method_member|selected_dpca,inventory,demixing-rotational-robustness,demixing,,,,method_member,selected_dpca,1,1,1,ok,,,demixing-rotational-robustness/results.csv,namespaced task vocabulary member
inventory|demixing-rotational-robustness|demixing|||method_member|shuffled_decoder_control,inventory,demixing-rotational-robustness,demixing,,,,method_member,shuffled_decoder_control,1,1,1,ok,,,demixing-rotational-robustness/results.csv,namespaced task vocabulary member
inventory|demixing-rotational-robustness|demixing|||method_member|shuffled_dpca_control,inventory,demixing-rotational-robustness,demixing,,,,method_member,shuffled_dpca_control,1,1,1,ok,,,demixing-rotational-robustness/results.csv,namespaced task vocabulary member
inventory|demixing-rotational-robustness|demixing|||metric_count|,inventory,demixing-rotational-robustness,demixing,,,,metric_count,,7,7,1,ok,,,demixing-rotational-robustness/results.csv,task-specific inventory count; no source metric values imported
inventory|demixing-rotational-robustness|demixing|||metric_member|decision_decoding_accuracy,inventory,demixing-rotational-robustness,demixing,,,,metric_member,decision_decoding_accuracy,1,1,1,ok,,,demixing-rotational-robustness/results.csv,namespaced task vocabulary member
inventory|demixing-rotational-robustness|demixing|||metric_member|decision_marginal_nmse,inventory,demixing-rotational-robustness,demixing,,,,metric_member,decision_marginal_nmse,1,1,1,ok,,,demixing-rotational-robustness/results.csv,namespaced task vocabulary member
inventory|demixing-rotational-robustness|demixing|||metric_member|decision_subspace_angle_degrees,inventory,demixing-rotational-robustness,demixing,,,,metric_member,decision_subspace_angle_degrees,1,1,1,ok,,,demixing-rotational-robustness/results.csv,namespaced task vocabulary member
inventory|demixing-rotational-robustness|demixing|||metric_member|factorial_design_rank,inventory,demixing-rotational-robustness,demixing,,,,metric_member,factorial_design_rank,1,1,1,ok,,,demixing-rotational-robustness/results.csv,namespaced task vocabulary member
inventory|demixing-rotational-robustness|demixing|||metric_member|stimulus_decoding_accuracy,inventory,demixing-rotational-robustness,demixing,,,,metric_member,stimulus_decoding_accuracy,1,1,1,ok,,,demixing-rotational-robustness/results.csv,namespaced task vocabulary member
inventory|demixing-rotational-robustness|demixing|||metric_member|stimulus_marginal_nmse,inventory,demixing-rotational-robustness,demixing,,,,metric_member,stimulus_marginal_nmse,1,1,1,ok,,,demixing-rotational-robustness/results.csv,namespaced task vocabulary member
inventory|demixing-rotational-robustness|demixing|||metric_member|stimulus_subspace_angle_degrees,inventory,demixing-rotational-robustness,demixing,,,,metric_member,stimulus_subspace_angle_degrees,1,1,1,ok,,,demixing-rotational-robustness/results.csv,namespaced task vocabulary member
inventory|demixing-rotational-robustness|demixing|||provenance_count|,inventory,demixing-rotational-robustness,demixing,,,,provenance_count,,2,2,1,ok,,,demixing-rotational-robustness/results.csv,task-specific inventory count; no source metric values imported
inventory|demixing-rotational-robustness|demixing|||provenance_member|heldout_test,inventory,demixing-rotational-robustness,demixing,,,,provenance_member,heldout_test,1,1,1,ok,,,demixing-rotational-robustness/results.csv,namespaced task vocabulary member
inventory|demixing-rotational-robustness|demixing|||provenance_member|training_design,inventory,demixing-rotational-robustness,demixing,,,,provenance_member,training_design,1,1,1,ok,,,demixing-rotational-robustness/results.csv,namespaced task vocabulary member
inventory|demixing-rotational-robustness|demixing|||replicate_count|,inventory,demixing-rotational-robustness,demixing,,,,replicate_count,,3,3,1,ok,,,demixing-rotational-robustness/results.csv,task-specific inventory count; no source metric values imported
inventory|demixing-rotational-robustness|demixing|||scenario_count|,inventory,demixing-rotational-robustness,demixing,,,,scenario_count,,9,9,1,ok,,,demixing-rotational-robustness/results.csv,task-specific inventory count; no source metric values imported
inventory|demixing-rotational-robustness|demixing|||source_row_count|,inventory,demixing-rotational-robustness,demixing,,,,source_row_count,,1512,1512,1,ok,,,demixing-rotational-robustness/results.csv,task-specific inventory count; no source metric values imported
inventory|demixing-rotational-robustness|demixing|||status_count|inapplicable,inventory,demixing-rotational-robustness,demixing,,,,status_count,inapplicable,891,1512,0.589285714286,ok,,,demixing-rotational-robustness/results.csv,rate denominator is the task-specific source raw-row count
inventory|demixing-rotational-robustness|demixing|||status_count|invalid,inventory,demixing-rotational-robustness,demixing,,,,status_count,invalid,54,1512,0.0357142857143,ok,,,demixing-rotational-robustness/results.csv,rate denominator is the task-specific source raw-row count
inventory|demixing-rotational-robustness|demixing|||status_count|nonconvergence,inventory,demixing-rotational-robustness,demixing,,,,status_count,nonconvergence,0,1512,0,ok,,,demixing-rotational-robustness/results.csv,rate denominator is the task-specific source raw-row count
inventory|demixing-rotational-robustness|demixing|||status_count|ok,inventory,demixing-rotational-robustness,demixing,,,,status_count,ok,567,1512,0.375,ok,,,demixing-rotational-robustness/results.csv,rate denominator is the task-specific source raw-row count
inventory|demixing-rotational-robustness|demixing|||target_count|,inventory,demixing-rotational-robustness,demixing,,,,target_count,,7,7,1,ok,,,demixing-rotational-robustness/results.csv,task-specific inventory count; no source metric values imported
inventory|demixing-rotational-robustness|demixing|||target_member|decision_label_decoding,inventory,demixing-rotational-robustness,demixing,,,,target_member,decision_label_decoding,1,1,1,ok,,,demixing-rotational-robustness/results.csv,namespaced task vocabulary member
inventory|demixing-rotational-robustness|demixing|||target_member|decision_marginal_reconstruction,inventory,demixing-rotational-robustness,demixing,,,,target_member,decision_marginal_reconstruction,1,1,1,ok,,,demixing-rotational-robustness/results.csv,namespaced task vocabulary member
inventory|demixing-rotational-robustness|demixing|||target_member|decision_marginal_subspace,inventory,demixing-rotational-robustness,demixing,,,,target_member,decision_marginal_subspace,1,1,1,ok,,,demixing-rotational-robustness/results.csv,namespaced task vocabulary member
inventory|demixing-rotational-robustness|demixing|||target_member|factorial_design_identification,inventory,demixing-rotational-robustness,demixing,,,,target_member,factorial_design_identification,1,1,1,ok,,,demixing-rotational-robustness/results.csv,namespaced task vocabulary member
inventory|demixing-rotational-robustness|demixing|||target_member|stimulus_label_decoding,inventory,demixing-rotational-robustness,demixing,,,,target_member,stimulus_label_decoding,1,1,1,ok,,,demixing-rotational-robustness/results.csv,namespaced task vocabulary member
inventory|demixing-rotational-robustness|demixing|||target_member|stimulus_marginal_reconstruction,inventory,demixing-rotational-robustness,demixing,,,,target_member,stimulus_marginal_reconstruction,1,1,1,ok,,,demixing-rotational-robustness/results.csv,namespaced task vocabulary member
inventory|demixing-rotational-robustness|demixing|||target_member|stimulus_marginal_subspace,inventory,demixing-rotational-robustness,demixing,,,,target_member,stimulus_marginal_subspace,1,1,1,ok,,,demixing-rotational-robustness/results.csv,namespaced task vocabulary member
inventory|demixing-rotational-robustness|rotation|||information_set_count|,inventory,demixing-rotational-robustness,rotation,,,,information_set_count,,4,4,1,ok,,,demixing-rotational-robustness/results.csv,task-specific inventory count; no source metric values imported
inventory|demixing-rotational-robustness|rotation|||information_set_member|fixed_reference,inventory,demixing-rotational-robustness,rotation,,,,information_set_member,fixed_reference,1,1,1,ok,,,demixing-rotational-robustness/results.csv,namespaced task vocabulary member
inventory|demixing-rotational-robustness|rotation|||information_set_member|selected_permuted_condition_control,inventory,demixing-rotational-robustness,rotation,,,,information_set_member,selected_permuted_condition_control,1,1,1,ok,,,demixing-rotational-robustness/results.csv,namespaced task vocabulary member
inventory|demixing-rotational-robustness|rotation|||information_set_member|train_fitted_projection,inventory,demixing-rotational-robustness,rotation,,,,information_set_member,train_fitted_projection,1,1,1,ok,,,demixing-rotational-robustness/results.csv,namespaced task vocabulary member
inventory|demixing-rotational-robustness|rotation|||information_set_member|train_known_input,inventory,demixing-rotational-robustness,rotation,,,,information_set_member,train_known_input,1,1,1,ok,,,demixing-rotational-robustness/results.csv,namespaced task vocabulary member
inventory|demixing-rotational-robustness|rotation|||method_count|,inventory,demixing-rotational-robustness,rotation,,,,method_count,,8,8,1,ok,,,demixing-rotational-robustness/results.csv,task-specific inventory count; no source metric values imported
inventory|demixing-rotational-robustness|rotation|||method_member|covariance_shuffle_control,inventory,demixing-rotational-robustness,rotation,,,,method_member,covariance_shuffle_control,1,1,1,ok,,,demixing-rotational-robustness/results.csv,namespaced task vocabulary member
inventory|demixing-rotational-robustness|rotation|||method_member|fixed_plane,inventory,demixing-rotational-robustness,rotation,,,,method_member,fixed_plane,1,1,1,ok,,,demixing-rotational-robustness/results.csv,namespaced task vocabulary member
inventory|demixing-rotational-robustness|rotation|||method_member|input_aware_fit,inventory,demixing-rotational-robustness,rotation,,,,method_member,input_aware_fit,1,1,1,ok,,,demixing-rotational-robustness/results.csv,namespaced task vocabulary member
inventory|demixing-rotational-robustness|rotation|||method_member|pca_plane,inventory,demixing-rotational-robustness,rotation,,,,method_member,pca_plane,1,1,1,ok,,,demixing-rotational-robustness/results.csv,namespaced task vocabulary member
inventory|demixing-rotational-robustness|rotation|||method_member|random_plane,inventory,demixing-rotational-robustness,rotation,,,,method_member,random_plane,1,1,1,ok,,,demixing-rotational-robustness/results.csv,namespaced task vocabulary member
inventory|demixing-rotational-robustness|rotation|||method_member|skew_fit,inventory,demixing-rotational-robustness,rotation,,,,method_member,skew_fit,1,1,1,ok,,,demixing-rotational-robustness/results.csv,namespaced task vocabulary member
inventory|demixing-rotational-robustness|rotation|||method_member|symmetric_fit,inventory,demixing-rotational-robustness,rotation,,,,method_member,symmetric_fit,1,1,1,ok,,,demixing-rotational-robustness/results.csv,namespaced task vocabulary member
inventory|demixing-rotational-robustness|rotation|||method_member|unrestricted_fit,inventory,demixing-rotational-robustness,rotation,,,,method_member,unrestricted_fit,1,1,1,ok,,,demixing-rotational-robustness/results.csv,namespaced task vocabulary member
inventory|demixing-rotational-robustness|rotation|||metric_count|,inventory,demixing-rotational-robustness,rotation,,,,metric_count,,5,5,1,ok,,,demixing-rotational-robustness/results.csv,task-specific inventory count; no source metric values imported
inventory|demixing-rotational-robustness|rotation|||metric_member|angular_rate_abs_error,inventory,demixing-rotational-robustness,rotation,,,,metric_member,angular_rate_abs_error,1,1,1,ok,,,demixing-rotational-robustness/results.csv,namespaced task vocabulary member
inventory|demixing-rotational-robustness|rotation|||metric_member|covariance_similarity,inventory,demixing-rotational-robustness,rotation,,,,metric_member,covariance_similarity,1,1,1,ok,,,demixing-rotational-robustness/results.csv,namespaced task vocabulary member
inventory|demixing-rotational-robustness|rotation|||metric_member|derivative_rmse,inventory,demixing-rotational-robustness,rotation,,,,metric_member,derivative_rmse,1,1,1,ok,,,demixing-rotational-robustness/results.csv,namespaced task vocabulary member
inventory|demixing-rotational-robustness|rotation|||metric_member|plane_angle_degrees,inventory,demixing-rotational-robustness,rotation,,,,metric_member,plane_angle_degrees,1,1,1,ok,,,demixing-rotational-robustness/results.csv,namespaced task vocabulary member
inventory|demixing-rotational-robustness|rotation|||metric_member|tangential_velocity_ratio,inventory,demixing-rotational-robustness,rotation,,,,metric_member,tangential_velocity_ratio,1,1,1,ok,,,demixing-rotational-robustness/results.csv,namespaced task vocabulary member
inventory|demixing-rotational-robustness|rotation|||provenance_count|,inventory,demixing-rotational-robustness,rotation,,,,provenance_count,,3,3,1,ok,,,demixing-rotational-robustness/results.csv,task-specific inventory count; no source metric values imported
inventory|demixing-rotational-robustness|rotation|||provenance_member|heldout_test,inventory,demixing-rotational-robustness,rotation,,,,provenance_member,heldout_test,1,1,1,ok,,,demixing-rotational-robustness/results.csv,namespaced task vocabulary member
inventory|demixing-rotational-robustness|rotation|||provenance_member|training_fit_against_known_truth,inventory,demixing-rotational-robustness,rotation,,,,provenance_member,training_fit_against_known_truth,1,1,1,ok,,,demixing-rotational-robustness/results.csv,namespaced task vocabulary member
inventory|demixing-rotational-robustness|rotation|||provenance_member|training_selected_permutation_control,inventory,demixing-rotational-robustness,rotation,,,,provenance_member,training_selected_permutation_control,1,1,1,ok,,,demixing-rotational-robustness/results.csv,namespaced task vocabulary member
inventory|demixing-rotational-robustness|rotation|||replicate_count|,inventory,demixing-rotational-robustness,rotation,,,,replicate_count,,3,3,1,ok,,,demixing-rotational-robustness/results.csv,task-specific inventory count; no source metric values imported
inventory|demixing-rotational-robustness|rotation|||scenario_count|,inventory,demixing-rotational-robustness,rotation,,,,scenario_count,,10,10,1,ok,,,demixing-rotational-robustness/results.csv,task-specific inventory count; no source metric values imported
inventory|demixing-rotational-robustness|rotation|||source_row_count|,inventory,demixing-rotational-robustness,rotation,,,,source_row_count,,1200,1200,1,ok,,,demixing-rotational-robustness/results.csv,task-specific inventory count; no source metric values imported
inventory|demixing-rotational-robustness|rotation|||status_count|inapplicable,inventory,demixing-rotational-robustness,rotation,,,,status_count,inapplicable,726,1200,0.605,ok,,,demixing-rotational-robustness/results.csv,rate denominator is the task-specific source raw-row count
inventory|demixing-rotational-robustness|rotation|||status_count|invalid,inventory,demixing-rotational-robustness,rotation,,,,status_count,invalid,0,1200,0,ok,,,demixing-rotational-robustness/results.csv,rate denominator is the task-specific source raw-row count
inventory|demixing-rotational-robustness|rotation|||status_count|nonconvergence,inventory,demixing-rotational-robustness,rotation,,,,status_count,nonconvergence,0,1200,0,ok,,,demixing-rotational-robustness/results.csv,rate denominator is the task-specific source raw-row count
inventory|demixing-rotational-robustness|rotation|||status_count|ok,inventory,demixing-rotational-robustness,rotation,,,,status_count,ok,474,1200,0.395,ok,,,demixing-rotational-robustness/results.csv,rate denominator is the task-specific source raw-row count
inventory|demixing-rotational-robustness|rotation|||target_count|,inventory,demixing-rotational-robustness,rotation,,,,target_count,,5,5,1,ok,,,demixing-rotational-robustness/results.csv,task-specific inventory count; no source metric values imported
inventory|demixing-rotational-robustness|rotation|||target_member|angular_rate,inventory,demixing-rotational-robustness,rotation,,,,target_member,angular_rate,1,1,1,ok,,,demixing-rotational-robustness/results.csv,namespaced task vocabulary member
inventory|demixing-rotational-robustness|rotation|||target_member|condition_covariance_control,inventory,demixing-rotational-robustness,rotation,,,,target_member,condition_covariance_control,1,1,1,ok,,,demixing-rotational-robustness/results.csv,namespaced task vocabulary member
inventory|demixing-rotational-robustness|rotation|||target_member|heldout_derivative_prediction,inventory,demixing-rotational-robustness,rotation,,,,target_member,heldout_derivative_prediction,1,1,1,ok,,,demixing-rotational-robustness/results.csv,namespaced task vocabulary member
inventory|demixing-rotational-robustness|rotation|||target_member|plane_tangential_motion,inventory,demixing-rotational-robustness,rotation,,,,target_member,plane_tangential_motion,1,1,1,ok,,,demixing-rotational-robustness/results.csv,namespaced task vocabulary member
inventory|demixing-rotational-robustness|rotation|||target_member|rotational_plane,inventory,demixing-rotational-robustness,rotation,,,,target_member,rotational_plane,1,1,1,ok,,,demixing-rotational-robustness/results.csv,namespaced task vocabulary member
inventory|linear-gaussian-robustness|linear_gaussian_inference|||information_set_count|,inventory,linear-gaussian-robustness,linear_gaussian_inference,,,,information_set_count,,7,7,1,ok,,,linear-gaussian-robustness/results.csv,task-specific inventory count; no source metric values imported
inventory|linear-gaussian-robustness|linear_gaussian_inference|||information_set_member|fixed_reference,inventory,linear-gaussian-robustness,linear_gaussian_inference,,,,information_set_member,fixed_reference,1,1,1,ok,,,linear-gaussian-robustness/results.csv,namespaced task vocabulary member
inventory|linear-gaussian-robustness|linear_gaussian_inference|||information_set_member|invalid_cross_sequence_history,inventory,linear-gaussian-robustness,linear_gaussian_inference,,,,information_set_member,invalid_cross_sequence_history,1,1,1,ok,,,linear-gaussian-robustness/results.csv,namespaced task vocabulary member
inventory|linear-gaussian-robustness|linear_gaussian_inference|||information_set_member|online_current_and_past,inventory,linear-gaussian-robustness,linear_gaussian_inference,,,,information_set_member,online_current_and_past,1,1,1,ok,,,linear-gaussian-robustness/results.csv,namespaced task vocabulary member
inventory|linear-gaussian-robustness|linear_gaussian_inference|||information_set_member|online_first_observation,inventory,linear-gaussian-robustness,linear_gaussian_inference,,,,information_set_member,online_first_observation,1,1,1,ok,,,linear-gaussian-robustness/results.csv,namespaced task vocabulary member
inventory|linear-gaussian-robustness|linear_gaussian_inference|||information_set_member|online_observation_history,inventory,linear-gaussian-robustness,linear_gaussian_inference,,,,information_set_member,online_observation_history,1,1,1,ok,,,linear-gaussian-robustness/results.csv,namespaced task vocabulary member
inventory|linear-gaussian-robustness|linear_gaussian_inference|||information_set_member|oracle_retrospective_full_interval,inventory,linear-gaussian-robustness,linear_gaussian_inference,,,,information_set_member,oracle_retrospective_full_interval,1,1,1,ok,,,linear-gaussian-robustness/results.csv,namespaced task vocabulary member
inventory|linear-gaussian-robustness|linear_gaussian_inference|||information_set_member|retrospective_full_interval,inventory,linear-gaussian-robustness,linear_gaussian_inference,,,,information_set_member,retrospective_full_interval,1,1,1,ok,,,linear-gaussian-robustness/results.csv,namespaced task vocabulary member
inventory|linear-gaussian-robustness|linear_gaussian_inference|||method_count|,inventory,linear-gaussian-robustness,linear_gaussian_inference,,,,method_count,,11,11,1,ok,,,linear-gaussian-robustness/results.csv,task-specific inventory count; no source metric values imported
inventory|linear-gaussian-robustness|linear_gaussian_inference|||method_member|batch_conditioning_oracle,inventory,linear-gaussian-robustness,linear_gaussian_inference,,,,method_member,batch_conditioning_oracle,1,1,1,ok,,,linear-gaussian-robustness/results.csv,namespaced task vocabulary member
inventory|linear-gaussian-robustness|linear_gaussian_inference|||method_member|false_continuation_filter,inventory,linear-gaussian-robustness,linear_gaussian_inference,,,,method_member,false_continuation_filter,1,1,1,ok,,,linear-gaussian-robustness/results.csv,namespaced task vocabulary member
inventory|linear-gaussian-robustness|linear_gaussian_inference|||method_member|known_kalman_filter,inventory,linear-gaussian-robustness,linear_gaussian_inference,,,,method_member,known_kalman_filter,1,1,1,ok,,,linear-gaussian-robustness/results.csv,namespaced task vocabulary member
inventory|linear-gaussian-robustness|linear_gaussian_inference|||method_member|known_rts_smoother,inventory,linear-gaussian-robustness,linear_gaussian_inference,,,,method_member,known_rts_smoother,1,1,1,ok,,,linear-gaussian-robustness/results.csv,namespaced task vocabulary member
inventory|linear-gaussian-robustness|linear_gaussian_inference|||method_member|misspecified_kalman_filter,inventory,linear-gaussian-robustness,linear_gaussian_inference,,,,method_member,misspecified_kalman_filter,1,1,1,ok,,,linear-gaussian-robustness/results.csv,namespaced task vocabulary member
inventory|linear-gaussian-robustness|linear_gaussian_inference|||method_member|misspecified_rts_smoother,inventory,linear-gaussian-robustness,linear_gaussian_inference,,,,method_member,misspecified_rts_smoother,1,1,1,ok,,,linear-gaussian-robustness/results.csv,namespaced task vocabulary member
inventory|linear-gaussian-robustness|linear_gaussian_inference|||method_member|open_loop,inventory,linear-gaussian-robustness,linear_gaussian_inference,,,,method_member,open_loop,1,1,1,ok,,,linear-gaussian-robustness/results.csv,namespaced task vocabulary member
inventory|linear-gaussian-robustness|linear_gaussian_inference|||method_member|persistence,inventory,linear-gaussian-robustness,linear_gaussian_inference,,,,method_member,persistence,1,1,1,ok,,,linear-gaussian-robustness/results.csv,namespaced task vocabulary member
inventory|linear-gaussian-robustness|linear_gaussian_inference|||method_member|selected_kalman_filter,inventory,linear-gaussian-robustness,linear_gaussian_inference,,,,method_member,selected_kalman_filter,1,1,1,ok,,,linear-gaussian-robustness/results.csv,namespaced task vocabulary member
inventory|linear-gaussian-robustness|linear_gaussian_inference|||method_member|selected_rts_smoother,inventory,linear-gaussian-robustness,linear_gaussian_inference,,,,method_member,selected_rts_smoother,1,1,1,ok,,,linear-gaussian-robustness/results.csv,namespaced task vocabulary member
inventory|linear-gaussian-robustness|linear_gaussian_inference|||method_member|stationary_mean,inventory,linear-gaussian-robustness,linear_gaussian_inference,,,,method_member,stationary_mean,1,1,1,ok,,,linear-gaussian-robustness/results.csv,namespaced task vocabulary member
inventory|linear-gaussian-robustness|linear_gaussian_inference|||metric_count|,inventory,linear-gaussian-robustness,linear_gaussian_inference,,,,metric_count,,9,9,1,ok,,,linear-gaussian-robustness/results.csv,task-specific inventory count; no source metric values imported
inventory|linear-gaussian-robustness|linear_gaussian_inference|||metric_member|inside_missing_block_rmse,inventory,linear-gaussian-robustness,linear_gaussian_inference,,,,metric_member,inside_missing_block_rmse,1,1,1,ok,,,linear-gaussian-robustness/results.csv,namespaced task vocabulary member
inventory|linear-gaussian-robustness|linear_gaussian_inference|||metric_member|interval_95_coverage,inventory,linear-gaussian-robustness,linear_gaussian_inference,,,,metric_member,interval_95_coverage,1,1,1,ok,,,linear-gaussian-robustness/results.csv,namespaced task vocabulary member
inventory|linear-gaussian-robustness|linear_gaussian_inference|||metric_member|latent_rmse,inventory,linear-gaussian-robustness,linear_gaussian_inference,,,,metric_member,latent_rmse,1,1,1,ok,,,linear-gaussian-robustness/results.csv,namespaced task vocabulary member
inventory|linear-gaussian-robustness|linear_gaussian_inference|||metric_member|mean_posterior_variance,inventory,linear-gaussian-robustness,linear_gaussian_inference,,,,metric_member,mean_posterior_variance,1,1,1,ok,,,linear-gaussian-robustness/results.csv,namespaced task vocabulary member
inventory|linear-gaussian-robustness|linear_gaussian_inference|||metric_member|oracle_mean_discrepancy,inventory,linear-gaussian-robustness,linear_gaussian_inference,,,,metric_member,oracle_mean_discrepancy,1,1,1,ok,,,linear-gaussian-robustness/results.csv,namespaced task vocabulary member
inventory|linear-gaussian-robustness|linear_gaussian_inference|||metric_member|outside_missing_block_rmse,inventory,linear-gaussian-robustness,linear_gaussian_inference,,,,metric_member,outside_missing_block_rmse,1,1,1,ok,,,linear-gaussian-robustness/results.csv,namespaced task vocabulary member
inventory|linear-gaussian-robustness|linear_gaussian_inference|||metric_member|predictive_nll,inventory,linear-gaussian-robustness,linear_gaussian_inference,,,,metric_member,predictive_nll,1,1,1,ok,,,linear-gaussian-robustness/results.csv,namespaced task vocabulary member
inventory|linear-gaussian-robustness|linear_gaussian_inference|||metric_member|reset_first_state_abs_difference,inventory,linear-gaussian-robustness,linear_gaussian_inference,,,,metric_member,reset_first_state_abs_difference,1,1,1,ok,,,linear-gaussian-robustness/results.csv,namespaced task vocabulary member
inventory|linear-gaussian-robustness|linear_gaussian_inference|||metric_member|selection_parameter_l1,inventory,linear-gaussian-robustness,linear_gaussian_inference,,,,metric_member,selection_parameter_l1,1,1,1,ok,,,linear-gaussian-robustness/results.csv,namespaced task vocabulary member
inventory|linear-gaussian-robustness|linear_gaussian_inference|||provenance_count|,inventory,linear-gaussian-robustness,linear_gaussian_inference,,,,provenance_count,,1,1,1,ok,,,linear-gaussian-robustness/results.csv,task-specific inventory count; no source metric values imported
inventory|linear-gaussian-robustness|linear_gaussian_inference|||provenance_member|split:test,inventory,linear-gaussian-robustness,linear_gaussian_inference,,,,provenance_member,split:test,1,1,1,ok,,,linear-gaussian-robustness/results.csv,namespaced task vocabulary member
inventory|linear-gaussian-robustness|linear_gaussian_inference|||replicate_count|,inventory,linear-gaussian-robustness,linear_gaussian_inference,,,,replicate_count,,5,5,1,ok,,,linear-gaussian-robustness/results.csv,task-specific inventory count; no source metric values imported
inventory|linear-gaussian-robustness|linear_gaussian_inference|||scenario_count|,inventory,linear-gaussian-robustness,linear_gaussian_inference,,,,scenario_count,,11,11,1,ok,,,linear-gaussian-robustness/results.csv,task-specific inventory count; no source metric values imported
inventory|linear-gaussian-robustness|linear_gaussian_inference|||source_row_count|,inventory,linear-gaussian-robustness,linear_gaussian_inference,,,,source_row_count,,5445,5445,1,ok,,,linear-gaussian-robustness/results.csv,task-specific inventory count; no source metric values imported
inventory|linear-gaussian-robustness|linear_gaussian_inference|||status_count|inapplicable,inventory,linear-gaussian-robustness,linear_gaussian_inference,,,,status_count,inapplicable,3930,5445,0.721763085399,ok,,,linear-gaussian-robustness/results.csv,rate denominator is the task-specific source raw-row count
inventory|linear-gaussian-robustness|linear_gaussian_inference|||status_count|invalid,inventory,linear-gaussian-robustness,linear_gaussian_inference,,,,status_count,invalid,0,5445,0,ok,,,linear-gaussian-robustness/results.csv,rate denominator is the task-specific source raw-row count
inventory|linear-gaussian-robustness|linear_gaussian_inference|||status_count|nonconvergence,inventory,linear-gaussian-robustness,linear_gaussian_inference,,,,status_count,nonconvergence,0,5445,0,ok,,,linear-gaussian-robustness/results.csv,rate denominator is the task-specific source raw-row count
inventory|linear-gaussian-robustness|linear_gaussian_inference|||status_count|ok,inventory,linear-gaussian-robustness,linear_gaussian_inference,,,,status_count,ok,1515,5445,0.278236914601,ok,,,linear-gaussian-robustness/results.csv,rate denominator is the task-specific source raw-row count
inventory|linear-gaussian-robustness|linear_gaussian_inference|||target_count|,inventory,linear-gaussian-robustness,linear_gaussian_inference,,,,target_count,,7,7,1,ok,,,linear-gaussian-robustness/results.csv,task-specific inventory count; no source metric values imported
inventory|linear-gaussian-robustness|linear_gaussian_inference|||target_member|boundary_reset_diagnostic,inventory,linear-gaussian-robustness,linear_gaussian_inference,,,,target_member,boundary_reset_diagnostic,1,1,1,ok,,,linear-gaussian-robustness/results.csv,namespaced task vocabulary member
inventory|linear-gaussian-robustness|linear_gaussian_inference|||target_member|numerical_correctness_reference,inventory,linear-gaussian-robustness,linear_gaussian_inference,,,,target_member,numerical_correctness_reference,1,1,1,ok,,,linear-gaussian-robustness/results.csv,namespaced task vocabulary member
inventory|linear-gaussian-robustness|linear_gaussian_inference|||target_member|one_step_observation_prediction,inventory,linear-gaussian-robustness,linear_gaussian_inference,,,,target_member,one_step_observation_prediction,1,1,1,ok,,,linear-gaussian-robustness/results.csv,namespaced task vocabulary member
inventory|linear-gaussian-robustness|linear_gaussian_inference|||target_member|online_state,inventory,linear-gaussian-robustness,linear_gaussian_inference,,,,target_member,online_state,1,1,1,ok,,,linear-gaussian-robustness/results.csv,namespaced task vocabulary member
inventory|linear-gaussian-robustness|linear_gaussian_inference|||target_member|point_state,inventory,linear-gaussian-robustness,linear_gaussian_inference,,,,target_member,point_state,1,1,1,ok,,,linear-gaussian-robustness/results.csv,namespaced task vocabulary member
inventory|linear-gaussian-robustness|linear_gaussian_inference|||target_member|retrospective_state,inventory,linear-gaussian-robustness,linear_gaussian_inference,,,,target_member,retrospective_state,1,1,1,ok,,,linear-gaussian-robustness/results.csv,namespaced task vocabulary member
inventory|linear-gaussian-robustness|linear_gaussian_inference|||target_member|selected_parameter_tuple,inventory,linear-gaussian-robustness,linear_gaussian_inference,,,,target_member,selected_parameter_tuple,1,1,1,ok,,,linear-gaussian-robustness/results.csv,namespaced task vocabulary member
inventory|nonlinear-graph-robustness|graph|||information_set_count|,inventory,nonlinear-graph-robustness,graph,,,,information_set_count,,2,2,1,ok,,,nonlinear-graph-robustness/results.csv,task-specific inventory count; no source metric values imported
inventory|nonlinear-graph-robustness|graph|||information_set_member|frozen_train_graph_heldout_extension,inventory,nonlinear-graph-robustness,graph,,,,information_set_member,frozen_train_graph_heldout_extension,1,1,1,ok,,,nonlinear-graph-robustness/results.csv,namespaced task vocabulary member
inventory|nonlinear-graph-robustness|graph|||information_set_member|training_graph_operator_diagnostic,inventory,nonlinear-graph-robustness,graph,,,,information_set_member,training_graph_operator_diagnostic,1,1,1,ok,,,nonlinear-graph-robustness/results.csv,namespaced task vocabulary member
inventory|nonlinear-graph-robustness|graph|||method_count|,inventory,nonlinear-graph-robustness,graph,,,,method_count,,8,8,1,ok,,,nonlinear-graph-robustness/results.csv,task-specific inventory count; no source metric values imported
inventory|nonlinear-graph-robustness|graph|||method_member|ambient_mds,inventory,nonlinear-graph-robustness,graph,,,,method_member,ambient_mds,1,1,1,ok,,,nonlinear-graph-robustness/results.csv,namespaced task vocabulary member
inventory|nonlinear-graph-robustness|graph|||method_member|diffusion_maps,inventory,nonlinear-graph-robustness,graph,,,,method_member,diffusion_maps,1,1,1,ok,,,nonlinear-graph-robustness/results.csv,namespaced task vocabulary member
inventory|nonlinear-graph-robustness|graph|||method_member|direct_operator,inventory,nonlinear-graph-robustness,graph,,,,method_member,direct_operator,1,1,1,ok,,,nonlinear-graph-robustness/results.csv,namespaced task vocabulary member
inventory|nonlinear-graph-robustness|graph|||method_member|graph_diagnostics,inventory,nonlinear-graph-robustness,graph,,,,method_member,graph_diagnostics,1,1,1,ok,,,nonlinear-graph-robustness/results.csv,namespaced task vocabulary member
inventory|nonlinear-graph-robustness|graph|||method_member|isomap,inventory,nonlinear-graph-robustness,graph,,,,method_member,isomap,1,1,1,ok,,,nonlinear-graph-robustness/results.csv,namespaced task vocabulary member
inventory|nonlinear-graph-robustness|graph|||method_member|mean,inventory,nonlinear-graph-robustness,graph,,,,method_member,mean,1,1,1,ok,,,nonlinear-graph-robustness/results.csv,namespaced task vocabulary member
inventory|nonlinear-graph-robustness|graph|||method_member|nystrom_extension,inventory,nonlinear-graph-robustness,graph,,,,method_member,nystrom_extension,1,1,1,ok,,,nonlinear-graph-robustness/results.csv,namespaced task vocabulary member
inventory|nonlinear-graph-robustness|graph|||method_member|pca,inventory,nonlinear-graph-robustness,graph,,,,method_member,pca,1,1,1,ok,,,nonlinear-graph-robustness/results.csv,namespaced task vocabulary member
inventory|nonlinear-graph-robustness|graph|||metric_count|,inventory,nonlinear-graph-robustness,graph,,,,metric_count,,11,11,1,ok,,,nonlinear-graph-robustness/results.csv,task-specific inventory count; no source metric values imported
inventory|nonlinear-graph-robustness|graph|||metric_member|component_count,inventory,nonlinear-graph-robustness,graph,,,,metric_member,component_count,1,1,1,ok,,,nonlinear-graph-robustness/results.csv,namespaced task vocabulary member
inventory|nonlinear-graph-robustness|graph|||metric_member|diffusion_eigenspace_angle_max_degrees,inventory,nonlinear-graph-robustness,graph,,,,metric_member,diffusion_eigenspace_angle_max_degrees,1,1,1,ok,,,nonlinear-graph-robustness/results.csv,namespaced task vocabulary member
inventory|nonlinear-graph-robustness|graph|||metric_member|diffusion_truncation_relative_rmse,inventory,nonlinear-graph-robustness,graph,,,,metric_member,diffusion_truncation_relative_rmse,1,1,1,ok,,,nonlinear-graph-robustness/results.csv,namespaced task vocabulary member
inventory|nonlinear-graph-robustness|graph|||metric_member|direct_spectral_distance_max_abs,inventory,nonlinear-graph-robustness,graph,,,,metric_member,direct_spectral_distance_max_abs,1,1,1,ok,,,nonlinear-graph-robustness/results.csv,namespaced task vocabulary member
inventory|nonlinear-graph-robustness|graph|||metric_member|graph_distance_relative_rmse,inventory,nonlinear-graph-robustness,graph,,,,metric_member,graph_distance_relative_rmse,1,1,1,ok,,,nonlinear-graph-robustness/results.csv,namespaced task vocabulary member
inventory|nonlinear-graph-robustness|graph|||metric_member|heldout_coordinate_rmse,inventory,nonlinear-graph-robustness,graph,,,,metric_member,heldout_coordinate_rmse,1,1,1,ok,,,nonlinear-graph-robustness/results.csv,namespaced task vocabulary member
inventory|nonlinear-graph-robustness|graph|||metric_member|heldout_extension_rmse,inventory,nonlinear-graph-robustness,graph,,,,metric_member,heldout_extension_rmse,1,1,1,ok,,,nonlinear-graph-robustness/results.csv,namespaced task vocabulary member
inventory|nonlinear-graph-robustness|graph|||metric_member|infinite_pair_rate,inventory,nonlinear-graph-robustness,graph,,,,metric_member,infinite_pair_rate,1,1,1,ok,,,nonlinear-graph-robustness/results.csv,namespaced task vocabulary member
inventory|nonlinear-graph-robustness|graph|||metric_member|material_shortcut_rate,inventory,nonlinear-graph-robustness,graph,,,,metric_member,material_shortcut_rate,1,1,1,ok,,,nonlinear-graph-robustness/results.csv,namespaced task vocabulary member
inventory|nonlinear-graph-robustness|graph|||metric_member|mds_negative_eigenmass,inventory,nonlinear-graph-robustness,graph,,,,metric_member,mds_negative_eigenmass,1,1,1,ok,,,nonlinear-graph-robustness/results.csv,namespaced task vocabulary member
inventory|nonlinear-graph-robustness|graph|||metric_member|operator_row_sum_max_abs,inventory,nonlinear-graph-robustness,graph,,,,metric_member,operator_row_sum_max_abs,1,1,1,ok,,,nonlinear-graph-robustness/results.csv,namespaced task vocabulary member
inventory|nonlinear-graph-robustness|graph|||provenance_count|,inventory,nonlinear-graph-robustness,graph,,,,provenance_count,,2,2,1,ok,,,nonlinear-graph-robustness/results.csv,task-specific inventory count; no source metric values imported
inventory|nonlinear-graph-robustness|graph|||provenance_member|test_extension,inventory,nonlinear-graph-robustness,graph,,,,provenance_member,test_extension,1,1,1,ok,,,nonlinear-graph-robustness/results.csv,namespaced task vocabulary member
inventory|nonlinear-graph-robustness|graph|||provenance_member|train_diagnostic,inventory,nonlinear-graph-robustness,graph,,,,provenance_member,train_diagnostic,1,1,1,ok,,,nonlinear-graph-robustness/results.csv,namespaced task vocabulary member
inventory|nonlinear-graph-robustness|graph|||replicate_count|,inventory,nonlinear-graph-robustness,graph,,,,replicate_count,,3,3,1,ok,,,nonlinear-graph-robustness/results.csv,task-specific inventory count; no source metric values imported
inventory|nonlinear-graph-robustness|graph|||scenario_count|,inventory,nonlinear-graph-robustness,graph,,,,scenario_count,,13,13,1,ok,,,nonlinear-graph-robustness/results.csv,task-specific inventory count; no source metric values imported
inventory|nonlinear-graph-robustness|graph|||source_row_count|,inventory,nonlinear-graph-robustness,graph,,,,source_row_count,,3432,3432,1,ok,,,nonlinear-graph-robustness/results.csv,task-specific inventory count; no source metric values imported
inventory|nonlinear-graph-robustness|graph|||status_count|inapplicable,inventory,nonlinear-graph-robustness,graph,,,,status_count,inapplicable,3133,3432,0.912878787879,ok,,,nonlinear-graph-robustness/results.csv,rate denominator is the task-specific source raw-row count
inventory|nonlinear-graph-robustness|graph|||status_count|invalid,inventory,nonlinear-graph-robustness,graph,,,,status_count,invalid,0,3432,0,ok,,,nonlinear-graph-robustness/results.csv,rate denominator is the task-specific source raw-row count
inventory|nonlinear-graph-robustness|graph|||status_count|nonconvergence,inventory,nonlinear-graph-robustness,graph,,,,status_count,nonconvergence,0,3432,0,ok,,,nonlinear-graph-robustness/results.csv,rate denominator is the task-specific source raw-row count
inventory|nonlinear-graph-robustness|graph|||status_count|ok,inventory,nonlinear-graph-robustness,graph,,,,status_count,ok,299,3432,0.0871212121212,ok,,,nonlinear-graph-robustness/results.csv,rate denominator is the task-specific source raw-row count
inventory|nonlinear-graph-robustness|graph|||target_count|,inventory,nonlinear-graph-robustness,graph,,,,target_count,,11,11,1,ok,,,nonlinear-graph-robustness/results.csv,task-specific inventory count; no source metric values imported
inventory|nonlinear-graph-robustness|graph|||target_member|classical_mds_euclideanity_diagnostic,inventory,nonlinear-graph-robustness,graph,,,,target_member,classical_mds_euclideanity_diagnostic,1,1,1,ok,,,nonlinear-graph-robustness/results.csv,namespaced task vocabulary member
inventory|nonlinear-graph-robustness|graph|||target_member|finite_operator_numerical_oracle,inventory,nonlinear-graph-robustness,graph,,,,target_member,finite_operator_numerical_oracle,1,1,1,ok,,,nonlinear-graph-robustness/results.csv,namespaced task vocabulary member
inventory|nonlinear-graph-robustness|graph|||target_member|finite_training_graph_connectivity_diagnostic,inventory,nonlinear-graph-robustness,graph,,,,target_member,finite_training_graph_connectivity_diagnostic,1,1,1,ok,,,nonlinear-graph-robustness/results.csv,namespaced task vocabulary member
inventory|nonlinear-graph-robustness|graph|||target_member|finite_training_graph_disconnection_diagnostic,inventory,nonlinear-graph-robustness,graph,,,,target_member,finite_training_graph_disconnection_diagnostic,1,1,1,ok,,,nonlinear-graph-robustness/results.csv,namespaced task vocabulary member
inventory|nonlinear-graph-robustness|graph|||target_member|full_finite_operator_diffusion_distance,inventory,nonlinear-graph-robustness,graph,,,,target_member,full_finite_operator_diffusion_distance,1,1,1,ok,,,nonlinear-graph-robustness/results.csv,namespaced task vocabulary member
inventory|nonlinear-graph-robustness|graph|||target_member|heldout_cosine_sine_extension_after_train_alignment,inventory,nonlinear-graph-robustness,graph,,,,target_member,heldout_cosine_sine_extension_after_train_alignment,1,1,1,ok,,,nonlinear-graph-robustness/results.csv,namespaced task vocabulary member
inventory|nonlinear-graph-robustness|graph|||target_member|known_hairpin_pairwise_arc_separation,inventory,nonlinear-graph-robustness,graph,,,,target_member,known_hairpin_pairwise_arc_separation,1,1,1,ok,,,nonlinear-graph-robustness/results.csv,namespaced task vocabulary member
inventory|nonlinear-graph-robustness|graph|||target_member|known_hairpin_path_underestimation_diagnostic,inventory,nonlinear-graph-robustness,graph,,,,target_member,known_hairpin_path_underestimation_diagnostic,1,1,1,ok,,,nonlinear-graph-robustness/results.csv,namespaced task vocabulary member
inventory|nonlinear-graph-robustness|graph|||target_member|l2_pi_cosine_sine_eigenspace_diagnostic,inventory,nonlinear-graph-robustness,graph,,,,target_member,l2_pi_cosine_sine_eigenspace_diagnostic,1,1,1,ok,,,nonlinear-graph-robustness/results.csv,namespaced task vocabulary member
inventory|nonlinear-graph-robustness|graph|||target_member|markov_operator_numerical_oracle,inventory,nonlinear-graph-robustness,graph,,,,target_member,markov_operator_numerical_oracle,1,1,1,ok,,,nonlinear-graph-robustness/results.csv,namespaced task vocabulary member
inventory|nonlinear-graph-robustness|graph|||target_member|scoring_aligned_known_hairpin_arc_length,inventory,nonlinear-graph-robustness,graph,,,,target_member,scoring_aligned_known_hairpin_arc_length,1,1,1,ok,,,nonlinear-graph-robustness/results.csv,namespaced task vocabulary member
inventory|nonlinear-graph-robustness|reconstruction|||information_set_count|,inventory,nonlinear-graph-robustness,reconstruction,,,,information_set_count,,1,1,1,ok,,,nonlinear-graph-robustness/results.csv,task-specific inventory count; no source metric values imported
inventory|nonlinear-graph-robustness|reconstruction|||information_set_member|train_validation_fit_frozen_test_recovery,inventory,nonlinear-graph-robustness,reconstruction,,,,information_set_member,train_validation_fit_frozen_test_recovery,1,1,1,ok,,,nonlinear-graph-robustness/results.csv,namespaced task vocabulary member
inventory|nonlinear-graph-robustness|reconstruction|||method_count|,inventory,nonlinear-graph-robustness,reconstruction,,,,method_count,,5,5,1,ok,,,nonlinear-graph-robustness/results.csv,task-specific inventory count; no source metric values imported
inventory|nonlinear-graph-robustness|reconstruction|||method_member|frozen_encoder,inventory,nonlinear-graph-robustness,reconstruction,,,,method_member,frozen_encoder,1,1,1,ok,,,nonlinear-graph-robustness/results.csv,namespaced task vocabulary member
inventory|nonlinear-graph-robustness|reconstruction|||method_member|linear_autoencoder,inventory,nonlinear-graph-robustness,reconstruction,,,,method_member,linear_autoencoder,1,1,1,ok,,,nonlinear-graph-robustness/results.csv,namespaced task vocabulary member
inventory|nonlinear-graph-robustness|reconstruction|||method_member|mean,inventory,nonlinear-graph-robustness,reconstruction,,,,method_member,mean,1,1,1,ok,,,nonlinear-graph-robustness/results.csv,namespaced task vocabulary member
inventory|nonlinear-graph-robustness|reconstruction|||method_member|nonlinear_autoencoder,inventory,nonlinear-graph-robustness,reconstruction,,,,method_member,nonlinear_autoencoder,1,1,1,ok,,,nonlinear-graph-robustness/results.csv,namespaced task vocabulary member
inventory|nonlinear-graph-robustness|reconstruction|||method_member|pca,inventory,nonlinear-graph-robustness,reconstruction,,,,method_member,pca,1,1,1,ok,,,nonlinear-graph-robustness/results.csv,namespaced task vocabulary member
inventory|nonlinear-graph-robustness|reconstruction|||metric_count|,inventory,nonlinear-graph-robustness,reconstruction,,,,metric_count,,7,7,1,ok,,,nonlinear-graph-robustness/results.csv,task-specific inventory count; no source metric values imported
inventory|nonlinear-graph-robustness|reconstruction|||metric_member|code_abs_spearman_truth,inventory,nonlinear-graph-robustness,reconstruction,,,,metric_member,code_abs_spearman_truth,1,1,1,ok,,,nonlinear-graph-robustness/results.csv,namespaced task vocabulary member
inventory|nonlinear-graph-robustness|reconstruction|||metric_member|code_collision_rate,inventory,nonlinear-graph-robustness,reconstruction,,,,metric_member,code_collision_rate,1,1,1,ok,,,nonlinear-graph-robustness/results.csv,namespaced task vocabulary member
inventory|nonlinear-graph-robustness|reconstruction|||metric_member|code_variance,inventory,nonlinear-graph-robustness,reconstruction,,,,metric_member,code_variance,1,1,1,ok,,,nonlinear-graph-robustness/results.csv,namespaced task vocabulary member
inventory|nonlinear-graph-robustness|reconstruction|||metric_member|noiseless_signal_mse,inventory,nonlinear-graph-robustness,reconstruction,,,,metric_member,noiseless_signal_mse,1,1,1,ok,,,nonlinear-graph-robustness/results.csv,namespaced task vocabulary member
inventory|nonlinear-graph-robustness|reconstruction|||metric_member|observed_reconstruction_mse,inventory,nonlinear-graph-robustness,reconstruction,,,,metric_member,observed_reconstruction_mse,1,1,1,ok,,,nonlinear-graph-robustness/results.csv,namespaced task vocabulary member
inventory|nonlinear-graph-robustness|reconstruction|||metric_member|parameter_count,inventory,nonlinear-graph-robustness,reconstruction,,,,metric_member,parameter_count,1,1,1,ok,,,nonlinear-graph-robustness/results.csv,namespaced task vocabulary member
inventory|nonlinear-graph-robustness|reconstruction|||metric_member|selected_validation_mse,inventory,nonlinear-graph-robustness,reconstruction,,,,metric_member,selected_validation_mse,1,1,1,ok,,,nonlinear-graph-robustness/results.csv,namespaced task vocabulary member
inventory|nonlinear-graph-robustness|reconstruction|||provenance_count|,inventory,nonlinear-graph-robustness,reconstruction,,,,provenance_count,,3,3,1,ok,,,nonlinear-graph-robustness/results.csv,task-specific inventory count; no source metric values imported
inventory|nonlinear-graph-robustness|reconstruction|||provenance_member|architecture_diagnostic,inventory,nonlinear-graph-robustness,reconstruction,,,,provenance_member,architecture_diagnostic,1,1,1,ok,,,nonlinear-graph-robustness/results.csv,namespaced task vocabulary member
inventory|nonlinear-graph-robustness|reconstruction|||provenance_member|test,inventory,nonlinear-graph-robustness,reconstruction,,,,provenance_member,test,1,1,1,ok,,,nonlinear-graph-robustness/results.csv,namespaced task vocabulary member
inventory|nonlinear-graph-robustness|reconstruction|||provenance_member|validation,inventory,nonlinear-graph-robustness,reconstruction,,,,provenance_member,validation,1,1,1,ok,,,nonlinear-graph-robustness/results.csv,namespaced task vocabulary member
inventory|nonlinear-graph-robustness|reconstruction|||replicate_count|,inventory,nonlinear-graph-robustness,reconstruction,,,,replicate_count,,3,3,1,ok,,,nonlinear-graph-robustness/results.csv,task-specific inventory count; no source metric values imported
inventory|nonlinear-graph-robustness|reconstruction|||scenario_count|,inventory,nonlinear-graph-robustness,reconstruction,,,,scenario_count,,7,7,1,ok,,,nonlinear-graph-robustness/results.csv,task-specific inventory count; no source metric values imported
inventory|nonlinear-graph-robustness|reconstruction|||source_row_count|,inventory,nonlinear-graph-robustness,reconstruction,,,,source_row_count,,735,735,1,ok,,,nonlinear-graph-robustness/results.csv,task-specific inventory count; no source metric values imported
inventory|nonlinear-graph-robustness|reconstruction|||status_count|inapplicable,inventory,nonlinear-graph-robustness,reconstruction,,,,status_count,inapplicable,45,735,0.0612244897959,ok,,,nonlinear-graph-robustness/results.csv,rate denominator is the task-specific source raw-row count
inventory|nonlinear-graph-robustness|reconstruction|||status_count|invalid,inventory,nonlinear-graph-robustness,reconstruction,,,,status_count,invalid,0,735,0,ok,,,nonlinear-graph-robustness/results.csv,rate denominator is the task-specific source raw-row count
inventory|nonlinear-graph-robustness|reconstruction|||status_count|nonconvergence,inventory,nonlinear-graph-robustness,reconstruction,,,,status_count,nonconvergence,0,735,0,ok,,,nonlinear-graph-robustness/results.csv,rate denominator is the task-specific source raw-row count
inventory|nonlinear-graph-robustness|reconstruction|||status_count|ok,inventory,nonlinear-graph-robustness,reconstruction,,,,status_count,ok,690,735,0.938775510204,ok,,,nonlinear-graph-robustness/results.csv,rate denominator is the task-specific source raw-row count
inventory|nonlinear-graph-robustness|reconstruction|||target_count|,inventory,nonlinear-graph-robustness,reconstruction,,,,target_count,,7,7,1,ok,,,nonlinear-graph-robustness/results.csv,task-specific inventory count; no source metric values imported
inventory|nonlinear-graph-robustness|reconstruction|||target_member|architecture_diagnostic,inventory,nonlinear-graph-robustness,reconstruction,,,,target_member,architecture_diagnostic,1,1,1,ok,,,nonlinear-graph-robustness/results.csv,namespaced task vocabulary member
inventory|nonlinear-graph-robustness|reconstruction|||target_member|deterministic_test_code_activity,inventory,nonlinear-graph-robustness,reconstruction,,,,target_member,deterministic_test_code_activity,1,1,1,ok,,,nonlinear-graph-robustness/results.csv,namespaced task vocabulary member
inventory|nonlinear-graph-robustness|reconstruction|||target_member|known_noiseless_test_signal,inventory,nonlinear-graph-robustness,reconstruction,,,,target_member,known_noiseless_test_signal,1,1,1,ok,,,nonlinear-graph-robustness/results.csv,namespaced task vocabulary member
inventory|nonlinear-graph-robustness|reconstruction|||target_member|observed_test_reconstruction,inventory,nonlinear-graph-robustness,reconstruction,,,,target_member,observed_test_reconstruction,1,1,1,ok,,,nonlinear-graph-robustness/results.csv,namespaced task vocabulary member
inventory|nonlinear-graph-robustness|reconstruction|||target_member|scoring_only_generator_collision_diagnostic,inventory,nonlinear-graph-robustness,reconstruction,,,,target_member,scoring_only_generator_collision_diagnostic,1,1,1,ok,,,nonlinear-graph-robustness/results.csv,namespaced task vocabulary member
inventory|nonlinear-graph-robustness|reconstruction|||target_member|scoring_only_generator_parameter,inventory,nonlinear-graph-robustness,reconstruction,,,,target_member,scoring_only_generator_parameter,1,1,1,ok,,,nonlinear-graph-robustness/results.csv,namespaced task vocabulary member
inventory|nonlinear-graph-robustness|reconstruction|||target_member|validation_selection_diagnostic,inventory,nonlinear-graph-robustness,reconstruction,,,,target_member,validation_selection_diagnostic,1,1,1,ok,,,nonlinear-graph-robustness/results.csv,namespaced task vocabulary member
inventory|static-linear-latent-robustness|static_linear_latent_recovery|||information_set_count|,inventory,static-linear-latent-robustness,static_linear_latent_recovery,,,,information_set_count,,5,5,1,ok,,,static-linear-latent-robustness/results.csv,task-specific inventory count; no source metric values imported
inventory|static-linear-latent-robustness|static_linear_latent_recovery|||information_set_member|fixed_reference,inventory,static-linear-latent-robustness,static_linear_latent_recovery,,,,information_set_member,fixed_reference,1,1,1,ok,,,static-linear-latent-robustness/results.csv,namespaced task vocabulary member
inventory|static-linear-latent-robustness|static_linear_latent_recovery|||information_set_member|invalid_test_preprocessing,inventory,static-linear-latent-robustness,static_linear_latent_recovery,,,,information_set_member,invalid_test_preprocessing,1,1,1,ok,,,static-linear-latent-robustness/results.csv,namespaced task vocabulary member
inventory|static-linear-latent-robustness|static_linear_latent_recovery|||information_set_member|oracle_parameters,inventory,static-linear-latent-robustness,static_linear_latent_recovery,,,,information_set_member,oracle_parameters,1,1,1,ok,,,static-linear-latent-robustness/results.csv,namespaced task vocabulary member
inventory|static-linear-latent-robustness|static_linear_latent_recovery|||information_set_member|train_only,inventory,static-linear-latent-robustness,static_linear_latent_recovery,,,,information_set_member,train_only,1,1,1,ok,,,static-linear-latent-robustness/results.csv,namespaced task vocabulary member
inventory|static-linear-latent-robustness|static_linear_latent_recovery|||information_set_member|train_validation,inventory,static-linear-latent-robustness,static_linear_latent_recovery,,,,information_set_member,train_validation,1,1,1,ok,,,static-linear-latent-robustness/results.csv,namespaced task vocabulary member
inventory|static-linear-latent-robustness|static_linear_latent_recovery|||method_count|,inventory,static-linear-latent-robustness,static_linear_latent_recovery,,,,method_count,,9,9,1,ok,,,static-linear-latent-robustness/results.csv,task-specific inventory count; no source metric values imported
inventory|static-linear-latent-robustness|static_linear_latent_recovery|||method_member|fa_selected,inventory,static-linear-latent-robustness,static_linear_latent_recovery,,,,method_member,fa_selected,1,1,1,ok,,,static-linear-latent-robustness/results.csv,namespaced task vocabulary member
inventory|static-linear-latent-robustness|static_linear_latent_recovery|||method_member|fixed_projection,inventory,static-linear-latent-robustness,static_linear_latent_recovery,,,,method_member,fixed_projection,1,1,1,ok,,,static-linear-latent-robustness/results.csv,namespaced task vocabulary member
inventory|static-linear-latent-robustness|static_linear_latent_recovery|||method_member|leaked_scaled_pca_control,inventory,static-linear-latent-robustness,static_linear_latent_recovery,,,,method_member,leaked_scaled_pca_control,1,1,1,ok,,,static-linear-latent-robustness/results.csv,namespaced task vocabulary member
inventory|static-linear-latent-robustness|static_linear_latent_recovery|||method_member|mean,inventory,static-linear-latent-robustness,static_linear_latent_recovery,,,,method_member,mean,1,1,1,ok,,,static-linear-latent-robustness/results.csv,namespaced task vocabulary member
inventory|static-linear-latent-robustness|static_linear_latent_recovery|||method_member|pca,inventory,static-linear-latent-robustness,static_linear_latent_recovery,,,,method_member,pca,1,1,1,ok,,,static-linear-latent-robustness/results.csv,namespaced task vocabulary member
inventory|static-linear-latent-robustness|static_linear_latent_recovery|||method_member|ppca,inventory,static-linear-latent-robustness,static_linear_latent_recovery,,,,method_member,ppca,1,1,1,ok,,,static-linear-latent-robustness/results.csv,namespaced task vocabulary member
inventory|static-linear-latent-robustness|static_linear_latent_recovery|||method_member|proper_scaled_pca,inventory,static-linear-latent-robustness,static_linear_latent_recovery,,,,method_member,proper_scaled_pca,1,1,1,ok,,,static-linear-latent-robustness/results.csv,namespaced task vocabulary member
inventory|static-linear-latent-robustness|static_linear_latent_recovery|||method_member|random_projection,inventory,static-linear-latent-robustness,static_linear_latent_recovery,,,,method_member,random_projection,1,1,1,ok,,,static-linear-latent-robustness/results.csv,namespaced task vocabulary member
inventory|static-linear-latent-robustness|static_linear_latent_recovery|||method_member|true_gaussian_reference,inventory,static-linear-latent-robustness,static_linear_latent_recovery,,,,method_member,true_gaussian_reference,1,1,1,ok,,,static-linear-latent-robustness/results.csv,namespaced task vocabulary member
inventory|static-linear-latent-robustness|static_linear_latent_recovery|||metric_count|,inventory,static-linear-latent-robustness,static_linear_latent_recovery,,,,metric_count,,11,11,1,ok,,,static-linear-latent-robustness/results.csv,task-specific inventory count; no source metric values imported
inventory|static-linear-latent-robustness|static_linear_latent_recovery|||metric_member|covariance_relative_frobenius,inventory,static-linear-latent-robustness,static_linear_latent_recovery,,,,metric_member,covariance_relative_frobenius,1,1,1,ok,,,static-linear-latent-robustness/results.csv,namespaced task vocabulary member
inventory|static-linear-latent-robustness|static_linear_latent_recovery|||metric_member|heldout_gaussian_nll,inventory,static-linear-latent-robustness,static_linear_latent_recovery,,,,metric_member,heldout_gaussian_nll,1,1,1,ok,,,static-linear-latent-robustness/results.csv,namespaced task vocabulary member
inventory|static-linear-latent-robustness|static_linear_latent_recovery|||metric_member|heldout_reconstruction_mse,inventory,static-linear-latent-robustness,static_linear_latent_recovery,,,,metric_member,heldout_reconstruction_mse,1,1,1,ok,,,static-linear-latent-robustness/results.csv,namespaced task vocabulary member
inventory|static-linear-latent-robustness|static_linear_latent_recovery|||metric_member|identification_applicable,inventory,static-linear-latent-robustness,static_linear_latent_recovery,,,,metric_member,identification_applicable,1,1,1,ok,,,static-linear-latent-robustness/results.csv,namespaced task vocabulary member
inventory|static-linear-latent-robustness|static_linear_latent_recovery|||metric_member|latent_signal_reconstruction_mse,inventory,static-linear-latent-robustness,static_linear_latent_recovery,,,,metric_member,latent_signal_reconstruction_mse,1,1,1,ok,,,static-linear-latent-robustness/results.csv,namespaced task vocabulary member
inventory|static-linear-latent-robustness|static_linear_latent_recovery|||metric_member|loading_subspace_angle_max_degrees,inventory,static-linear-latent-robustness,static_linear_latent_recovery,,,,metric_member,loading_subspace_angle_max_degrees,1,1,1,ok,,,static-linear-latent-robustness/results.csv,namespaced task vocabulary member
inventory|static-linear-latent-robustness|static_linear_latent_recovery|||metric_member|optimizer_iterations,inventory,static-linear-latent-robustness,static_linear_latent_recovery,,,,metric_member,optimizer_iterations,1,1,1,ok,,,static-linear-latent-robustness/results.csv,namespaced task vocabulary member
inventory|static-linear-latent-robustness|static_linear_latent_recovery|||metric_member|preprocessing_test_poison_parameter_change,inventory,static-linear-latent-robustness,static_linear_latent_recovery,,,,metric_member,preprocessing_test_poison_parameter_change,1,1,1,ok,,,static-linear-latent-robustness/results.csv,namespaced task vocabulary member
inventory|static-linear-latent-robustness|static_linear_latent_recovery|||metric_member|principal_subspace_angle_max_degrees,inventory,static-linear-latent-robustness,static_linear_latent_recovery,,,,metric_member,principal_subspace_angle_max_degrees,1,1,1,ok,,,static-linear-latent-robustness/results.csv,namespaced task vocabulary member
inventory|static-linear-latent-robustness|static_linear_latent_recovery|||metric_member|selected_validation_nll,inventory,static-linear-latent-robustness,static_linear_latent_recovery,,,,metric_member,selected_validation_nll,1,1,1,ok,,,static-linear-latent-robustness/results.csv,namespaced task vocabulary member
inventory|static-linear-latent-robustness|static_linear_latent_recovery|||metric_member|uniqueness_rmse,inventory,static-linear-latent-robustness,static_linear_latent_recovery,,,,metric_member,uniqueness_rmse,1,1,1,ok,,,static-linear-latent-robustness/results.csv,namespaced task vocabulary member
inventory|static-linear-latent-robustness|static_linear_latent_recovery|||provenance_count|,inventory,static-linear-latent-robustness,static_linear_latent_recovery,,,,provenance_count,,5,5,1,ok,,,static-linear-latent-robustness/results.csv,task-specific inventory count; no source metric values imported
inventory|static-linear-latent-robustness|static_linear_latent_recovery|||provenance_member|fit_diagnostic,inventory,static-linear-latent-robustness,static_linear_latent_recovery,,,,provenance_member,fit_diagnostic,1,1,1,ok,,,static-linear-latent-robustness/results.csv,namespaced task vocabulary member
inventory|static-linear-latent-robustness|static_linear_latent_recovery|||provenance_member|leakage_diagnostic,inventory,static-linear-latent-robustness,static_linear_latent_recovery,,,,provenance_member,leakage_diagnostic,1,1,1,ok,,,static-linear-latent-robustness/results.csv,namespaced task vocabulary member
inventory|static-linear-latent-robustness|static_linear_latent_recovery|||provenance_member|scenario_diagnostic,inventory,static-linear-latent-robustness,static_linear_latent_recovery,,,,provenance_member,scenario_diagnostic,1,1,1,ok,,,static-linear-latent-robustness/results.csv,namespaced task vocabulary member
inventory|static-linear-latent-robustness|static_linear_latent_recovery|||provenance_member|test,inventory,static-linear-latent-robustness,static_linear_latent_recovery,,,,provenance_member,test,1,1,1,ok,,,static-linear-latent-robustness/results.csv,namespaced task vocabulary member
inventory|static-linear-latent-robustness|static_linear_latent_recovery|||provenance_member|validation,inventory,static-linear-latent-robustness,static_linear_latent_recovery,,,,provenance_member,validation,1,1,1,ok,,,static-linear-latent-robustness/results.csv,namespaced task vocabulary member
inventory|static-linear-latent-robustness|static_linear_latent_recovery|||replicate_count|,inventory,static-linear-latent-robustness,static_linear_latent_recovery,,,,replicate_count,,4,4,1,ok,,,static-linear-latent-robustness/results.csv,task-specific inventory count; no source metric values imported
inventory|static-linear-latent-robustness|static_linear_latent_recovery|||scenario_count|,inventory,static-linear-latent-robustness,static_linear_latent_recovery,,,,scenario_count,,11,11,1,ok,,,static-linear-latent-robustness/results.csv,task-specific inventory count; no source metric values imported
inventory|static-linear-latent-robustness|static_linear_latent_recovery|||source_row_count|,inventory,static-linear-latent-robustness,static_linear_latent_recovery,,,,source_row_count,,4356,4356,1,ok,,,static-linear-latent-robustness/results.csv,task-specific inventory count; no source metric values imported
inventory|static-linear-latent-robustness|static_linear_latent_recovery|||status_count|inapplicable,inventory,static-linear-latent-robustness,static_linear_latent_recovery,,,,status_count,inapplicable,3044,4356,0.698806244261,ok,,,static-linear-latent-robustness/results.csv,rate denominator is the task-specific source raw-row count
inventory|static-linear-latent-robustness|static_linear_latent_recovery|||status_count|invalid,inventory,static-linear-latent-robustness,static_linear_latent_recovery,,,,status_count,invalid,0,4356,0,ok,,,static-linear-latent-robustness/results.csv,rate denominator is the task-specific source raw-row count
inventory|static-linear-latent-robustness|static_linear_latent_recovery|||status_count|nonconvergence,inventory,static-linear-latent-robustness,static_linear_latent_recovery,,,,status_count,nonconvergence,52,4356,0.0119375573921,ok,,,static-linear-latent-robustness/results.csv,rate denominator is the task-specific source raw-row count
inventory|static-linear-latent-robustness|static_linear_latent_recovery|||status_count|ok,inventory,static-linear-latent-robustness,static_linear_latent_recovery,,,,status_count,ok,1260,4356,0.289256198347,ok,,,static-linear-latent-robustness/results.csv,rate denominator is the task-specific source raw-row count
inventory|static-linear-latent-robustness|static_linear_latent_recovery|||target_count|,inventory,static-linear-latent-robustness,static_linear_latent_recovery,,,,target_count,,13,13,1,ok,,,static-linear-latent-robustness/results.csv,task-specific inventory count; no source metric values imported
inventory|static-linear-latent-robustness|static_linear_latent_recovery|||target_member|bounded_fa_selection,inventory,static-linear-latent-robustness,static_linear_latent_recovery,,,,target_member,bounded_fa_selection,1,1,1,ok,,,static-linear-latent-robustness/results.csv,namespaced task vocabulary member
inventory|static-linear-latent-robustness|static_linear_latent_recovery|||target_member|contaminated_observation_gaussian_score,inventory,static-linear-latent-robustness,static_linear_latent_recovery,,,,target_member,contaminated_observation_gaussian_score,1,1,1,ok,,,static-linear-latent-robustness/results.csv,namespaced task vocabulary member
inventory|static-linear-latent-robustness|static_linear_latent_recovery|||target_member|contaminated_observed_coordinate_reconstruction,inventory,static-linear-latent-robustness,static_linear_latent_recovery,,,,target_member,contaminated_observed_coordinate_reconstruction,1,1,1,ok,,,static-linear-latent-robustness/results.csv,namespaced task vocabulary member
inventory|static-linear-latent-robustness|static_linear_latent_recovery|||target_member|diagonal_fa_identification_applicability,inventory,static-linear-latent-robustness,static_linear_latent_recovery,,,,target_member,diagonal_fa_identification_applicability,1,1,1,ok,,,static-linear-latent-robustness/results.csv,namespaced task vocabulary member
inventory|static-linear-latent-robustness|static_linear_latent_recovery|||target_member|identified_diagonal_uniqueness,inventory,static-linear-latent-robustness,static_linear_latent_recovery,,,,target_member,identified_diagonal_uniqueness,1,1,1,ok,,,static-linear-latent-robustness/results.csv,namespaced task vocabulary member
inventory|static-linear-latent-robustness|static_linear_latent_recovery|||target_member|identified_true_common_loading_subspace,inventory,static-linear-latent-robustness,static_linear_latent_recovery,,,,target_member,identified_true_common_loading_subspace,1,1,1,ok,,,static-linear-latent-robustness/results.csv,namespaced task vocabulary member
inventory|static-linear-latent-robustness|static_linear_latent_recovery|||target_member|nominal_clean_gaussian_covariance,inventory,static-linear-latent-robustness,static_linear_latent_recovery,,,,target_member,nominal_clean_gaussian_covariance,1,1,1,ok,,,static-linear-latent-robustness/results.csv,namespaced task vocabulary member
inventory|static-linear-latent-robustness|static_linear_latent_recovery|||target_member|observable_covariance,inventory,static-linear-latent-robustness,static_linear_latent_recovery,,,,target_member,observable_covariance,1,1,1,ok,,,static-linear-latent-robustness/results.csv,namespaced task vocabulary member
inventory|static-linear-latent-robustness|static_linear_latent_recovery|||target_member|observable_distribution,inventory,static-linear-latent-robustness,static_linear_latent_recovery,,,,target_member,observable_distribution,1,1,1,ok,,,static-linear-latent-robustness/results.csv,namespaced task vocabulary member
inventory|static-linear-latent-robustness|static_linear_latent_recovery|||target_member|observed_coordinate_reconstruction,inventory,static-linear-latent-robustness,static_linear_latent_recovery,,,,target_member,observed_coordinate_reconstruction,1,1,1,ok,,,static-linear-latent-robustness/results.csv,namespaced task vocabulary member
inventory|static-linear-latent-robustness|static_linear_latent_recovery|||target_member|population_principal_subspace,inventory,static-linear-latent-robustness,static_linear_latent_recovery,,,,target_member,population_principal_subspace,1,1,1,ok,,,static-linear-latent-robustness/results.csv,namespaced task vocabulary member
inventory|static-linear-latent-robustness|static_linear_latent_recovery|||target_member|preprocessing_leakage_diagnostic,inventory,static-linear-latent-robustness,static_linear_latent_recovery,,,,target_member,preprocessing_leakage_diagnostic,1,1,1,ok,,,static-linear-latent-robustness/results.csv,namespaced task vocabulary member
inventory|static-linear-latent-robustness|static_linear_latent_recovery|||target_member|true_common_signal,inventory,static-linear-latent-robustness,static_linear_latent_recovery,,,,target_member,true_common_signal,1,1,1,ok,,,static-linear-latent-robustness/results.csv,namespaced task vocabulary member
inventory|temporal-covariance-inference|temporal_covariance_inference|||information_set_count|,inventory,temporal-covariance-inference,temporal_covariance_inference,,,,information_set_count,,4,4,1,ok,,,temporal-covariance-inference/results.csv,task-specific inventory count; no source metric values imported
inventory|temporal-covariance-inference|temporal_covariance_inference|||information_set_member|online,inventory,temporal-covariance-inference,temporal_covariance_inference,,,,information_set_member,online,1,1,1,ok,,,temporal-covariance-inference/results.csv,namespaced task vocabulary member
inventory|temporal-covariance-inference|temporal_covariance_inference|||information_set_member|oracle_retrospective,inventory,temporal-covariance-inference,temporal_covariance_inference,,,,information_set_member,oracle_retrospective,1,1,1,ok,,,temporal-covariance-inference/results.csv,namespaced task vocabulary member
inventory|temporal-covariance-inference|temporal_covariance_inference|||information_set_member|retrospective,inventory,temporal-covariance-inference,temporal_covariance_inference,,,,information_set_member,retrospective,1,1,1,ok,,,temporal-covariance-inference/results.csv,namespaced task vocabulary member
inventory|temporal-covariance-inference|temporal_covariance_inference|||information_set_member|static_observation,inventory,temporal-covariance-inference,temporal_covariance_inference,,,,information_set_member,static_observation,1,1,1,ok,,,temporal-covariance-inference/results.csv,namespaced task vocabulary member
inventory|temporal-covariance-inference|temporal_covariance_inference|||method_count|,inventory,temporal-covariance-inference,temporal_covariance_inference,,,,method_count,,11,11,1,ok,,,temporal-covariance-inference/results.csv,task-specific inventory count; no source metric values imported
inventory|temporal-covariance-inference|temporal_covariance_inference|||method_member|ar_kalman_filter,inventory,temporal-covariance-inference,temporal_covariance_inference,,,,method_member,ar_kalman_filter,1,1,1,ok,,,temporal-covariance-inference/results.csv,namespaced task vocabulary member
inventory|temporal-covariance-inference|temporal_covariance_inference|||method_member|ar_rts_smoother,inventory,temporal-covariance-inference,temporal_covariance_inference,,,,method_member,ar_rts_smoother,1,1,1,ok,,,temporal-covariance-inference/results.csv,namespaced task vocabulary member
inventory|temporal-covariance-inference|temporal_covariance_inference|||method_member|exact_gaussian_oracle,inventory,temporal-covariance-inference,temporal_covariance_inference,,,,method_member,exact_gaussian_oracle,1,1,1,ok,,,temporal-covariance-inference/results.csv,namespaced task vocabulary member
inventory|temporal-covariance-inference|temporal_covariance_inference|||method_member|independent_channel_gp,inventory,temporal-covariance-inference,temporal_covariance_inference,,,,method_member,independent_channel_gp,1,1,1,ok,,,temporal-covariance-inference/results.csv,namespaced task vocabulary member
inventory|temporal-covariance-inference|temporal_covariance_inference|||method_member|known_gpfa,inventory,temporal-covariance-inference,temporal_covariance_inference,,,,method_member,known_gpfa,1,1,1,ok,,,temporal-covariance-inference/results.csv,namespaced task vocabulary member
inventory|temporal-covariance-inference|temporal_covariance_inference|||method_member|mean_diagonal,inventory,temporal-covariance-inference,temporal_covariance_inference,,,,method_member,mean_diagonal,1,1,1,ok,,,temporal-covariance-inference/results.csv,namespaced task vocabulary member
inventory|temporal-covariance-inference|temporal_covariance_inference|||method_member|selected_gpfa,inventory,temporal-covariance-inference,temporal_covariance_inference,,,,method_member,selected_gpfa,1,1,1,ok,,,temporal-covariance-inference/results.csv,namespaced task vocabulary member
inventory|temporal-covariance-inference|temporal_covariance_inference|||method_member|static_factor,inventory,temporal-covariance-inference,temporal_covariance_inference,,,,method_member,static_factor,1,1,1,ok,,,temporal-covariance-inference/results.csv,namespaced task vocabulary member
inventory|temporal-covariance-inference|temporal_covariance_inference|||method_member|two_stage_pca_smooth,inventory,temporal-covariance-inference,temporal_covariance_inference,,,,method_member,two_stage_pca_smooth,1,1,1,ok,,,temporal-covariance-inference/results.csv,namespaced task vocabulary member
inventory|temporal-covariance-inference|temporal_covariance_inference|||method_member|wrong_ar_gpfa,inventory,temporal-covariance-inference,temporal_covariance_inference,,,,method_member,wrong_ar_gpfa,1,1,1,ok,,,temporal-covariance-inference/results.csv,namespaced task vocabulary member
inventory|temporal-covariance-inference|temporal_covariance_inference|||method_member|wrong_timescale_gpfa,inventory,temporal-covariance-inference,temporal_covariance_inference,,,,method_member,wrong_timescale_gpfa,1,1,1,ok,,,temporal-covariance-inference/results.csv,namespaced task vocabulary member
inventory|temporal-covariance-inference|temporal_covariance_inference|||metric_count|,inventory,temporal-covariance-inference,temporal_covariance_inference,,,,metric_count,,10,10,1,ok,,,temporal-covariance-inference/results.csv,task-specific inventory count; no source metric values imported
inventory|temporal-covariance-inference|temporal_covariance_inference|||metric_member|covariance_relative_frobenius,inventory,temporal-covariance-inference,temporal_covariance_inference,,,,metric_member,covariance_relative_frobenius,1,1,1,ok,,,temporal-covariance-inference/results.csv,namespaced task vocabulary member
inventory|temporal-covariance-inference|temporal_covariance_inference|||metric_member|latent_90_coverage,inventory,temporal-covariance-inference,temporal_covariance_inference,,,,metric_member,latent_90_coverage,1,1,1,ok,,,temporal-covariance-inference/results.csv,namespaced task vocabulary member
inventory|temporal-covariance-inference|temporal_covariance_inference|||metric_member|latent_rmse,inventory,temporal-covariance-inference,temporal_covariance_inference,,,,metric_member,latent_rmse,1,1,1,ok,,,temporal-covariance-inference/results.csv,namespaced task vocabulary member
inventory|temporal-covariance-inference|temporal_covariance_inference|||metric_member|loading_subspace_angle_degrees,inventory,temporal-covariance-inference,temporal_covariance_inference,,,,metric_member,loading_subspace_angle_degrees,1,1,1,ok,,,temporal-covariance-inference/results.csv,namespaced task vocabulary member
inventory|temporal-covariance-inference|temporal_covariance_inference|||metric_member|marginal_nll_per_entry,inventory,temporal-covariance-inference,temporal_covariance_inference,,,,metric_member,marginal_nll_per_entry,1,1,1,ok,,,temporal-covariance-inference/results.csv,namespaced task vocabulary member
inventory|temporal-covariance-inference|temporal_covariance_inference|||metric_member|masked_prediction_nll_per_entry,inventory,temporal-covariance-inference,temporal_covariance_inference,,,,metric_member,masked_prediction_nll_per_entry,1,1,1,ok,,,temporal-covariance-inference/results.csv,namespaced task vocabulary member
inventory|temporal-covariance-inference|temporal_covariance_inference|||metric_member|masked_prediction_rmse,inventory,temporal-covariance-inference,temporal_covariance_inference,,,,metric_member,masked_prediction_rmse,1,1,1,ok,,,temporal-covariance-inference/results.csv,namespaced task vocabulary member
inventory|temporal-covariance-inference|temporal_covariance_inference|||metric_member|posterior_mean_oracle_max_abs,inventory,temporal-covariance-inference,temporal_covariance_inference,,,,metric_member,posterior_mean_oracle_max_abs,1,1,1,ok,,,temporal-covariance-inference/results.csv,namespaced task vocabulary member
inventory|temporal-covariance-inference|temporal_covariance_inference|||metric_member|selected_combined_nll_per_entry,inventory,temporal-covariance-inference,temporal_covariance_inference,,,,metric_member,selected_combined_nll_per_entry,1,1,1,ok,,,temporal-covariance-inference/results.csv,namespaced task vocabulary member
inventory|temporal-covariance-inference|temporal_covariance_inference|||metric_member|timescale_l1,inventory,temporal-covariance-inference,temporal_covariance_inference,,,,metric_member,timescale_l1,1,1,1,ok,,,temporal-covariance-inference/results.csv,namespaced task vocabulary member
inventory|temporal-covariance-inference|temporal_covariance_inference|||provenance_count|,inventory,temporal-covariance-inference,temporal_covariance_inference,,,,provenance_count,,3,3,1,ok,,,temporal-covariance-inference/results.csv,task-specific inventory count; no source metric values imported
inventory|temporal-covariance-inference|temporal_covariance_inference|||provenance_member|fit_diagnostic,inventory,temporal-covariance-inference,temporal_covariance_inference,,,,provenance_member,fit_diagnostic,1,1,1,ok,,,temporal-covariance-inference/results.csv,namespaced task vocabulary member
inventory|temporal-covariance-inference|temporal_covariance_inference|||provenance_member|oracle_diagnostic,inventory,temporal-covariance-inference,temporal_covariance_inference,,,,provenance_member,oracle_diagnostic,1,1,1,ok,,,temporal-covariance-inference/results.csv,namespaced task vocabulary member
inventory|temporal-covariance-inference|temporal_covariance_inference|||provenance_member|test,inventory,temporal-covariance-inference,temporal_covariance_inference,,,,provenance_member,test,1,1,1,ok,,,temporal-covariance-inference/results.csv,namespaced task vocabulary member
inventory|temporal-covariance-inference|temporal_covariance_inference|||replicate_count|,inventory,temporal-covariance-inference,temporal_covariance_inference,,,,replicate_count,,3,3,1,ok,,,temporal-covariance-inference/results.csv,task-specific inventory count; no source metric values imported
inventory|temporal-covariance-inference|temporal_covariance_inference|||scenario_count|,inventory,temporal-covariance-inference,temporal_covariance_inference,,,,scenario_count,,12,12,1,ok,,,temporal-covariance-inference/results.csv,task-specific inventory count; no source metric values imported
inventory|temporal-covariance-inference|temporal_covariance_inference|||source_row_count|,inventory,temporal-covariance-inference,temporal_covariance_inference,,,,source_row_count,,3960,3960,1,ok,,,temporal-covariance-inference/results.csv,task-specific inventory count; no source metric values imported
inventory|temporal-covariance-inference|temporal_covariance_inference|||status_count|inapplicable,inventory,temporal-covariance-inference,temporal_covariance_inference,,,,status_count,inapplicable,1911,3960,0.482575757576,ok,,,temporal-covariance-inference/results.csv,rate denominator is the task-specific source raw-row count
inventory|temporal-covariance-inference|temporal_covariance_inference|||status_count|invalid,inventory,temporal-covariance-inference,temporal_covariance_inference,,,,status_count,invalid,0,3960,0,ok,,,temporal-covariance-inference/results.csv,rate denominator is the task-specific source raw-row count
inventory|temporal-covariance-inference|temporal_covariance_inference|||status_count|nonconvergence,inventory,temporal-covariance-inference,temporal_covariance_inference,,,,status_count,nonconvergence,0,3960,0,ok,,,temporal-covariance-inference/results.csv,rate denominator is the task-specific source raw-row count
inventory|temporal-covariance-inference|temporal_covariance_inference|||status_count|ok,inventory,temporal-covariance-inference,temporal_covariance_inference,,,,status_count,ok,2049,3960,0.517424242424,ok,,,temporal-covariance-inference/results.csv,rate denominator is the task-specific source raw-row count
inventory|temporal-covariance-inference|temporal_covariance_inference|||target_count|,inventory,temporal-covariance-inference,temporal_covariance_inference,,,,target_count,,6,6,1,ok,,,temporal-covariance-inference/results.csv,task-specific inventory count; no source metric values imported
inventory|temporal-covariance-inference|temporal_covariance_inference|||target_member|latent_trajectory,inventory,temporal-covariance-inference,temporal_covariance_inference,,,,target_member,latent_trajectory,1,1,1,ok,,,temporal-covariance-inference/results.csv,namespaced task vocabulary member
inventory|temporal-covariance-inference|temporal_covariance_inference|||target_member|loading_subspace,inventory,temporal-covariance-inference,temporal_covariance_inference,,,,target_member,loading_subspace,1,1,1,ok,,,temporal-covariance-inference/results.csv,namespaced task vocabulary member
inventory|temporal-covariance-inference|temporal_covariance_inference|||target_member|masked_observation_prediction,inventory,temporal-covariance-inference,temporal_covariance_inference,,,,target_member,masked_observation_prediction,1,1,1,ok,,,temporal-covariance-inference/results.csv,namespaced task vocabulary member
inventory|temporal-covariance-inference|temporal_covariance_inference|||target_member|numerical_posterior_oracle,inventory,temporal-covariance-inference,temporal_covariance_inference,,,,target_member,numerical_posterior_oracle,1,1,1,ok,,,temporal-covariance-inference/results.csv,namespaced task vocabulary member
inventory|temporal-covariance-inference|temporal_covariance_inference|||target_member|observation_distribution,inventory,temporal-covariance-inference,temporal_covariance_inference,,,,target_member,observation_distribution,1,1,1,ok,,,temporal-covariance-inference/results.csv,namespaced task vocabulary member
inventory|temporal-covariance-inference|temporal_covariance_inference|||target_member|timescale_selection,inventory,temporal-covariance-inference,temporal_covariance_inference,,,,target_member,timescale_selection,1,1,1,ok,,,temporal-covariance-inference/results.csv,namespaced task vocabulary member
scenario_target_coverage|demixing-rotational-robustness|demixing|averaging_mismatch||applicable_target_family_inventory|,scenario_target_coverage,demixing-rotational-robustness,demixing,averaging_mismatch,averaging_mismatch,,applicable_target_family_inventory,,7,7,1,ok,averaging_mismatch,decision_label_decoding;decision_marginal_reconstruction;decision_marginal_subspace;factorial_design_identification;stimulus_label_decoding;stimulus_marginal_reconstruction;stimulus_marginal_subspace,demixing-rotational-robustness/results.csv,scenario-level inventory of target families with at least one non-inapplicable source row; no direction or effect implication
scenario_target_coverage|demixing-rotational-robustness|demixing|balanced_reference||applicable_target_family_inventory|,scenario_target_coverage,demixing-rotational-robustness,demixing,balanced_reference,balanced_reference,,applicable_target_family_inventory,,7,7,1,ok,balanced_reference,decision_label_decoding;decision_marginal_reconstruction;decision_marginal_subspace;factorial_design_identification;stimulus_label_decoding;stimulus_marginal_reconstruction;stimulus_marginal_subspace,demixing-rotational-robustness/results.csv,scenario-level inventory of target families with at least one non-inapplicable source row; no direction or effect implication
scenario_target_coverage|demixing-rotational-robustness|demixing|label_shuffle||applicable_target_family_inventory|,scenario_target_coverage,demixing-rotational-robustness,demixing,label_shuffle,label_shuffle,,applicable_target_family_inventory,,7,7,1,ok,label_shuffle,decision_label_decoding;decision_marginal_reconstruction;decision_marginal_subspace;factorial_design_identification;stimulus_label_decoding;stimulus_marginal_reconstruction;stimulus_marginal_subspace,demixing-rotational-robustness/results.csv,scenario-level inventory of target families with at least one non-inapplicable source row; no direction or effect implication
scenario_target_coverage|demixing-rotational-robustness|demixing|large_sample||applicable_target_family_inventory|,scenario_target_coverage,demixing-rotational-robustness,demixing,large_sample,sample_size,,applicable_target_family_inventory,,7,7,1,ok,sample_size,decision_label_decoding;decision_marginal_reconstruction;decision_marginal_subspace;factorial_design_identification;stimulus_label_decoding;stimulus_marginal_reconstruction;stimulus_marginal_subspace,demixing-rotational-robustness/results.csv,scenario-level inventory of target families with at least one non-inapplicable source row; no direction or effect implication
scenario_target_coverage|demixing-rotational-robustness|demixing|missing_cell||applicable_target_family_inventory|,scenario_target_coverage,demixing-rotational-robustness,demixing,missing_cell,missing_unbalanced_cells,,applicable_target_family_inventory,,7,7,1,ok,missing_unbalanced_cells,decision_label_decoding;decision_marginal_reconstruction;decision_marginal_subspace;factorial_design_identification;stimulus_label_decoding;stimulus_marginal_reconstruction;stimulus_marginal_subspace,demixing-rotational-robustness/results.csv,scenario-level inventory of target families with at least one non-inapplicable source row; no direction or effect implication
scenario_target_coverage|demixing-rotational-robustness|demixing|near_collinear||applicable_target_family_inventory|,scenario_target_coverage,demixing-rotational-robustness,demixing,near_collinear,near_collinear_subspaces,,applicable_target_family_inventory,,7,7,1,ok,near_collinear_subspaces,decision_label_decoding;decision_marginal_reconstruction;decision_marginal_subspace;factorial_design_identification;stimulus_label_decoding;stimulus_marginal_reconstruction;stimulus_marginal_subspace,demixing-rotational-robustness/results.csv,scenario-level inventory of target families with at least one non-inapplicable source row; no direction or effect implication
scenario_target_coverage|demixing-rotational-robustness|demixing|pseudo_population||applicable_target_family_inventory|,scenario_target_coverage,demixing-rotational-robustness,demixing,pseudo_population,pseudo_population,,applicable_target_family_inventory,,7,7,1,ok,pseudo_population,decision_label_decoding;decision_marginal_reconstruction;decision_marginal_subspace;factorial_design_identification;stimulus_label_decoding;stimulus_marginal_reconstruction;stimulus_marginal_subspace,demixing-rotational-robustness/results.csv,scenario-level inventory of target families with at least one non-inapplicable source row; no direction or effect implication
scenario_target_coverage|demixing-rotational-robustness|demixing|small_sample||applicable_target_family_inventory|,scenario_target_coverage,demixing-rotational-robustness,demixing,small_sample,sample_size,,applicable_target_family_inventory,,7,7,1,ok,sample_size,decision_label_decoding;decision_marginal_reconstruction;decision_marginal_subspace;factorial_design_identification;stimulus_label_decoding;stimulus_marginal_reconstruction;stimulus_marginal_subspace,demixing-rotational-robustness/results.csv,scenario-level inventory of target families with at least one non-inapplicable source row; no direction or effect implication
scenario_target_coverage|demixing-rotational-robustness|demixing|unbalanced_cells||applicable_target_family_inventory|,scenario_target_coverage,demixing-rotational-robustness,demixing,unbalanced_cells,missing_unbalanced_cells,,applicable_target_family_inventory,,7,7,1,ok,missing_unbalanced_cells,decision_label_decoding;decision_marginal_reconstruction;decision_marginal_subspace;factorial_design_identification;stimulus_label_decoding;stimulus_marginal_reconstruction;stimulus_marginal_subspace,demixing-rotational-robustness/results.csv,scenario-level inventory of target families with at least one non-inapplicable source row; no direction or effect implication
scenario_target_coverage|demixing-rotational-robustness|rotation|clean_rotation||applicable_target_family_inventory|,scenario_target_coverage,demixing-rotational-robustness,rotation,clean_rotation,clean_rotation,,applicable_target_family_inventory,,5,5,1,ok,clean_rotation,angular_rate;condition_covariance_control;heldout_derivative_prediction;plane_tangential_motion;rotational_plane,demixing-rotational-robustness/results.csv,scenario-level inventory of target families with at least one non-inapplicable source row; no direction or effect implication
scenario_target_coverage|demixing-rotational-robustness|rotation|common_input||applicable_target_family_inventory|,scenario_target_coverage,demixing-rotational-robustness,rotation,common_input,common_input,,applicable_target_family_inventory,,3,3,1,ok,common_input,condition_covariance_control;heldout_derivative_prediction;plane_tangential_motion,demixing-rotational-robustness/results.csv,scenario-level inventory of target families with at least one non-inapplicable source row; no direction or effect implication
scenario_target_coverage|demixing-rotational-robustness|rotation|covariance_control||applicable_target_family_inventory|,scenario_target_coverage,demixing-rotational-robustness,rotation,covariance_control,covariance_control,,applicable_target_family_inventory,,3,3,1,ok,covariance_control,condition_covariance_control;heldout_derivative_prediction;plane_tangential_motion,demixing-rotational-robustness/results.csv,scenario-level inventory of target families with at least one non-inapplicable source row; no direction or effect implication
scenario_target_coverage|demixing-rotational-robustness|rotation|latency_sequence||applicable_target_family_inventory|,scenario_target_coverage,demixing-rotational-robustness,rotation,latency_sequence,latency,,applicable_target_family_inventory,,3,3,1,ok,latency,condition_covariance_control;heldout_derivative_prediction;plane_tangential_motion,demixing-rotational-robustness/results.csv,scenario-level inventory of target families with at least one non-inapplicable source row; no direction or effect implication
scenario_target_coverage|demixing-rotational-robustness|rotation|no_condition_subtraction||applicable_target_family_inventory|,scenario_target_coverage,demixing-rotational-robustness,rotation,no_condition_subtraction,smoothing_subtraction,,applicable_target_family_inventory,,5,5,1,ok,smoothing_subtraction,angular_rate;condition_covariance_control;heldout_derivative_prediction;plane_tangential_motion;rotational_plane,demixing-rotational-robustness/results.csv,scenario-level inventory of target families with at least one non-inapplicable source row; no direction or effect implication
scenario_target_coverage|demixing-rotational-robustness|rotation|nonorthogonal_metric||applicable_target_family_inventory|,scenario_target_coverage,demixing-rotational-robustness,rotation,nonorthogonal_metric,nonorthogonal_metric,,applicable_target_family_inventory,,5,5,1,ok,nonorthogonal_metric,angular_rate;condition_covariance_control;heldout_derivative_prediction;plane_tangential_motion;rotational_plane,demixing-rotational-robustness/results.csv,scenario-level inventory of target families with at least one non-inapplicable source row; no direction or effect implication
scenario_target_coverage|demixing-rotational-robustness|rotation|short_arcs||applicable_target_family_inventory|,scenario_target_coverage,demixing-rotational-robustness,rotation,short_arcs,short_arcs,,applicable_target_family_inventory,,5,5,1,ok,short_arcs,angular_rate;condition_covariance_control;heldout_derivative_prediction;plane_tangential_motion;rotational_plane,demixing-rotational-robustness/results.csv,scenario-level inventory of target families with at least one non-inapplicable source row; no direction or effect implication
scenario_target_coverage|demixing-rotational-robustness|rotation|smoothed||applicable_target_family_inventory|,scenario_target_coverage,demixing-rotational-robustness,rotation,smoothed,smoothing_subtraction,,applicable_target_family_inventory,,5,5,1,ok,smoothing_subtraction,angular_rate;condition_covariance_control;heldout_derivative_prediction;plane_tangential_motion;rotational_plane,demixing-rotational-robustness/results.csv,scenario-level inventory of target families with at least one non-inapplicable source row; no direction or effect implication
scenario_target_coverage|demixing-rotational-robustness|rotation|symmetric_decay||applicable_target_family_inventory|,scenario_target_coverage,demixing-rotational-robustness,rotation,symmetric_decay,symmetric_decay,,applicable_target_family_inventory,,3,3,1,ok,symmetric_decay,condition_covariance_control;heldout_derivative_prediction;plane_tangential_motion,demixing-rotational-robustness/results.csv,scenario-level inventory of target families with at least one non-inapplicable source row; no direction or effect implication
scenario_target_coverage|demixing-rotational-robustness|rotation|time_jitter||applicable_target_family_inventory|,scenario_target_coverage,demixing-rotational-robustness,rotation,time_jitter,time_jitter,,applicable_target_family_inventory,,5,5,1,ok,time_jitter,angular_rate;condition_covariance_control;heldout_derivative_prediction;plane_tangential_motion;rotational_plane,demixing-rotational-robustness/results.csv,scenario-level inventory of target families with at least one non-inapplicable source row; no direction or effect implication
scenario_target_coverage|linear-gaussian-robustness|linear_gaussian_inference|long_sequence||applicable_target_family_inventory|,scenario_target_coverage,linear-gaussian-robustness,linear_gaussian_inference,long_sequence,sequence_length,,applicable_target_family_inventory,,6,6,1,ok,sequence_length,numerical_correctness_reference;one_step_observation_prediction;online_state;point_state;retrospective_state;selected_parameter_tuple,linear-gaussian-robustness/results.csv,scenario-level inventory of target families with at least one non-inapplicable source row; no direction or effect implication
scenario_target_coverage|linear-gaussian-robustness|linear_gaussian_inference|missing_block||applicable_target_family_inventory|,scenario_target_coverage,linear-gaussian-robustness,linear_gaussian_inference,missing_block,missing_blocks,,applicable_target_family_inventory,,6,6,1,ok,missing_blocks,numerical_correctness_reference;one_step_observation_prediction;online_state;point_state;retrospective_state;selected_parameter_tuple,linear-gaussian-robustness/results.csv,scenario-level inventory of target families with at least one non-inapplicable source row; no direction or effect implication
scenario_target_coverage|linear-gaussian-robustness|linear_gaussian_inference|near_unit_root||applicable_target_family_inventory|,scenario_target_coverage,linear-gaussian-robustness,linear_gaussian_inference,near_unit_root,near_unit_root_stress,,applicable_target_family_inventory,,6,6,1,ok,near_unit_root_stress,numerical_correctness_reference;one_step_observation_prediction;online_state;point_state;retrospective_state;selected_parameter_tuple,linear-gaussian-robustness/results.csv,scenario-level inventory of target families with at least one non-inapplicable source row; no direction or effect implication
scenario_target_coverage|linear-gaussian-robustness|linear_gaussian_inference|observation_dominant||applicable_target_family_inventory|,scenario_target_coverage,linear-gaussian-robustness,linear_gaussian_inference,observation_dominant,noise_ratio,,applicable_target_family_inventory,,6,6,1,ok,noise_ratio,numerical_correctness_reference;one_step_observation_prediction;online_state;point_state;retrospective_state;selected_parameter_tuple,linear-gaussian-robustness/results.csv,scenario-level inventory of target families with at least one non-inapplicable source row; no direction or effect implication
scenario_target_coverage|linear-gaussian-robustness|linear_gaussian_inference|process_dominant||applicable_target_family_inventory|,scenario_target_coverage,linear-gaussian-robustness,linear_gaussian_inference,process_dominant,noise_ratio,,applicable_target_family_inventory,,6,6,1,ok,noise_ratio,numerical_correctness_reference;one_step_observation_prediction;online_state;point_state;retrospective_state;selected_parameter_tuple,linear-gaussian-robustness/results.csv,scenario-level inventory of target families with at least one non-inapplicable source row; no direction or effect implication
scenario_target_coverage|linear-gaussian-robustness|linear_gaussian_inference|reset_boundary||applicable_target_family_inventory|,scenario_target_coverage,linear-gaussian-robustness,linear_gaussian_inference,reset_boundary,reset_boundary_failure,,applicable_target_family_inventory,,7,7,1,ok,reset_boundary_failure,boundary_reset_diagnostic;numerical_correctness_reference;one_step_observation_prediction;online_state;point_state;retrospective_state;selected_parameter_tuple,linear-gaussian-robustness/results.csv,scenario-level inventory of target families with at least one non-inapplicable source row; no direction or effect implication
scenario_target_coverage|linear-gaussian-robustness|linear_gaussian_inference|short_sequence||applicable_target_family_inventory|,scenario_target_coverage,linear-gaussian-robustness,linear_gaussian_inference,short_sequence,sequence_length,,applicable_target_family_inventory,,6,6,1,ok,sequence_length,numerical_correctness_reference;one_step_observation_prediction;online_state;point_state;retrospective_state;selected_parameter_tuple,linear-gaussian-robustness/results.csv,scenario-level inventory of target families with at least one non-inapplicable source row; no direction or effect implication
scenario_target_coverage|linear-gaussian-robustness|linear_gaussian_inference|stable_high_a||applicable_target_family_inventory|,scenario_target_coverage,linear-gaussian-robustness,linear_gaussian_inference,stable_high_a,transition_stability,,applicable_target_family_inventory,,6,6,1,ok,transition_stability,numerical_correctness_reference;one_step_observation_prediction;online_state;point_state;retrospective_state;selected_parameter_tuple,linear-gaussian-robustness/results.csv,scenario-level inventory of target families with at least one non-inapplicable source row; no direction or effect implication
scenario_target_coverage|linear-gaussian-robustness|linear_gaussian_inference|stable_low_a||applicable_target_family_inventory|,scenario_target_coverage,linear-gaussian-robustness,linear_gaussian_inference,stable_low_a,transition_stability,,applicable_target_family_inventory,,6,6,1,ok,transition_stability,numerical_correctness_reference;one_step_observation_prediction;online_state;point_state;retrospective_state;selected_parameter_tuple,linear-gaussian-robustness/results.csv,scenario-level inventory of target families with at least one non-inapplicable source row; no direction or effect implication
scenario_target_coverage|linear-gaussian-robustness|linear_gaussian_inference|stable_moderate||applicable_target_family_inventory|,scenario_target_coverage,linear-gaussian-robustness,linear_gaussian_inference,stable_moderate,transition_stability,,applicable_target_family_inventory,,6,6,1,ok,transition_stability,numerical_correctness_reference;one_step_observation_prediction;online_state;point_state;retrospective_state;selected_parameter_tuple,linear-gaussian-robustness/results.csv,scenario-level inventory of target families with at least one non-inapplicable source row; no direction or effect implication
scenario_target_coverage|linear-gaussian-robustness|linear_gaussian_inference|wrong_parameters||applicable_target_family_inventory|,scenario_target_coverage,linear-gaussian-robustness,linear_gaussian_inference,wrong_parameters,wrong_parameters,,applicable_target_family_inventory,,6,6,1,ok,wrong_parameters,numerical_correctness_reference;one_step_observation_prediction;online_state;point_state;retrospective_state;selected_parameter_tuple,linear-gaussian-robustness/results.csv,scenario-level inventory of target families with at least one non-inapplicable source row; no direction or effect implication
scenario_target_coverage|nonlinear-graph-robustness|graph|circle_bandwidth_large||applicable_target_family_inventory|,scenario_target_coverage,nonlinear-graph-robustness,graph,circle_bandwidth_large,bandwidth,,applicable_target_family_inventory,,5,5,1,ok,bandwidth,finite_operator_numerical_oracle;full_finite_operator_diffusion_distance;heldout_cosine_sine_extension_after_train_alignment;l2_pi_cosine_sine_eigenspace_diagnostic;markov_operator_numerical_oracle,nonlinear-graph-robustness/results.csv,scenario-level inventory of target families with at least one non-inapplicable source row; no direction or effect implication
scenario_target_coverage|nonlinear-graph-robustness|graph|circle_bandwidth_small||applicable_target_family_inventory|,scenario_target_coverage,nonlinear-graph-robustness,graph,circle_bandwidth_small,bandwidth,,applicable_target_family_inventory,,5,5,1,ok,bandwidth,finite_operator_numerical_oracle;full_finite_operator_diffusion_distance;heldout_cosine_sine_extension_after_train_alignment;l2_pi_cosine_sine_eigenspace_diagnostic;markov_operator_numerical_oracle,nonlinear-graph-robustness/results.csv,scenario-level inventory of target families with at least one non-inapplicable source row; no direction or effect implication
scenario_target_coverage|nonlinear-graph-robustness|graph|circle_metric_scaling||applicable_target_family_inventory|,scenario_target_coverage,nonlinear-graph-robustness,graph,circle_metric_scaling,metric_scaling,,applicable_target_family_inventory,,5,5,1,ok,metric_scaling,finite_operator_numerical_oracle;full_finite_operator_diffusion_distance;heldout_cosine_sine_extension_after_train_alignment;l2_pi_cosine_sine_eigenspace_diagnostic;markov_operator_numerical_oracle,nonlinear-graph-robustness/results.csv,scenario-level inventory of target families with at least one non-inapplicable source row; no direction or effect implication
scenario_target_coverage|nonlinear-graph-robustness|graph|circle_nonuniform||applicable_target_family_inventory|,scenario_target_coverage,nonlinear-graph-robustness,graph,circle_nonuniform,nonuniform_density,,applicable_target_family_inventory,,5,5,1,ok,nonuniform_density,finite_operator_numerical_oracle;full_finite_operator_diffusion_distance;heldout_cosine_sine_extension_after_train_alignment;l2_pi_cosine_sine_eigenspace_diagnostic;markov_operator_numerical_oracle,nonlinear-graph-robustness/results.csv,scenario-level inventory of target families with at least one non-inapplicable source row; no direction or effect implication
scenario_target_coverage|nonlinear-graph-robustness|graph|circle_reference||applicable_target_family_inventory|,scenario_target_coverage,nonlinear-graph-robustness,graph,circle_reference,reference,,applicable_target_family_inventory,,5,5,1,ok,reference,finite_operator_numerical_oracle;full_finite_operator_diffusion_distance;heldout_cosine_sine_extension_after_train_alignment;l2_pi_cosine_sine_eigenspace_diagnostic;markov_operator_numerical_oracle,nonlinear-graph-robustness/results.csv,scenario-level inventory of target families with at least one non-inapplicable source row; no direction or effect implication
scenario_target_coverage|nonlinear-graph-robustness|graph|hairpin_disconnected||applicable_target_family_inventory|,scenario_target_coverage,nonlinear-graph-robustness,graph,hairpin_disconnected,connectivity,,applicable_target_family_inventory,,6,6,1,ok,connectivity,classical_mds_euclideanity_diagnostic;finite_training_graph_connectivity_diagnostic;finite_training_graph_disconnection_diagnostic;known_hairpin_pairwise_arc_separation;known_hairpin_path_underestimation_diagnostic;scoring_aligned_known_hairpin_arc_length,nonlinear-graph-robustness/results.csv,scenario-level inventory of target families with at least one non-inapplicable source row; no direction or effect implication
scenario_target_coverage|nonlinear-graph-robustness|graph|hairpin_large_k||applicable_target_family_inventory|,scenario_target_coverage,nonlinear-graph-robustness,graph,hairpin_large_k,neighborhood,,applicable_target_family_inventory,,6,6,1,ok,neighborhood,classical_mds_euclideanity_diagnostic;finite_training_graph_connectivity_diagnostic;finite_training_graph_disconnection_diagnostic;known_hairpin_pairwise_arc_separation;known_hairpin_path_underestimation_diagnostic;scoring_aligned_known_hairpin_arc_length,nonlinear-graph-robustness/results.csv,scenario-level inventory of target families with at least one non-inapplicable source row; no direction or effect implication
scenario_target_coverage|nonlinear-graph-robustness|graph|hairpin_metric_scaling||applicable_target_family_inventory|,scenario_target_coverage,nonlinear-graph-robustness,graph,hairpin_metric_scaling,metric_scaling,,applicable_target_family_inventory,,6,6,1,ok,metric_scaling,classical_mds_euclideanity_diagnostic;finite_training_graph_connectivity_diagnostic;finite_training_graph_disconnection_diagnostic;known_hairpin_pairwise_arc_separation;known_hairpin_path_underestimation_diagnostic;scoring_aligned_known_hairpin_arc_length,nonlinear-graph-robustness/results.csv,scenario-level inventory of target families with at least one non-inapplicable source row; no direction or effect implication
scenario_target_coverage|nonlinear-graph-robustness|graph|hairpin_nearly_complete||applicable_target_family_inventory|,scenario_target_coverage,nonlinear-graph-robustness,graph,hairpin_nearly_complete,neighborhood,,applicable_target_family_inventory,,6,6,1,ok,neighborhood,classical_mds_euclideanity_diagnostic;finite_training_graph_connectivity_diagnostic;finite_training_graph_disconnection_diagnostic;known_hairpin_pairwise_arc_separation;known_hairpin_path_underestimation_diagnostic;scoring_aligned_known_hairpin_arc_length,nonlinear-graph-robustness/results.csv,scenario-level inventory of target families with at least one non-inapplicable source row; no direction or effect implication
scenario_target_coverage|nonlinear-graph-robustness|graph|hairpin_nonuniform||applicable_target_family_inventory|,scenario_target_coverage,nonlinear-graph-robustness,graph,hairpin_nonuniform,nonuniform_density,,applicable_target_family_inventory,,6,6,1,ok,nonuniform_density,classical_mds_euclideanity_diagnostic;finite_training_graph_connectivity_diagnostic;finite_training_graph_disconnection_diagnostic;known_hairpin_pairwise_arc_separation;known_hairpin_path_underestimation_diagnostic;scoring_aligned_known_hairpin_arc_length,nonlinear-graph-robustness/results.csv,scenario-level inventory of target families with at least one non-inapplicable source row; no direction or effect implication
scenario_target_coverage|nonlinear-graph-robustness|graph|hairpin_reference||applicable_target_family_inventory|,scenario_target_coverage,nonlinear-graph-robustness,graph,hairpin_reference,reference,,applicable_target_family_inventory,,6,6,1,ok,reference,classical_mds_euclideanity_diagnostic;finite_training_graph_connectivity_diagnostic;finite_training_graph_disconnection_diagnostic;known_hairpin_pairwise_arc_separation;known_hairpin_path_underestimation_diagnostic;scoring_aligned_known_hairpin_arc_length,nonlinear-graph-robustness/results.csv,scenario-level inventory of target families with at least one non-inapplicable source row; no direction or effect implication
scenario_target_coverage|nonlinear-graph-robustness|graph|hairpin_shortcuts||applicable_target_family_inventory|,scenario_target_coverage,nonlinear-graph-robustness,graph,hairpin_shortcuts,shortcuts,,applicable_target_family_inventory,,6,6,1,ok,shortcuts,classical_mds_euclideanity_diagnostic;finite_training_graph_connectivity_diagnostic;finite_training_graph_disconnection_diagnostic;known_hairpin_pairwise_arc_separation;known_hairpin_path_underestimation_diagnostic;scoring_aligned_known_hairpin_arc_length,nonlinear-graph-robustness/results.csv,scenario-level inventory of target families with at least one non-inapplicable source row; no direction or effect implication
scenario_target_coverage|nonlinear-graph-robustness|graph|hairpin_sparse_gap||applicable_target_family_inventory|,scenario_target_coverage,nonlinear-graph-robustness,graph,hairpin_sparse_gap,sampling_gap,,applicable_target_family_inventory,,6,6,1,ok,sampling_gap,classical_mds_euclideanity_diagnostic;finite_training_graph_connectivity_diagnostic;finite_training_graph_disconnection_diagnostic;known_hairpin_pairwise_arc_separation;known_hairpin_path_underestimation_diagnostic;scoring_aligned_known_hairpin_arc_length,nonlinear-graph-robustness/results.csv,scenario-level inventory of target families with at least one non-inapplicable source row; no direction or effect implication
scenario_target_coverage|nonlinear-graph-robustness|reconstruction|high_curvature||applicable_target_family_inventory|,scenario_target_coverage,nonlinear-graph-robustness,reconstruction,high_curvature,curvature,,applicable_target_family_inventory,,7,7,1,ok,curvature,architecture_diagnostic;deterministic_test_code_activity;known_noiseless_test_signal;observed_test_reconstruction;scoring_only_generator_collision_diagnostic;scoring_only_generator_parameter;validation_selection_diagnostic,nonlinear-graph-robustness/results.csv,scenario-level inventory of target families with at least one non-inapplicable source row; no direction or effect implication
scenario_target_coverage|nonlinear-graph-robustness|reconstruction|high_variance_nuisance||applicable_target_family_inventory|,scenario_target_coverage,nonlinear-graph-robustness,reconstruction,high_variance_nuisance,nuisance,,applicable_target_family_inventory,,7,7,1,ok,nuisance,architecture_diagnostic;deterministic_test_code_activity;known_noiseless_test_signal;observed_test_reconstruction;scoring_only_generator_collision_diagnostic;scoring_only_generator_parameter;validation_selection_diagnostic,nonlinear-graph-robustness/results.csv,scenario-level inventory of target families with at least one non-inapplicable source row; no direction or effect implication
scenario_target_coverage|nonlinear-graph-robustness|reconstruction|low_curvature||applicable_target_family_inventory|,scenario_target_coverage,nonlinear-graph-robustness,reconstruction,low_curvature,curvature,,applicable_target_family_inventory,,7,7,1,ok,curvature,architecture_diagnostic;deterministic_test_code_activity;known_noiseless_test_signal;observed_test_reconstruction;scoring_only_generator_collision_diagnostic;scoring_only_generator_parameter;validation_selection_diagnostic,nonlinear-graph-robustness/results.csv,scenario-level inventory of target families with at least one non-inapplicable source row; no direction or effect implication
scenario_target_coverage|nonlinear-graph-robustness|reconstruction|moment_matched_gaussian||applicable_target_family_inventory|,scenario_target_coverage,nonlinear-graph-robustness,reconstruction,moment_matched_gaussian,support_family,,applicable_target_family_inventory,,4,4,1,ok,support_family,architecture_diagnostic;deterministic_test_code_activity;observed_test_reconstruction;validation_selection_diagnostic,nonlinear-graph-robustness/results.csv,scenario-level inventory of target families with at least one non-inapplicable source row; no direction or effect implication
scenario_target_coverage|nonlinear-graph-robustness|reconstruction|reference_curved||applicable_target_family_inventory|,scenario_target_coverage,nonlinear-graph-robustness,reconstruction,reference_curved,curvature,,applicable_target_family_inventory,,7,7,1,ok,curvature,architecture_diagnostic;deterministic_test_code_activity;known_noiseless_test_signal;observed_test_reconstruction;scoring_only_generator_collision_diagnostic;scoring_only_generator_parameter;validation_selection_diagnostic,nonlinear-graph-robustness/results.csv,scenario-level inventory of target families with at least one non-inapplicable source row; no direction or effect implication
scenario_target_coverage|nonlinear-graph-robustness|reconstruction|small_sample_high_capacity||applicable_target_family_inventory|,scenario_target_coverage,nonlinear-graph-robustness,reconstruction,small_sample_high_capacity,sample_capacity,,applicable_target_family_inventory,,7,7,1,ok,sample_capacity,architecture_diagnostic;deterministic_test_code_activity;known_noiseless_test_signal;observed_test_reconstruction;scoring_only_generator_collision_diagnostic;scoring_only_generator_parameter;validation_selection_diagnostic,nonlinear-graph-robustness/results.csv,scenario-level inventory of target families with at least one non-inapplicable source row; no direction or effect implication
scenario_target_coverage|nonlinear-graph-robustness|reconstruction|support_shift||applicable_target_family_inventory|,scenario_target_coverage,nonlinear-graph-robustness,reconstruction,support_shift,support_shift,,applicable_target_family_inventory,,7,7,1,ok,support_shift,architecture_diagnostic;deterministic_test_code_activity;known_noiseless_test_signal;observed_test_reconstruction;scoring_only_generator_collision_diagnostic;scoring_only_generator_parameter;validation_selection_diagnostic,nonlinear-graph-robustness/results.csv,scenario-level inventory of target families with at least one non-inapplicable source row; no direction or effect implication
scenario_target_coverage|static-linear-latent-robustness|static_linear_latent_recovery|correlated_residuals||applicable_target_family_inventory|,scenario_target_coverage,static-linear-latent-robustness,static_linear_latent_recovery,correlated_residuals,correlated_residuals,,applicable_target_family_inventory,,7,7,1,ok,correlated_residuals,bounded_fa_selection;diagonal_fa_identification_applicability;observable_covariance;observable_distribution;observed_coordinate_reconstruction;population_principal_subspace;true_common_signal,static-linear-latent-robustness/results.csv,scenario-level inventory of target families with at least one non-inapplicable source row; no direction or effect implication
scenario_target_coverage|static-linear-latent-robustness|static_linear_latent_recovery|heterogeneous_uniqueness||applicable_target_family_inventory|,scenario_target_coverage,static-linear-latent-robustness,static_linear_latent_recovery,heterogeneous_uniqueness,heterogeneous_uniqueness,,applicable_target_family_inventory,,9,9,1,ok,heterogeneous_uniqueness,bounded_fa_selection;diagonal_fa_identification_applicability;identified_diagonal_uniqueness;identified_true_common_loading_subspace;observable_covariance;observable_distribution;observed_coordinate_reconstruction;population_principal_subspace;true_common_signal,static-linear-latent-robustness/results.csv,scenario-level inventory of target families with at least one non-inapplicable source row; no direction or effect implication
scenario_target_coverage|static-linear-latent-robustness|static_linear_latent_recovery|high_nuisance||applicable_target_family_inventory|,scenario_target_coverage,static-linear-latent-robustness,static_linear_latent_recovery,high_nuisance,high_nuisance,,applicable_target_family_inventory,,9,9,1,ok,high_nuisance,bounded_fa_selection;diagonal_fa_identification_applicability;identified_diagonal_uniqueness;identified_true_common_loading_subspace;observable_covariance;observable_distribution;observed_coordinate_reconstruction;population_principal_subspace;true_common_signal,static-linear-latent-robustness/results.csv,scenario-level inventory of target families with at least one non-inapplicable source row; no direction or effect implication
scenario_target_coverage|static-linear-latent-robustness|static_linear_latent_recovery|large_sample||applicable_target_family_inventory|,scenario_target_coverage,static-linear-latent-robustness,static_linear_latent_recovery,large_sample,sample_size,,applicable_target_family_inventory,,9,9,1,ok,sample_size,bounded_fa_selection;diagonal_fa_identification_applicability;identified_diagonal_uniqueness;identified_true_common_loading_subspace;observable_covariance;observable_distribution;observed_coordinate_reconstruction;population_principal_subspace;true_common_signal,static-linear-latent-robustness/results.csv,scenario-level inventory of target families with at least one non-inapplicable source row; no direction or effect implication
scenario_target_coverage|static-linear-latent-robustness|static_linear_latent_recovery|near_zero_uniqueness||applicable_target_family_inventory|,scenario_target_coverage,static-linear-latent-robustness,static_linear_latent_recovery,near_zero_uniqueness,near_zero_uniqueness,,applicable_target_family_inventory,,9,9,1,ok,near_zero_uniqueness,bounded_fa_selection;diagonal_fa_identification_applicability;identified_diagonal_uniqueness;identified_true_common_loading_subspace;observable_covariance;observable_distribution;observed_coordinate_reconstruction;population_principal_subspace;true_common_signal,static-linear-latent-robustness/results.csv,scenario-level inventory of target families with at least one non-inapplicable source row; no direction or effect implication
scenario_target_coverage|static-linear-latent-robustness|static_linear_latent_recovery|outliers||applicable_target_family_inventory|,scenario_target_coverage,static-linear-latent-robustness,static_linear_latent_recovery,outliers,outliers,,applicable_target_family_inventory,,7,7,1,ok,outliers,bounded_fa_selection;contaminated_observation_gaussian_score;contaminated_observed_coordinate_reconstruction;diagonal_fa_identification_applicability;nominal_clean_gaussian_covariance;population_principal_subspace;true_common_signal,static-linear-latent-robustness/results.csv,scenario-level inventory of target families with at least one non-inapplicable source row; no direction or effect implication
scenario_target_coverage|static-linear-latent-robustness|static_linear_latent_recovery|preprocessing_leakage||applicable_target_family_inventory|,scenario_target_coverage,static-linear-latent-robustness,static_linear_latent_recovery,preprocessing_leakage,preprocessing_leakage,,applicable_target_family_inventory,,10,10,1,ok,preprocessing_leakage,bounded_fa_selection;diagonal_fa_identification_applicability;identified_diagonal_uniqueness;identified_true_common_loading_subspace;observable_covariance;observable_distribution;observed_coordinate_reconstruction;population_principal_subspace;preprocessing_leakage_diagnostic;true_common_signal,static-linear-latent-robustness/results.csv,scenario-level inventory of target families with at least one non-inapplicable source row; no direction or effect implication
scenario_target_coverage|static-linear-latent-robustness|static_linear_latent_recovery|reference||applicable_target_family_inventory|,scenario_target_coverage,static-linear-latent-robustness,static_linear_latent_recovery,reference,reference,,applicable_target_family_inventory,,9,9,1,ok,reference,bounded_fa_selection;diagonal_fa_identification_applicability;identified_diagonal_uniqueness;identified_true_common_loading_subspace;observable_covariance;observable_distribution;observed_coordinate_reconstruction;population_principal_subspace;true_common_signal,static-linear-latent-robustness/results.csv,scenario-level inventory of target families with at least one non-inapplicable source row; no direction or effect implication
scenario_target_coverage|static-linear-latent-robustness|static_linear_latent_recovery|repeated_signal||applicable_target_family_inventory|,scenario_target_coverage,static-linear-latent-robustness,static_linear_latent_recovery,repeated_signal,signal_eigenvalue_separation,,applicable_target_family_inventory,,9,9,1,ok,signal_eigenvalue_separation,bounded_fa_selection;diagonal_fa_identification_applicability;identified_diagonal_uniqueness;identified_true_common_loading_subspace;observable_covariance;observable_distribution;observed_coordinate_reconstruction;population_principal_subspace;true_common_signal,static-linear-latent-robustness/results.csv,scenario-level inventory of target families with at least one non-inapplicable source row; no direction or effect implication
scenario_target_coverage|static-linear-latent-robustness|static_linear_latent_recovery|small_sample||applicable_target_family_inventory|,scenario_target_coverage,static-linear-latent-robustness,static_linear_latent_recovery,small_sample,sample_size,,applicable_target_family_inventory,,9,9,1,ok,sample_size,bounded_fa_selection;diagonal_fa_identification_applicability;identified_diagonal_uniqueness;identified_true_common_loading_subspace;observable_covariance;observable_distribution;observed_coordinate_reconstruction;population_principal_subspace;true_common_signal,static-linear-latent-robustness/results.csv,scenario-level inventory of target families with at least one non-inapplicable source row; no direction or effect implication
scenario_target_coverage|static-linear-latent-robustness|static_linear_latent_recovery|weak_separation||applicable_target_family_inventory|,scenario_target_coverage,static-linear-latent-robustness,static_linear_latent_recovery,weak_separation,signal_eigenvalue_separation,,applicable_target_family_inventory,,9,9,1,ok,signal_eigenvalue_separation,bounded_fa_selection;diagonal_fa_identification_applicability;identified_diagonal_uniqueness;identified_true_common_loading_subspace;observable_covariance;observable_distribution;observed_coordinate_reconstruction;population_principal_subspace;true_common_signal,static-linear-latent-robustness/results.csv,scenario-level inventory of target families with at least one non-inapplicable source row; no direction or effect implication
scenario_target_coverage|temporal-covariance-inference|temporal_covariance_inference|alignment_jitter||applicable_target_family_inventory|,scenario_target_coverage,temporal-covariance-inference,temporal_covariance_inference,alignment_jitter,alignment_jitter,,applicable_target_family_inventory,,5,5,1,ok,alignment_jitter,latent_trajectory;loading_subspace;masked_observation_prediction;observation_distribution;timescale_selection,temporal-covariance-inference/results.csv,scenario-level inventory of target families with at least one non-inapplicable source row; no direction or effect implication
scenario_target_coverage|temporal-covariance-inference|temporal_covariance_inference|channel_mask||applicable_target_family_inventory|,scenario_target_coverage,temporal-covariance-inference,temporal_covariance_inference,channel_mask,channel_time_masks,,applicable_target_family_inventory,,6,6,1,ok,channel_time_masks,latent_trajectory;loading_subspace;masked_observation_prediction;numerical_posterior_oracle;observation_distribution;timescale_selection,temporal-covariance-inference/results.csv,scenario-level inventory of target families with at least one non-inapplicable source row; no direction or effect implication
scenario_target_coverage|temporal-covariance-inference|temporal_covariance_inference|close_timescales||applicable_target_family_inventory|,scenario_target_coverage,temporal-covariance-inference,temporal_covariance_inference,close_timescales,timescale_separation,,applicable_target_family_inventory,,6,6,1,ok,timescale_separation,latent_trajectory;loading_subspace;masked_observation_prediction;numerical_posterior_oracle;observation_distribution;timescale_selection,temporal-covariance-inference/results.csv,scenario-level inventory of target families with at least one non-inapplicable source row; no direction or effect implication
scenario_target_coverage|temporal-covariance-inference|temporal_covariance_inference|correlated_residuals||applicable_target_family_inventory|,scenario_target_coverage,temporal-covariance-inference,temporal_covariance_inference,correlated_residuals,correlated_residuals,,applicable_target_family_inventory,,5,5,1,ok,correlated_residuals,latent_trajectory;loading_subspace;masked_observation_prediction;observation_distribution;timescale_selection,temporal-covariance-inference/results.csv,scenario-level inventory of target families with at least one non-inapplicable source row; no direction or effect implication
scenario_target_coverage|temporal-covariance-inference|temporal_covariance_inference|equal_kernels||applicable_target_family_inventory|,scenario_target_coverage,temporal-covariance-inference,temporal_covariance_inference,equal_kernels,equal_kernels,,applicable_target_family_inventory,,6,6,1,ok,equal_kernels,latent_trajectory;loading_subspace;masked_observation_prediction;numerical_posterior_oracle;observation_distribution;timescale_selection,temporal-covariance-inference/results.csv,scenario-level inventory of target families with at least one non-inapplicable source row; no direction or effect implication
scenario_target_coverage|temporal-covariance-inference|temporal_covariance_inference|high_trial_count||applicable_target_family_inventory|,scenario_target_coverage,temporal-covariance-inference,temporal_covariance_inference,high_trial_count,trial_sample_size,,applicable_target_family_inventory,,6,6,1,ok,trial_sample_size,latent_trajectory;loading_subspace;masked_observation_prediction;numerical_posterior_oracle;observation_distribution;timescale_selection,temporal-covariance-inference/results.csv,scenario-level inventory of target families with at least one non-inapplicable source row; no direction or effect implication
scenario_target_coverage|temporal-covariance-inference|temporal_covariance_inference|informative_missingness||applicable_target_family_inventory|,scenario_target_coverage,temporal-covariance-inference,temporal_covariance_inference,informative_missingness,informative_missingness,,applicable_target_family_inventory,,5,5,1,ok,informative_missingness,latent_trajectory;loading_subspace;masked_observation_prediction;observation_distribution;timescale_selection,temporal-covariance-inference/results.csv,scenario-level inventory of target families with at least one non-inapplicable source row; no direction or effect implication
scenario_target_coverage|temporal-covariance-inference|temporal_covariance_inference|latent_changepoint||applicable_target_family_inventory|,scenario_target_coverage,temporal-covariance-inference,temporal_covariance_inference,latent_changepoint,changepoints,,applicable_target_family_inventory,,5,5,1,ok,changepoints,latent_trajectory;loading_subspace;masked_observation_prediction;observation_distribution;timescale_selection,temporal-covariance-inference/results.csv,scenario-level inventory of target families with at least one non-inapplicable source row; no direction or effect implication
scenario_target_coverage|temporal-covariance-inference|temporal_covariance_inference|low_rate_poisson||applicable_target_family_inventory|,scenario_target_coverage,temporal-covariance-inference,temporal_covariance_inference,low_rate_poisson,poisson_misspecification,,applicable_target_family_inventory,,5,5,1,ok,poisson_misspecification,latent_trajectory;loading_subspace;masked_observation_prediction;observation_distribution;timescale_selection,temporal-covariance-inference/results.csv,scenario-level inventory of target families with at least one non-inapplicable source row; no direction or effect implication
scenario_target_coverage|temporal-covariance-inference|temporal_covariance_inference|low_trial_count||applicable_target_family_inventory|,scenario_target_coverage,temporal-covariance-inference,temporal_covariance_inference,low_trial_count,trial_sample_size,,applicable_target_family_inventory,,6,6,1,ok,trial_sample_size,latent_trajectory;loading_subspace;masked_observation_prediction;numerical_posterior_oracle;observation_distribution;timescale_selection,temporal-covariance-inference/results.csv,scenario-level inventory of target families with at least one non-inapplicable source row; no direction or effect implication
scenario_target_coverage|temporal-covariance-inference|temporal_covariance_inference|reference_distinct||applicable_target_family_inventory|,scenario_target_coverage,temporal-covariance-inference,temporal_covariance_inference,reference_distinct,timescale_separation,,applicable_target_family_inventory,,6,6,1,ok,timescale_separation,latent_trajectory;loading_subspace;masked_observation_prediction;numerical_posterior_oracle;observation_distribution;timescale_selection,temporal-covariance-inference/results.csv,scenario-level inventory of target families with at least one non-inapplicable source row; no direction or effect implication
scenario_target_coverage|temporal-covariance-inference|temporal_covariance_inference|time_block_mask||applicable_target_family_inventory|,scenario_target_coverage,temporal-covariance-inference,temporal_covariance_inference,time_block_mask,channel_time_masks,,applicable_target_family_inventory,,6,6,1,ok,channel_time_masks,latent_trajectory;loading_subspace;masked_observation_prediction;numerical_posterior_oracle;observation_distribution;timescale_selection,temporal-covariance-inference/results.csv,scenario-level inventory of target families with at least one non-inapplicable source row; no direction or effect implication
